dataset,oversampling,classifier,fold,n_splits,oversample_time,train_time,n_resampled,minority_ratio,AUC,PR_AUC,F1,Precision,Recall,condition,target_ratio
pima_diabetes,None,RF,0,5,0.0,0.186997652053833,614,0.3485342019543974,0.8585185185185185,0.6816120581458174,0.7476635514018692,0.7547169811320755,0.7407407407407407,C0_fixed0.50,
pima_diabetes,None,LGBM,0,5,0.0,0.05100059509277344,614,0.3485342019543974,0.8381481481481481,0.6693320636412334,0.7008547008547008,0.6507936507936508,0.7592592592592593,C0_fixed0.50,
pima_diabetes,None,MLP,0,5,0.0,1.2162268161773682,614,0.3485342019543974,0.8120370370370371,0.5984296216996448,0.6019417475728156,0.6326530612244898,0.5740740740740741,C0_fixed0.50,
pima_diabetes,None,RF,1,5,0.0,0.1927051544189453,614,0.3485342019543974,0.8551851851851852,0.7454766700587823,0.6481481481481481,0.6481481481481481,0.6481481481481481,C0_fixed0.50,
pima_diabetes,None,LGBM,1,5,0.0,0.04599952697753906,614,0.3485342019543974,0.8390740740740741,0.7247982746601734,0.6728971962616822,0.6792452830188679,0.6666666666666666,C0_fixed0.50,
pima_diabetes,None,MLP,1,5,0.0,1.2405779361724854,614,0.3485342019543974,0.8022222222222223,0.6518024326278684,0.6666666666666666,0.6862745098039216,0.6481481481481481,C0_fixed0.50,
pima_diabetes,None,RF,2,5,0.0,0.2070915699005127,614,0.3485342019543974,0.8227777777777777,0.7106883046657668,0.6902654867256637,0.6610169491525424,0.7222222222222222,C0_fixed0.50,
pima_diabetes,None,LGBM,2,5,0.0,0.04399919509887695,614,0.3485342019543974,0.8077777777777778,0.6761702900105812,0.6434782608695653,0.6065573770491803,0.6851851851851852,C0_fixed0.50,
pima_diabetes,None,MLP,2,5,0.0,1.2360002994537354,614,0.3485342019543974,0.7340740740740741,0.606882323618706,0.576923076923077,0.6,0.5555555555555556,C0_fixed0.50,
pima_diabetes,None,RF,3,5,0.0,0.18831658363342285,615,0.34959349593495936,0.8120754716981132,0.6829115149358356,0.6909090909090909,0.6666666666666666,0.7169811320754716,C0_fixed0.50,
pima_diabetes,None,LGBM,3,5,0.0,0.03800034523010254,615,0.34959349593495936,0.7939622641509434,0.6063354989871512,0.672566371681416,0.6333333333333333,0.7169811320754716,C0_fixed0.50,
pima_diabetes,None,MLP,3,5,0.0,1.265000343322754,615,0.34959349593495936,0.7815094339622642,0.6515485430127395,0.58,0.6170212765957447,0.5471698113207547,C0_fixed0.50,
pima_diabetes,None,RF,4,5,0.0,0.1946878433227539,615,0.34959349593495936,0.7975471698113208,0.6819070051978152,0.6495726495726496,0.59375,0.7169811320754716,C0_fixed0.50,
pima_diabetes,None,LGBM,4,5,0.0,0.03599977493286133,615,0.34959349593495936,0.7628301886792453,0.65949202222321,0.5925925925925926,0.5818181818181818,0.6037735849056604,C0_fixed0.50,
pima_diabetes,None,MLP,4,5,0.0,1.2420001029968262,615,0.34959349593495936,0.7581132075471698,0.5704246555179784,0.5504587155963302,0.5357142857142857,0.5660377358490566,C0_fixed0.50,
pima_diabetes,SMOTE,RF,0,5,0.0019998550415039062,0.1918034553527832,800,0.5,0.8487037037037037,0.6625126168376867,0.7272727272727273,0.6567164179104478,0.8148148148148148,C0_fixed0.50,0.5
pima_diabetes,SMOTE,LGBM,0,5,0.0019998550415039062,0.046999454498291016,800,0.5,0.8105555555555555,0.6130875086716846,0.6379310344827587,0.5967741935483871,0.6851851851851852,C0_fixed0.50,0.5
pima_diabetes,SMOTE,MLP,0,5,0.0019998550415039062,1.511000156402588,800,0.5,0.792962962962963,0.5880511451800222,0.6095238095238096,0.6274509803921569,0.5925925925925926,C0_fixed0.50,0.5
pima_diabetes,SMOTE,RF,1,5,0.0009999275207519531,0.2420024871826172,800,0.5,0.8529629629629629,0.7508020791125515,0.6972477064220184,0.6909090909090909,0.7037037037037037,C0_fixed0.50,0.5
pima_diabetes,SMOTE,LGBM,1,5,0.0009999275207519531,0.07399868965148926,800,0.5,0.8535185185185186,0.7577462003168671,0.6923076923076923,0.72,0.6666666666666666,C0_fixed0.50,0.5
pima_diabetes,SMOTE,MLP,1,5,0.0009999275207519531,1.5629994869232178,800,0.5,0.8012962962962963,0.6902053764097269,0.6792452830188679,0.6923076923076923,0.6666666666666666,C0_fixed0.50,0.5
pima_diabetes,SMOTE,RF,2,5,0.0009987354278564453,0.1960005760192871,800,0.5,0.8185185185185185,0.6909486336367778,0.6491228070175439,0.6166666666666667,0.6851851851851852,C0_fixed0.50,0.5
pima_diabetes,SMOTE,LGBM,2,5,0.0009987354278564453,0.04400014877319336,800,0.5,0.797962962962963,0.6660314888200509,0.6363636363636364,0.625,0.6481481481481481,C0_fixed0.50,0.5
pima_diabetes,SMOTE,MLP,2,5,0.0009987354278564453,1.551999807357788,800,0.5,0.7335185185185186,0.6424248571157312,0.5321100917431193,0.5272727272727272,0.5370370370370371,C0_fixed0.50,0.5
pima_diabetes,SMOTE,RF,3,5,0.0010004043579101562,0.2030024528503418,800,0.5,0.8066037735849056,0.6642932250225974,0.672566371681416,0.6333333333333333,0.7169811320754716,C0_fixed0.50,0.5
pima_diabetes,SMOTE,LGBM,3,5,0.0010004043579101562,0.04400014877319336,800,0.5,0.790188679245283,0.6015875022256909,0.6306306306306305,0.603448275862069,0.660377358490566,C0_fixed0.50,0.5
pima_diabetes,SMOTE,MLP,3,5,0.0010004043579101562,1.6130001544952393,800,0.5,0.7709433962264152,0.6729566478161608,0.6226415094339622,0.6226415094339622,0.6226415094339622,C0_fixed0.50,0.5
pima_diabetes,SMOTE,RF,4,5,0.002001047134399414,0.24200081825256348,800,0.5,0.8011320754716982,0.6927790416317475,0.656,0.5694444444444444,0.7735849056603774,C0_fixed0.50,0.5
pima_diabetes,SMOTE,LGBM,4,5,0.002001047134399414,0.06199765205383301,800,0.5,0.7635849056603774,0.6411688377323859,0.6213592233009708,0.64,0.6037735849056604,C0_fixed0.50,0.5
pima_diabetes,SMOTE,MLP,4,5,0.002001047134399414,1.580000638961792,800,0.5,0.7218867924528302,0.5431926687104454,0.5242718446601942,0.54,0.5094339622641509,C0_fixed0.50,0.5
pima_diabetes,ADASYN,RF,0,5,0.0029997825622558594,0.20815014839172363,788,0.49238578680203043,0.8503703703703703,0.6719986304522558,0.7479674796747967,0.6666666666666666,0.8518518518518519,C0_fixed0.50,0.5
pima_diabetes,ADASYN,LGBM,0,5,0.0029997825622558594,0.061998844146728516,788,0.49238578680203043,0.8224074074074075,0.6319815397162226,0.7107438016528925,0.6417910447761194,0.7962962962962963,C0_fixed0.50,0.5
pima_diabetes,ADASYN,MLP,0,5,0.0029997825622558594,1.5309998989105225,788,0.49238578680203043,0.7835185185185185,0.5710559402676688,0.6055045871559633,0.6,0.6111111111111112,C0_fixed0.50,0.5
pima_diabetes,ADASYN,RF,1,5,0.003000020980834961,0.2129979133605957,782,0.4884910485933504,0.8448148148148148,0.726787193314319,0.6785714285714286,0.6551724137931034,0.7037037037037037,C0_fixed0.50,0.5
pima_diabetes,ADASYN,LGBM,1,5,0.003000020980834961,0.04999876022338867,782,0.4884910485933504,0.8483333333333334,0.7574960973133648,0.6972477064220184,0.6909090909090909,0.7037037037037037,C0_fixed0.50,0.5
pima_diabetes,ADASYN,MLP,1,5,0.003000020980834961,1.518019199371338,782,0.4884910485933504,0.7664814814814815,0.6195514800005013,0.616822429906542,0.6226415094339622,0.6111111111111112,C0_fixed0.50,0.5
pima_diabetes,ADASYN,RF,2,5,0.003000020980834961,0.20714473724365234,799,0.49937421777221525,0.8103703703703704,0.6599957941088452,0.6611570247933883,0.5970149253731343,0.7407407407407407,C0_fixed0.50,0.5
pima_diabetes,ADASYN,LGBM,2,5,0.003000020980834961,0.04700112342834473,799,0.49937421777221525,0.7959259259259258,0.660342646194808,0.6206896551724138,0.5806451612903226,0.6666666666666666,C0_fixed0.50,0.5
pima_diabetes,ADASYN,MLP,2,5,0.003000020980834961,1.5090000629425049,799,0.49937421777221525,0.7398148148148147,0.6204824199527442,0.5660377358490566,0.5769230769230769,0.5555555555555556,C0_fixed0.50,0.5
pima_diabetes,ADASYN,RF,3,5,0.0029993057250976562,0.20399832725524902,789,0.49302915082382764,0.8145283018867924,0.6588289254145363,0.7058823529411764,0.6363636363636364,0.7924528301886793,C0_fixed0.50,0.5
pima_diabetes,ADASYN,LGBM,3,5,0.0029993057250976562,0.05500006675720215,789,0.49302915082382764,0.790188679245283,0.6314890365463987,0.6491228070175438,0.6065573770491803,0.6981132075471698,C0_fixed0.50,0.5
pima_diabetes,ADASYN,MLP,3,5,0.0029993057250976562,1.517000436782837,789,0.49302915082382764,0.7543396226415096,0.6590795405261916,0.5925925925925926,0.5818181818181818,0.6037735849056604,C0_fixed0.50,0.5
pima_diabetes,ADASYN,RF,4,5,0.003000020980834961,0.21200084686279297,787,0.49174078780177893,0.7888679245283019,0.6886173724000889,0.6456692913385828,0.5540540540540541,0.7735849056603774,C0_fixed0.50,0.5
pima_diabetes,ADASYN,LGBM,4,5,0.003000020980834961,0.04599928855895996,787,0.49174078780177893,0.7709433962264152,0.6761204577345186,0.5714285714285714,0.5423728813559322,0.6037735849056604,C0_fixed0.50,0.5
pima_diabetes,ADASYN,MLP,4,5,0.003000020980834961,1.517000675201416,787,0.49174078780177893,0.7184905660377359,0.5534818829475733,0.5517241379310345,0.5079365079365079,0.6037735849056604,C0_fixed0.50,0.5
pima_diabetes,G-SMOTE,RF,0,5,0.40199947357177734,0.2239060401916504,800,0.5,0.8577777777777778,0.675967613775717,0.7079646017699114,0.6779661016949152,0.7407407407407407,C0_fixed0.50,0.5
pima_diabetes,G-SMOTE,LGBM,0,5,0.40199947357177734,0.046999454498291016,800,0.5,0.8168518518518517,0.6220895188207536,0.6782608695652174,0.639344262295082,0.7222222222222222,C0_fixed0.50,0.5
pima_diabetes,G-SMOTE,MLP,0,5,0.40199947357177734,1.5780014991760254,800,0.5,0.7859259259259259,0.5719131044050814,0.6306306306306307,0.6140350877192983,0.6481481481481481,C0_fixed0.50,0.5
pima_diabetes,G-SMOTE,RF,1,5,0.3119988441467285,0.23000073432922363,800,0.5,0.8446296296296295,0.7035765838504492,0.6842105263157895,0.65,0.7222222222222222,C0_fixed0.50,0.5
pima_diabetes,G-SMOTE,LGBM,1,5,0.3119988441467285,0.06299996376037598,800,0.5,0.8512962962962963,0.711181677017212,0.6972477064220184,0.6909090909090909,0.7037037037037037,C0_fixed0.50,0.5
pima_diabetes,G-SMOTE,MLP,1,5,0.3119988441467285,1.5750010013580322,800,0.5,0.7794444444444445,0.6367046090269148,0.6851851851851852,0.6851851851851852,0.6851851851851852,C0_fixed0.50,0.5
pima_diabetes,G-SMOTE,RF,2,5,0.28799986839294434,0.22255778312683105,800,0.5,0.8103703703703703,0.6772159623928731,0.6491228070175439,0.6166666666666667,0.6851851851851852,C0_fixed0.50,0.5
pima_diabetes,G-SMOTE,LGBM,2,5,0.28799986839294434,0.05299997329711914,800,0.5,0.7851851851851851,0.6525305916453085,0.6055045871559633,0.6,0.6111111111111112,C0_fixed0.50,0.5
pima_diabetes,G-SMOTE,MLP,2,5,0.28799986839294434,1.5250003337860107,800,0.5,0.740925925925926,0.6260340357669264,0.5892857142857143,0.5689655172413793,0.6111111111111112,C0_fixed0.50,0.5
pima_diabetes,G-SMOTE,RF,3,5,0.3209998607635498,0.23667073249816895,800,0.5,0.8118867924528301,0.6421820470351096,0.6964285714285713,0.6610169491525424,0.7358490566037735,C0_fixed0.50,0.5
pima_diabetes,G-SMOTE,LGBM,3,5,0.3209998607635498,0.05800032615661621,800,0.5,0.7984905660377358,0.6252353977473153,0.6545454545454544,0.631578947368421,0.6792452830188679,C0_fixed0.50,0.5
pima_diabetes,G-SMOTE,MLP,3,5,0.3209998607635498,1.5969994068145752,800,0.5,0.7433962264150943,0.6205070340024276,0.576923076923077,0.5882352941176471,0.5660377358490566,C0_fixed0.50,0.5
pima_diabetes,G-SMOTE,RF,4,5,0.36999988555908203,0.22500061988830566,800,0.5,0.7977358490566038,0.6723913578651355,0.6610169491525424,0.6,0.7358490566037735,C0_fixed0.50,0.5
pima_diabetes,G-SMOTE,LGBM,4,5,0.36999988555908203,0.05200028419494629,800,0.5,0.749056603773585,0.6381377812759803,0.5233644859813084,0.5185185185185185,0.5283018867924528,C0_fixed0.50,0.5
pima_diabetes,G-SMOTE,MLP,4,5,0.36999988555908203,1.5510003566741943,800,0.5,0.7277358490566038,0.5502799191040146,0.5555555555555556,0.5454545454545454,0.5660377358490566,C0_fixed0.50,0.5
pima_diabetes,CTGAN,RF,0,5,3.5418648719787598,0.20839715003967285,800,0.5,0.8224074074074075,0.6653014046872414,0.6428571428571429,0.6206896551724138,0.6666666666666666,C0_fixed0.50,0.5
pima_diabetes,CTGAN,LGBM,0,5,3.5418648719787598,0.04799985885620117,800,0.5,0.7992592592592593,0.6266279249560218,0.6428571428571429,0.6206896551724138,0.6666666666666666,C0_fixed0.50,0.5
pima_diabetes,CTGAN,MLP,0,5,3.5418648719787598,1.5500011444091797,800,0.5,0.7712962962962963,0.5723853318974971,0.6440677966101694,0.59375,0.7037037037037037,C0_fixed0.50,0.5
pima_diabetes,CTGAN,RF,1,5,1.6340022087097168,0.19099807739257812,800,0.5,0.8575925925925926,0.7940569107699473,0.6796116504854369,0.7142857142857143,0.6481481481481481,C0_fixed0.50,0.5
pima_diabetes,CTGAN,LGBM,1,5,1.6340022087097168,0.054000139236450195,800,0.5,0.8383333333333334,0.7041736076725604,0.6666666666666666,0.6862745098039216,0.6481481481481481,C0_fixed0.50,0.5
pima_diabetes,CTGAN,MLP,1,5,1.6340022087097168,1.5119986534118652,800,0.5,0.7964814814814816,0.631165171310936,0.6346153846153846,0.66,0.6111111111111112,C0_fixed0.50,0.5
pima_diabetes,CTGAN,RF,2,5,2.143512487411499,0.2049999237060547,800,0.5,0.8350000000000001,0.7122237448777758,0.6788990825688074,0.6727272727272727,0.6851851851851852,C0_fixed0.50,0.5
pima_diabetes,CTGAN,LGBM,2,5,2.143512487411499,0.05199885368347168,800,0.5,0.832037037037037,0.7256343598492472,0.6788990825688074,0.6727272727272727,0.6851851851851852,C0_fixed0.50,0.5
pima_diabetes,CTGAN,MLP,2,5,2.143512487411499,1.567000150680542,800,0.5,0.7842592592592592,0.6870662167314013,0.625,0.603448275862069,0.6481481481481481,C0_fixed0.50,0.5
pima_diabetes,CTGAN,RF,3,5,2.0775084495544434,0.20399951934814453,800,0.5,0.7950943396226415,0.6161174245001602,0.5904761904761905,0.5961538461538461,0.5849056603773585,C0_fixed0.50,0.5
pima_diabetes,CTGAN,LGBM,3,5,2.0775084495544434,0.0559999942779541,800,0.5,0.7879245283018868,0.5957858681095338,0.6415094339622641,0.6415094339622641,0.6415094339622641,C0_fixed0.50,0.5
pima_diabetes,CTGAN,MLP,3,5,2.0775084495544434,1.5990006923675537,800,0.5,0.7216981132075472,0.6365550303832846,0.5794392523364486,0.5740740740740741,0.5849056603773585,C0_fixed0.50,0.5
pima_diabetes,CTGAN,RF,4,5,2.034593105316162,0.1979978084564209,800,0.5,0.7605660377358492,0.6219701733602144,0.5517241379310345,0.5079365079365079,0.6037735849056604,C0_fixed0.50,0.5
pima_diabetes,CTGAN,LGBM,4,5,2.034593105316162,0.04099893569946289,800,0.5,0.7620754716981132,0.6583218993189723,0.611111111111111,0.6,0.6226415094339622,C0_fixed0.50,0.5
pima_diabetes,CTGAN,MLP,4,5,2.034593105316162,1.5950002670288086,800,0.5,0.709622641509434,0.5019488147922538,0.4912280701754386,0.45901639344262296,0.5283018867924528,C0_fixed0.50,0.5
pima_diabetes,TVAE,RF,0,5,1.4130699634552002,0.18800020217895508,800,0.5,0.8566666666666667,0.6838251654468651,0.6972477064220184,0.6909090909090909,0.7037037037037037,C0_fixed0.50,0.5
pima_diabetes,TVAE,LGBM,0,5,1.4130699634552002,0.06500077247619629,800,0.5,0.8312962962962962,0.6546550202347069,0.6481481481481481,0.6481481481481481,0.6481481481481481,C0_fixed0.50,0.5
pima_diabetes,TVAE,MLP,0,5,1.4130699634552002,1.528000831604004,800,0.5,0.7846296296296296,0.559760373864771,0.6724137931034483,0.6290322580645161,0.7222222222222222,C0_fixed0.50,0.5
pima_diabetes,TVAE,RF,1,5,1.3825197219848633,0.19899749755859375,800,0.5,0.8305555555555556,0.6814564703333452,0.6095238095238096,0.6274509803921569,0.5925925925925926,C0_fixed0.50,0.5
pima_diabetes,TVAE,LGBM,1,5,1.3825197219848633,0.057999372482299805,800,0.5,0.837037037037037,0.6936602193869307,0.6407766990291262,0.673469387755102,0.6111111111111112,C0_fixed0.50,0.5
pima_diabetes,TVAE,MLP,1,5,1.3825197219848633,1.534663200378418,800,0.5,0.803888888888889,0.656799000082044,0.6481481481481481,0.6481481481481481,0.6481481481481481,C0_fixed0.50,0.5
pima_diabetes,TVAE,RF,2,5,1.5302233695983887,0.19700145721435547,800,0.5,0.8194444444444444,0.7057463343831127,0.6909090909090909,0.6785714285714286,0.7037037037037037,C0_fixed0.50,0.5
pima_diabetes,TVAE,LGBM,2,5,1.5302233695983887,0.057000160217285156,800,0.5,0.7964814814814815,0.6545155389144726,0.6851851851851852,0.6851851851851852,0.6851851851851852,C0_fixed0.50,0.5
pima_diabetes,TVAE,MLP,2,5,1.5302233695983887,1.500000238418579,800,0.5,0.7383333333333333,0.6228770781322833,0.5818181818181818,0.5714285714285714,0.5925925925925926,C0_fixed0.50,0.5
pima_diabetes,TVAE,RF,3,5,1.4729728698730469,0.19000005722045898,800,0.5,0.8216981132075472,0.6329764688443624,0.6666666666666666,0.6545454545454545,0.6792452830188679,C0_fixed0.50,0.5
pima_diabetes,TVAE,LGBM,3,5,1.4729728698730469,0.04700136184692383,800,0.5,0.800377358490566,0.6091995735079645,0.6542056074766356,0.6481481481481481,0.660377358490566,C0_fixed0.50,0.5
pima_diabetes,TVAE,MLP,3,5,1.4729728698730469,1.5359981060028076,800,0.5,0.7920754716981132,0.669996251085339,0.6422018348623852,0.625,0.660377358490566,C0_fixed0.50,0.5
pima_diabetes,TVAE,RF,4,5,1.3965344429016113,0.2070002555847168,800,0.5,0.7562264150943396,0.5717284159871493,0.6115702479338843,0.5441176470588235,0.6981132075471698,C0_fixed0.50,0.5
pima_diabetes,TVAE,LGBM,4,5,1.3965344429016113,0.042998552322387695,800,0.5,0.7556603773584906,0.6274724249555349,0.5631067961165048,0.58,0.5471698113207547,C0_fixed0.50,0.5
pima_diabetes,TVAE,MLP,4,5,1.3965344429016113,1.510000467300415,800,0.5,0.699811320754717,0.47558600431305154,0.5785123966942147,0.5147058823529411,0.660377358490566,C0_fixed0.50,0.5
pima_diabetes,GMMSampling,RF,0,5,0.7875497341156006,0.2259998321533203,613,0.499184339314845,0.8468518518518519,0.6639710277738429,0.7014925373134329,0.5875,0.8703703703703703,C0_fixed0.50,
pima_diabetes,GMMSampling,LGBM,0,5,0.7875497341156006,0.04900074005126953,613,0.499184339314845,0.8235185185185185,0.6685862921185259,0.6865671641791045,0.575,0.8518518518518519,C0_fixed0.50,
pima_diabetes,GMMSampling,MLP,0,5,0.7875497341156006,1.2650010585784912,613,0.499184339314845,0.797037037037037,0.6442235477530884,0.6716417910447761,0.5625,0.8333333333333334,C0_fixed0.50,
pima_diabetes,GMMSampling,RF,1,5,0.875999927520752,0.2480013370513916,613,0.499184339314845,0.8612962962962963,0.7355306812994126,0.6837606837606837,0.6349206349206349,0.7407407407407407,C0_fixed0.50,
pima_diabetes,GMMSampling,LGBM,1,5,0.875999927520752,0.051999568939208984,613,0.499184339314845,0.8675925925925926,0.7877404354404187,0.7130434782608696,0.6721311475409836,0.7592592592592593,C0_fixed0.50,
pima_diabetes,GMMSampling,MLP,1,5,0.875999927520752,1.2580006122589111,613,0.499184339314845,0.8411111111111111,0.7370766341402523,0.7000000000000001,0.6363636363636364,0.7777777777777778,C0_fixed0.50,
pima_diabetes,GMMSampling,RF,2,5,0.7615396976470947,0.3030359745025635,613,0.499184339314845,0.8107407407407408,0.7167942633359943,0.6307692307692309,0.5394736842105263,0.7592592592592593,C0_fixed0.50,
pima_diabetes,GMMSampling,LGBM,2,5,0.7615396976470947,0.04200005531311035,613,0.499184339314845,0.8103703703703704,0.7251583690341521,0.6504065040650405,0.5797101449275363,0.7407407407407407,C0_fixed0.50,
pima_diabetes,GMMSampling,MLP,2,5,0.7615396976470947,1.2760004997253418,613,0.499184339314845,0.7851851851851851,0.6877619789090601,0.6187050359712231,0.5058823529411764,0.7962962962962963,C0_fixed0.50,
pima_diabetes,GMMSampling,RF,3,5,0.734999418258667,0.2240133285522461,613,0.499184339314845,0.8252830188679244,0.7214225598724827,0.6991869918699187,0.6142857142857143,0.8113207547169812,C0_fixed0.50,
pima_diabetes,GMMSampling,LGBM,3,5,0.734999418258667,0.044960975646972656,613,0.499184339314845,0.8160377358490566,0.7037676680172439,0.6721311475409837,0.5942028985507246,0.7735849056603774,C0_fixed0.50,
pima_diabetes,GMMSampling,MLP,3,5,0.734999418258667,1.2599990367889404,613,0.499184339314845,0.8054716981132076,0.6954550352356124,0.6370370370370371,0.524390243902439,0.8113207547169812,C0_fixed0.50,
pima_diabetes,GMMSampling,RF,4,5,0.7969992160797119,0.22750043869018555,613,0.499184339314845,0.790188679245283,0.6432430802205453,0.624113475177305,0.5,0.8301886792452831,C0_fixed0.50,
pima_diabetes,GMMSampling,LGBM,4,5,0.7969992160797119,0.03899979591369629,613,0.499184339314845,0.779433962264151,0.692770671292088,0.6153846153846154,0.5194805194805194,0.7547169811320755,C0_fixed0.50,
pima_diabetes,GMMSampling,MLP,4,5,0.7969992160797119,1.2720019817352295,613,0.499184339314845,0.7915094339622641,0.6602148460404431,0.6187050359712231,0.5,0.8113207547169812,C0_fixed0.50,
pima_diabetes,SMOTE,RF,0,5,0.0,0.19554662704467773,614,0.3485342019543974,0.8585185185185185,0.6816120581458174,0.7476635514018692,0.7547169811320755,0.7407407407407407,C1_grid,0.2
pima_diabetes,SMOTE,LGBM,0,5,0.0,0.04200029373168945,614,0.3485342019543974,0.8381481481481481,0.6693320636412334,0.7008547008547008,0.6507936507936508,0.7592592592592593,C1_grid,0.2
pima_diabetes,SMOTE,MLP,0,5,0.0,1.2730019092559814,614,0.3485342019543974,0.8120370370370371,0.5984296216996448,0.6019417475728156,0.6326530612244898,0.5740740740740741,C1_grid,0.2
pima_diabetes,SMOTE,RF,1,5,0.0,0.21500158309936523,614,0.3485342019543974,0.8551851851851852,0.7454766700587823,0.6481481481481481,0.6481481481481481,0.6481481481481481,C1_grid,0.2
pima_diabetes,SMOTE,LGBM,1,5,0.0,0.04800152778625488,614,0.3485342019543974,0.8390740740740741,0.7247982746601734,0.6728971962616822,0.6792452830188679,0.6666666666666666,C1_grid,0.2
pima_diabetes,SMOTE,MLP,1,5,0.0,1.268000841140747,614,0.3485342019543974,0.8022222222222223,0.6518024326278684,0.6666666666666666,0.6862745098039216,0.6481481481481481,C1_grid,0.2
pima_diabetes,SMOTE,RF,2,5,0.0,0.2140200138092041,614,0.3485342019543974,0.8227777777777777,0.7106883046657668,0.6902654867256637,0.6610169491525424,0.7222222222222222,C1_grid,0.2
pima_diabetes,SMOTE,LGBM,2,5,0.0,0.038999080657958984,614,0.3485342019543974,0.8077777777777778,0.6761702900105812,0.6434782608695653,0.6065573770491803,0.6851851851851852,C1_grid,0.2
pima_diabetes,SMOTE,MLP,2,5,0.0,1.255000114440918,614,0.3485342019543974,0.7340740740740741,0.606882323618706,0.576923076923077,0.6,0.5555555555555556,C1_grid,0.2
pima_diabetes,SMOTE,RF,3,5,0.0,0.20600008964538574,615,0.34959349593495936,0.8120754716981132,0.6829115149358356,0.6909090909090909,0.6666666666666666,0.7169811320754716,C1_grid,0.2
pima_diabetes,SMOTE,LGBM,3,5,0.0,0.04400038719177246,615,0.34959349593495936,0.7939622641509434,0.6063354989871512,0.672566371681416,0.6333333333333333,0.7169811320754716,C1_grid,0.2
pima_diabetes,SMOTE,MLP,3,5,0.0,1.25700044631958,615,0.34959349593495936,0.7815094339622642,0.6515485430127395,0.58,0.6170212765957447,0.5471698113207547,C1_grid,0.2
pima_diabetes,SMOTE,RF,4,5,0.0,0.2050001621246338,615,0.34959349593495936,0.7975471698113208,0.6819070051978152,0.6495726495726496,0.59375,0.7169811320754716,C1_grid,0.2
pima_diabetes,SMOTE,LGBM,4,5,0.0,0.04199981689453125,615,0.34959349593495936,0.7628301886792453,0.65949202222321,0.5925925925925926,0.5818181818181818,0.6037735849056604,C1_grid,0.2
pima_diabetes,SMOTE,MLP,4,5,0.0,1.266000509262085,615,0.34959349593495936,0.7581132075471698,0.5704246555179784,0.5504587155963302,0.5357142857142857,0.5660377358490566,C1_grid,0.2
pima_diabetes,SMOTE,RF,0,5,0.0,0.2109994888305664,614,0.3485342019543974,0.8585185185185185,0.6816120581458174,0.7476635514018692,0.7547169811320755,0.7407407407407407,C1_grid,0.3
pima_diabetes,SMOTE,LGBM,0,5,0.0,0.03499913215637207,614,0.3485342019543974,0.8381481481481481,0.6693320636412334,0.7008547008547008,0.6507936507936508,0.7592592592592593,C1_grid,0.3
pima_diabetes,SMOTE,MLP,0,5,0.0,1.268000602722168,614,0.3485342019543974,0.8120370370370371,0.5984296216996448,0.6019417475728156,0.6326530612244898,0.5740740740740741,C1_grid,0.3
pima_diabetes,SMOTE,RF,1,5,0.0,0.19499969482421875,614,0.3485342019543974,0.8551851851851852,0.7454766700587823,0.6481481481481481,0.6481481481481481,0.6481481481481481,C1_grid,0.3
pima_diabetes,SMOTE,LGBM,1,5,0.0,0.034999847412109375,614,0.3485342019543974,0.8390740740740741,0.7247982746601734,0.6728971962616822,0.6792452830188679,0.6666666666666666,C1_grid,0.3
pima_diabetes,SMOTE,MLP,1,5,0.0,1.26900053024292,614,0.3485342019543974,0.8022222222222223,0.6518024326278684,0.6666666666666666,0.6862745098039216,0.6481481481481481,C1_grid,0.3
pima_diabetes,SMOTE,RF,2,5,0.0,0.2039964199066162,614,0.3485342019543974,0.8227777777777777,0.7106883046657668,0.6902654867256637,0.6610169491525424,0.7222222222222222,C1_grid,0.3
pima_diabetes,SMOTE,LGBM,2,5,0.0,0.04699897766113281,614,0.3485342019543974,0.8077777777777778,0.6761702900105812,0.6434782608695653,0.6065573770491803,0.6851851851851852,C1_grid,0.3
pima_diabetes,SMOTE,MLP,2,5,0.0,1.2580032348632812,614,0.3485342019543974,0.7340740740740741,0.606882323618706,0.576923076923077,0.6,0.5555555555555556,C1_grid,0.3
pima_diabetes,SMOTE,RF,3,5,0.0,0.19099783897399902,615,0.34959349593495936,0.8120754716981132,0.6829115149358356,0.6909090909090909,0.6666666666666666,0.7169811320754716,C1_grid,0.3
pima_diabetes,SMOTE,LGBM,3,5,0.0,0.03499865531921387,615,0.34959349593495936,0.7939622641509434,0.6063354989871512,0.672566371681416,0.6333333333333333,0.7169811320754716,C1_grid,0.3
pima_diabetes,SMOTE,MLP,3,5,0.0,1.2590007781982422,615,0.34959349593495936,0.7815094339622642,0.6515485430127395,0.58,0.6170212765957447,0.5471698113207547,C1_grid,0.3
pima_diabetes,SMOTE,RF,4,5,0.0,0.18856382369995117,615,0.34959349593495936,0.7975471698113208,0.6819070051978152,0.6495726495726496,0.59375,0.7169811320754716,C1_grid,0.3
pima_diabetes,SMOTE,LGBM,4,5,0.0,0.03400063514709473,615,0.34959349593495936,0.7628301886792453,0.65949202222321,0.5925925925925926,0.5818181818181818,0.6037735849056604,C1_grid,0.3
pima_diabetes,SMOTE,MLP,4,5,0.0,1.246999740600586,615,0.34959349593495936,0.7581132075471698,0.5704246555179784,0.5504587155963302,0.5357142857142857,0.5660377358490566,C1_grid,0.3
pima_diabetes,SMOTE,RF,0,5,0.0009999275207519531,0.19500017166137695,666,0.3993993993993994,0.8588888888888888,0.685040077971054,0.6842105263157895,0.65,0.7222222222222222,C1_grid,0.4
pima_diabetes,SMOTE,LGBM,0,5,0.0009999275207519531,0.04200029373168945,666,0.3993993993993994,0.8172222222222222,0.6275817913114649,0.6415094339622641,0.6538461538461539,0.6296296296296297,C1_grid,0.4
pima_diabetes,SMOTE,MLP,0,5,0.0009999275207519531,1.4300007820129395,666,0.3993993993993994,0.7844444444444444,0.5651204091964144,0.625,0.603448275862069,0.6481481481481481,C1_grid,0.4
pima_diabetes,SMOTE,RF,1,5,0.0009996891021728516,0.21456003189086914,666,0.3993993993993994,0.8553703703703703,0.7568730144493241,0.6666666666666666,0.6491228070175439,0.6851851851851852,C1_grid,0.4
pima_diabetes,SMOTE,LGBM,1,5,0.0009996891021728516,0.04600095748901367,666,0.3993993993993994,0.8411111111111111,0.7151839593544979,0.6538461538461539,0.68,0.6296296296296297,C1_grid,0.4
pima_diabetes,SMOTE,MLP,1,5,0.0009996891021728516,1.4365606307983398,666,0.3993993993993994,0.7940740740740742,0.6709883027562461,0.6538461538461539,0.68,0.6296296296296297,C1_grid,0.4
pima_diabetes,SMOTE,RF,2,5,0.0010004043579101562,0.2069995403289795,666,0.3993993993993994,0.8225925925925927,0.7048974293045098,0.6779661016949152,0.625,0.7407407407407407,C1_grid,0.4
pima_diabetes,SMOTE,LGBM,2,5,0.0010004043579101562,0.04500007629394531,666,0.3993993993993994,0.8025925925925925,0.6721079269868449,0.6491228070175439,0.6166666666666667,0.6851851851851852,C1_grid,0.4
pima_diabetes,SMOTE,MLP,2,5,0.0010004043579101562,1.403000831604004,666,0.3993993993993994,0.7359259259259259,0.6110148298353288,0.5636363636363636,0.5535714285714286,0.5740740740740741,C1_grid,0.4
pima_diabetes,SMOTE,RF,3,5,0.0010013580322265625,0.1999988555908203,666,0.3993993993993994,0.8158490566037736,0.6541985329985868,0.6851851851851852,0.6727272727272727,0.6981132075471698,C1_grid,0.4
pima_diabetes,SMOTE,LGBM,3,5,0.0010013580322265625,0.038999319076538086,666,0.3993993993993994,0.7805660377358491,0.605281675540216,0.6363636363636364,0.6140350877192983,0.660377358490566,C1_grid,0.4
pima_diabetes,SMOTE,MLP,3,5,0.0010013580322265625,1.432999849319458,666,0.3993993993993994,0.7581132075471698,0.6464370208373968,0.576923076923077,0.5882352941176471,0.5660377358490566,C1_grid,0.4
pima_diabetes,SMOTE,RF,4,5,0.0010001659393310547,0.20000004768371582,666,0.3993993993993994,0.7943396226415095,0.6908087319972344,0.6271186440677967,0.5692307692307692,0.6981132075471698,C1_grid,0.4
pima_diabetes,SMOTE,LGBM,4,5,0.0010001659393310547,0.06000041961669922,666,0.3993993993993994,0.7509433962264151,0.6311915909800966,0.5321100917431193,0.5178571428571429,0.5471698113207547,C1_grid,0.4
pima_diabetes,SMOTE,MLP,4,5,0.0010001659393310547,1.419001579284668,666,0.3993993993993994,0.7190566037735849,0.5272773113973656,0.5321100917431193,0.5178571428571429,0.5471698113207547,C1_grid,0.4
pima_diabetes,SMOTE,RF,0,5,0.0009999275207519531,0.19900012016296387,800,0.5,0.8487037037037037,0.6625126168376867,0.7272727272727273,0.6567164179104478,0.8148148148148148,C1_grid,0.5
pima_diabetes,SMOTE,LGBM,0,5,0.0009999275207519531,0.06000041961669922,800,0.5,0.8105555555555555,0.6130875086716846,0.6379310344827587,0.5967741935483871,0.6851851851851852,C1_grid,0.5
pima_diabetes,SMOTE,MLP,0,5,0.0009999275207519531,1.568000078201294,800,0.5,0.792962962962963,0.5880511451800222,0.6095238095238096,0.6274509803921569,0.5925925925925926,C1_grid,0.5
pima_diabetes,SMOTE,RF,1,5,0.0009999275207519531,0.1959998607635498,800,0.5,0.8529629629629629,0.7508020791125515,0.6972477064220184,0.6909090909090909,0.7037037037037037,C1_grid,0.5
pima_diabetes,SMOTE,LGBM,1,5,0.0009999275207519531,0.05100107192993164,800,0.5,0.8535185185185186,0.7577462003168671,0.6923076923076923,0.72,0.6666666666666666,C1_grid,0.5
pima_diabetes,SMOTE,MLP,1,5,0.0009999275207519531,1.5610005855560303,800,0.5,0.8012962962962963,0.6902053764097269,0.6792452830188679,0.6923076923076923,0.6666666666666666,C1_grid,0.5
pima_diabetes,SMOTE,RF,2,5,0.0010001659393310547,0.21125340461730957,800,0.5,0.8185185185185185,0.6909486336367778,0.6491228070175439,0.6166666666666667,0.6851851851851852,C1_grid,0.5
pima_diabetes,SMOTE,LGBM,2,5,0.0010001659393310547,0.046000003814697266,800,0.5,0.797962962962963,0.6660314888200509,0.6363636363636364,0.625,0.6481481481481481,C1_grid,0.5
pima_diabetes,SMOTE,MLP,2,5,0.0010001659393310547,1.5399994850158691,800,0.5,0.7335185185185186,0.6424248571157312,0.5321100917431193,0.5272727272727272,0.5370370370370371,C1_grid,0.5
pima_diabetes,SMOTE,RF,3,5,0.0010001659393310547,0.20116639137268066,800,0.5,0.8066037735849056,0.6642932250225974,0.672566371681416,0.6333333333333333,0.7169811320754716,C1_grid,0.5
pima_diabetes,SMOTE,LGBM,3,5,0.0010001659393310547,0.04100227355957031,800,0.5,0.790188679245283,0.6015875022256909,0.6306306306306305,0.603448275862069,0.660377358490566,C1_grid,0.5
pima_diabetes,SMOTE,MLP,3,5,0.0010001659393310547,1.5610005855560303,800,0.5,0.7709433962264152,0.6729566478161608,0.6226415094339622,0.6226415094339622,0.6226415094339622,C1_grid,0.5
pima_diabetes,SMOTE,RF,4,5,0.0009999275207519531,0.2029118537902832,800,0.5,0.8011320754716982,0.6927790416317475,0.656,0.5694444444444444,0.7735849056603774,C1_grid,0.5
pima_diabetes,SMOTE,LGBM,4,5,0.0009999275207519531,0.054960012435913086,800,0.5,0.7635849056603774,0.6411688377323859,0.6213592233009708,0.64,0.6037735849056604,C1_grid,0.5
pima_diabetes,SMOTE,MLP,4,5,0.0009999275207519531,1.5590004920959473,800,0.5,0.7218867924528302,0.5431926687104454,0.5242718446601942,0.54,0.5094339622641509,C1_grid,0.5
pima_diabetes,ADASYN,RF,0,5,0.0,0.19004034996032715,614,0.3485342019543974,0.8585185185185185,0.6816120581458174,0.7476635514018692,0.7547169811320755,0.7407407407407407,C1_grid,0.2
pima_diabetes,ADASYN,LGBM,0,5,0.0,0.05099844932556152,614,0.3485342019543974,0.8381481481481481,0.6693320636412334,0.7008547008547008,0.6507936507936508,0.7592592592592593,C1_grid,0.2
pima_diabetes,ADASYN,MLP,0,5,0.0,1.3210008144378662,614,0.3485342019543974,0.8120370370370371,0.5984296216996448,0.6019417475728156,0.6326530612244898,0.5740740740740741,C1_grid,0.2
pima_diabetes,ADASYN,RF,1,5,0.0,0.19299983978271484,614,0.3485342019543974,0.8551851851851852,0.7454766700587823,0.6481481481481481,0.6481481481481481,0.6481481481481481,C1_grid,0.2
pima_diabetes,ADASYN,LGBM,1,5,0.0,0.04699993133544922,614,0.3485342019543974,0.8390740740740741,0.7247982746601734,0.6728971962616822,0.6792452830188679,0.6666666666666666,C1_grid,0.2
pima_diabetes,ADASYN,MLP,1,5,0.0,1.2999987602233887,614,0.3485342019543974,0.8022222222222223,0.6518024326278684,0.6666666666666666,0.6862745098039216,0.6481481481481481,C1_grid,0.2
pima_diabetes,ADASYN,RF,2,5,0.0,0.19989562034606934,614,0.3485342019543974,0.8227777777777777,0.7106883046657668,0.6902654867256637,0.6610169491525424,0.7222222222222222,C1_grid,0.2
pima_diabetes,ADASYN,LGBM,2,5,0.0,0.04200100898742676,614,0.3485342019543974,0.8077777777777778,0.6761702900105812,0.6434782608695653,0.6065573770491803,0.6851851851851852,C1_grid,0.2
pima_diabetes,ADASYN,MLP,2,5,0.0,1.294513463973999,614,0.3485342019543974,0.7340740740740741,0.606882323618706,0.576923076923077,0.6,0.5555555555555556,C1_grid,0.2
pima_diabetes,ADASYN,RF,3,5,0.0,0.2057492733001709,615,0.34959349593495936,0.8120754716981132,0.6829115149358356,0.6909090909090909,0.6666666666666666,0.7169811320754716,C1_grid,0.2
pima_diabetes,ADASYN,LGBM,3,5,0.0,0.05000019073486328,615,0.34959349593495936,0.7939622641509434,0.6063354989871512,0.672566371681416,0.6333333333333333,0.7169811320754716,C1_grid,0.2
pima_diabetes,ADASYN,MLP,3,5,0.0,1.3550007343292236,615,0.34959349593495936,0.7815094339622642,0.6515485430127395,0.58,0.6170212765957447,0.5471698113207547,C1_grid,0.2
pima_diabetes,ADASYN,RF,4,5,0.0,0.19499874114990234,615,0.34959349593495936,0.7975471698113208,0.6819070051978152,0.6495726495726496,0.59375,0.7169811320754716,C1_grid,0.2
pima_diabetes,ADASYN,LGBM,4,5,0.0,0.05499887466430664,615,0.34959349593495936,0.7628301886792453,0.65949202222321,0.5925925925925926,0.5818181818181818,0.6037735849056604,C1_grid,0.2
pima_diabetes,ADASYN,MLP,4,5,0.0,1.3490002155303955,615,0.34959349593495936,0.7581132075471698,0.5704246555179784,0.5504587155963302,0.5357142857142857,0.5660377358490566,C1_grid,0.2
pima_diabetes,ADASYN,RF,0,5,0.0,0.20604944229125977,614,0.3485342019543974,0.8585185185185185,0.6816120581458174,0.7476635514018692,0.7547169811320755,0.7407407407407407,C1_grid,0.3
pima_diabetes,ADASYN,LGBM,0,5,0.0,0.03699994087219238,614,0.3485342019543974,0.8381481481481481,0.6693320636412334,0.7008547008547008,0.6507936507936508,0.7592592592592593,C1_grid,0.3
pima_diabetes,ADASYN,MLP,0,5,0.0,1.3240001201629639,614,0.3485342019543974,0.8120370370370371,0.5984296216996448,0.6019417475728156,0.6326530612244898,0.5740740740740741,C1_grid,0.3
pima_diabetes,ADASYN,RF,1,5,0.0,0.1930065155029297,614,0.3485342019543974,0.8551851851851852,0.7454766700587823,0.6481481481481481,0.6481481481481481,0.6481481481481481,C1_grid,0.3
pima_diabetes,ADASYN,LGBM,1,5,0.0,0.0409998893737793,614,0.3485342019543974,0.8390740740740741,0.7247982746601734,0.6728971962616822,0.6792452830188679,0.6666666666666666,C1_grid,0.3
pima_diabetes,ADASYN,MLP,1,5,0.0,1.2775075435638428,614,0.3485342019543974,0.8022222222222223,0.6518024326278684,0.6666666666666666,0.6862745098039216,0.6481481481481481,C1_grid,0.3
pima_diabetes,ADASYN,RF,2,5,0.0,0.20442914962768555,614,0.3485342019543974,0.8227777777777777,0.7106883046657668,0.6902654867256637,0.6610169491525424,0.7222222222222222,C1_grid,0.3
pima_diabetes,ADASYN,LGBM,2,5,0.0,0.03500008583068848,614,0.3485342019543974,0.8077777777777778,0.6761702900105812,0.6434782608695653,0.6065573770491803,0.6851851851851852,C1_grid,0.3
pima_diabetes,ADASYN,MLP,2,5,0.0,1.3055205345153809,614,0.3485342019543974,0.7340740740740741,0.606882323618706,0.576923076923077,0.6,0.5555555555555556,C1_grid,0.3
pima_diabetes,ADASYN,RF,3,5,0.0,0.2069997787475586,615,0.34959349593495936,0.8120754716981132,0.6829115149358356,0.6909090909090909,0.6666666666666666,0.7169811320754716,C1_grid,0.3
pima_diabetes,ADASYN,LGBM,3,5,0.0,0.051000118255615234,615,0.34959349593495936,0.7939622641509434,0.6063354989871512,0.672566371681416,0.6333333333333333,0.7169811320754716,C1_grid,0.3
pima_diabetes,ADASYN,MLP,3,5,0.0,1.3110008239746094,615,0.34959349593495936,0.7815094339622642,0.6515485430127395,0.58,0.6170212765957447,0.5471698113207547,C1_grid,0.3
pima_diabetes,ADASYN,RF,4,5,0.0,0.19300031661987305,615,0.34959349593495936,0.7975471698113208,0.6819070051978152,0.6495726495726496,0.59375,0.7169811320754716,C1_grid,0.3
pima_diabetes,ADASYN,LGBM,4,5,0.0,0.04399919509887695,615,0.34959349593495936,0.7628301886792453,0.65949202222321,0.5925925925925926,0.5818181818181818,0.6037735849056604,C1_grid,0.3
pima_diabetes,ADASYN,MLP,4,5,0.0,1.3277037143707275,615,0.34959349593495936,0.7581132075471698,0.5704246555179784,0.5504587155963302,0.5357142857142857,0.5660377358490566,C1_grid,0.3
pima_diabetes,ADASYN,RF,0,5,0.0029997825622558594,0.20300006866455078,666,0.3993993993993994,0.8588888888888888,0.685040077971054,0.6842105263157895,0.65,0.7222222222222222,C1_grid,0.4
pima_diabetes,ADASYN,LGBM,0,5,0.0029997825622558594,0.046001434326171875,666,0.3993993993993994,0.8172222222222222,0.6275817913114649,0.6415094339622641,0.6538461538461539,0.6296296296296297,C1_grid,0.4
pima_diabetes,ADASYN,MLP,0,5,0.0029997825622558594,1.4965083599090576,666,0.3993993993993994,0.7844444444444444,0.5651204091964144,0.625,0.603448275862069,0.6481481481481481,C1_grid,0.4
pima_diabetes,ADASYN,RF,1,5,0.003000497817993164,0.2069995403289795,631,0.36608557844690964,0.8496296296296296,0.7230992169797248,0.6728971962616822,0.6792452830188679,0.6666666666666666,C1_grid,0.4
pima_diabetes,ADASYN,LGBM,1,5,0.003000497817993164,0.0489959716796875,631,0.36608557844690964,0.8372222222222223,0.7164894616327415,0.6792452830188679,0.6923076923076923,0.6666666666666666,C1_grid,0.4
pima_diabetes,ADASYN,MLP,1,5,0.003000497817993164,1.2900011539459229,631,0.36608557844690964,0.7946296296296297,0.6555857395470586,0.6481481481481481,0.6481481481481481,0.6481481481481481,C1_grid,0.4
pima_diabetes,ADASYN,RF,2,5,0.003000497817993164,0.19200348854064941,666,0.3993993993993994,0.8225925925925927,0.7048974293045098,0.6779661016949152,0.625,0.7407407407407407,C1_grid,0.4
pima_diabetes,ADASYN,LGBM,2,5,0.003000497817993164,0.037000179290771484,666,0.3993993993993994,0.8025925925925925,0.6721079269868449,0.6491228070175439,0.6166666666666667,0.6851851851851852,C1_grid,0.4
pima_diabetes,ADASYN,MLP,2,5,0.003000497817993164,1.4560019969940186,666,0.3993993993993994,0.7359259259259259,0.6110148298353288,0.5636363636363636,0.5535714285714286,0.5740740740740741,C1_grid,0.4
pima_diabetes,ADASYN,RF,3,5,0.003999471664428711,0.20430588722229004,666,0.3993993993993994,0.8158490566037736,0.6541985329985868,0.6851851851851852,0.6727272727272727,0.6981132075471698,C1_grid,0.4
pima_diabetes,ADASYN,LGBM,3,5,0.003999471664428711,0.05899810791015625,666,0.3993993993993994,0.7805660377358491,0.605281675540216,0.6363636363636364,0.6140350877192983,0.660377358490566,C1_grid,0.4
pima_diabetes,ADASYN,MLP,3,5,0.003999471664428711,1.4780008792877197,666,0.3993993993993994,0.7581132075471698,0.6464370208373968,0.576923076923077,0.5882352941176471,0.5660377358490566,C1_grid,0.4
pima_diabetes,ADASYN,RF,4,5,0.0029993057250976562,0.21828675270080566,666,0.3993993993993994,0.7943396226415095,0.6908087319972344,0.6271186440677967,0.5692307692307692,0.6981132075471698,C1_grid,0.4
pima_diabetes,ADASYN,LGBM,4,5,0.0029993057250976562,0.03699994087219238,666,0.3993993993993994,0.7509433962264151,0.6311915909800966,0.5321100917431193,0.5178571428571429,0.5471698113207547,C1_grid,0.4
pima_diabetes,ADASYN,MLP,4,5,0.0029993057250976562,1.458000659942627,666,0.3993993993993994,0.7190566037735849,0.5272773113973656,0.5321100917431193,0.5178571428571429,0.5471698113207547,C1_grid,0.4
pima_diabetes,ADASYN,RF,0,5,0.0029997825622558594,0.1991884708404541,788,0.49238578680203043,0.8503703703703703,0.6719986304522558,0.7479674796747967,0.6666666666666666,0.8518518518518519,C1_grid,0.5
pima_diabetes,ADASYN,LGBM,0,5,0.0029997825622558594,0.054000139236450195,788,0.49238578680203043,0.8224074074074075,0.6319815397162226,0.7107438016528925,0.6417910447761194,0.7962962962962963,C1_grid,0.5
pima_diabetes,ADASYN,MLP,0,5,0.0029997825622558594,1.5769407749176025,788,0.49238578680203043,0.7835185185185185,0.5710559402676688,0.6055045871559633,0.6,0.6111111111111112,C1_grid,0.5
pima_diabetes,ADASYN,RF,1,5,0.0029997825622558594,0.19899868965148926,782,0.4884910485933504,0.8448148148148148,0.726787193314319,0.6785714285714286,0.6551724137931034,0.7037037037037037,C1_grid,0.5
pima_diabetes,ADASYN,LGBM,1,5,0.0029997825622558594,0.05000019073486328,782,0.4884910485933504,0.8483333333333334,0.7574960973133648,0.6972477064220184,0.6909090909090909,0.7037037037037037,C1_grid,0.5
pima_diabetes,ADASYN,MLP,1,5,0.0029997825622558594,1.5420007705688477,782,0.4884910485933504,0.7664814814814815,0.6195514800005013,0.616822429906542,0.6226415094339622,0.6111111111111112,C1_grid,0.5
pima_diabetes,ADASYN,RF,2,5,0.002999544143676758,0.20400023460388184,799,0.49937421777221525,0.8103703703703704,0.6599957941088452,0.6611570247933883,0.5970149253731343,0.7407407407407407,C1_grid,0.5
pima_diabetes,ADASYN,LGBM,2,5,0.002999544143676758,0.042999982833862305,799,0.49937421777221525,0.7959259259259258,0.660342646194808,0.6206896551724138,0.5806451612903226,0.6666666666666666,C1_grid,0.5
pima_diabetes,ADASYN,MLP,2,5,0.002999544143676758,1.5630011558532715,799,0.49937421777221525,0.7398148148148147,0.6204824199527442,0.5660377358490566,0.5769230769230769,0.5555555555555556,C1_grid,0.5
pima_diabetes,ADASYN,RF,3,5,0.003999948501586914,0.20290565490722656,789,0.49302915082382764,0.8145283018867924,0.6588289254145363,0.7058823529411764,0.6363636363636364,0.7924528301886793,C1_grid,0.5
pima_diabetes,ADASYN,LGBM,3,5,0.003999948501586914,0.054000139236450195,789,0.49302915082382764,0.790188679245283,0.6314890365463987,0.6491228070175438,0.6065573770491803,0.6981132075471698,C1_grid,0.5
pima_diabetes,ADASYN,MLP,3,5,0.003999948501586914,1.5600006580352783,789,0.49302915082382764,0.7543396226415096,0.6590795405261916,0.5925925925925926,0.5818181818181818,0.6037735849056604,C1_grid,0.5
pima_diabetes,ADASYN,RF,4,5,0.003000020980834961,0.20299983024597168,787,0.49174078780177893,0.7888679245283019,0.6886173724000889,0.6456692913385828,0.5540540540540541,0.7735849056603774,C1_grid,0.5
pima_diabetes,ADASYN,LGBM,4,5,0.003000020980834961,0.05299973487854004,787,0.49174078780177893,0.7709433962264152,0.6761204577345186,0.5714285714285714,0.5423728813559322,0.6037735849056604,C1_grid,0.5
pima_diabetes,ADASYN,MLP,4,5,0.003000020980834961,1.5649998188018799,787,0.49174078780177893,0.7184905660377359,0.5534818829475733,0.5517241379310345,0.5079365079365079,0.6037735849056604,C1_grid,0.5
pima_diabetes,G-SMOTE,RF,0,5,0.31799960136413574,0.2356410026550293,614,0.3485342019543974,0.8585185185185185,0.6816120581458174,0.7476635514018692,0.7547169811320755,0.7407407407407407,C1_grid,0.2
pima_diabetes,G-SMOTE,LGBM,0,5,0.31799960136413574,0.04500126838684082,614,0.3485342019543974,0.8381481481481481,0.6693320636412334,0.7008547008547008,0.6507936507936508,0.7592592592592593,C1_grid,0.2
pima_diabetes,G-SMOTE,MLP,0,5,0.31799960136413574,1.2659997940063477,614,0.3485342019543974,0.8120370370370371,0.5984296216996448,0.6019417475728156,0.6326530612244898,0.5740740740740741,C1_grid,0.2
pima_diabetes,G-SMOTE,RF,1,5,0.3320002555847168,0.2345118522644043,614,0.3485342019543974,0.8551851851851852,0.7454766700587823,0.6481481481481481,0.6481481481481481,0.6481481481481481,C1_grid,0.2
pima_diabetes,G-SMOTE,LGBM,1,5,0.3320002555847168,0.04142189025878906,614,0.3485342019543974,0.8390740740740741,0.7247982746601734,0.6728971962616822,0.6792452830188679,0.6666666666666666,C1_grid,0.2
pima_diabetes,G-SMOTE,MLP,1,5,0.3320002555847168,1.2565088272094727,614,0.3485342019543974,0.8022222222222223,0.6518024326278684,0.6666666666666666,0.6862745098039216,0.6481481481481481,C1_grid,0.2
pima_diabetes,G-SMOTE,RF,2,5,0.2759997844696045,0.22153663635253906,614,0.3485342019543974,0.8227777777777777,0.7106883046657668,0.6902654867256637,0.6610169491525424,0.7222222222222222,C1_grid,0.2
pima_diabetes,G-SMOTE,LGBM,2,5,0.2759997844696045,0.03900003433227539,614,0.3485342019543974,0.8077777777777778,0.6761702900105812,0.6434782608695653,0.6065573770491803,0.6851851851851852,C1_grid,0.2
pima_diabetes,G-SMOTE,MLP,2,5,0.2759997844696045,1.2550032138824463,614,0.3485342019543974,0.7340740740740741,0.606882323618706,0.576923076923077,0.6,0.5555555555555556,C1_grid,0.2
pima_diabetes,G-SMOTE,RF,3,5,0.39499974250793457,0.2292041778564453,615,0.34959349593495936,0.8120754716981132,0.6829115149358356,0.6909090909090909,0.6666666666666666,0.7169811320754716,C1_grid,0.2
pima_diabetes,G-SMOTE,LGBM,3,5,0.39499974250793457,0.06601667404174805,615,0.34959349593495936,0.7939622641509434,0.6063354989871512,0.672566371681416,0.6333333333333333,0.7169811320754716,C1_grid,0.2
pima_diabetes,G-SMOTE,MLP,3,5,0.39499974250793457,1.2810008525848389,615,0.34959349593495936,0.7815094339622642,0.6515485430127395,0.58,0.6170212765957447,0.5471698113207547,C1_grid,0.2
pima_diabetes,G-SMOTE,RF,4,5,0.3339998722076416,0.22150778770446777,615,0.34959349593495936,0.7975471698113208,0.6819070051978152,0.6495726495726496,0.59375,0.7169811320754716,C1_grid,0.2
pima_diabetes,G-SMOTE,LGBM,4,5,0.3339998722076416,0.040000200271606445,615,0.34959349593495936,0.7628301886792453,0.65949202222321,0.5925925925925926,0.5818181818181818,0.6037735849056604,C1_grid,0.2
pima_diabetes,G-SMOTE,MLP,4,5,0.3339998722076416,1.2579984664916992,615,0.34959349593495936,0.7581132075471698,0.5704246555179784,0.5504587155963302,0.5357142857142857,0.5660377358490566,C1_grid,0.2
pima_diabetes,G-SMOTE,RF,0,5,0.30150604248046875,0.24366974830627441,614,0.3485342019543974,0.8585185185185185,0.6816120581458174,0.7476635514018692,0.7547169811320755,0.7407407407407407,C1_grid,0.3
pima_diabetes,G-SMOTE,LGBM,0,5,0.30150604248046875,0.037999629974365234,614,0.3485342019543974,0.8381481481481481,0.6693320636412334,0.7008547008547008,0.6507936507936508,0.7592592592592593,C1_grid,0.3
pima_diabetes,G-SMOTE,MLP,0,5,0.30150604248046875,1.267521858215332,614,0.3485342019543974,0.8120370370370371,0.5984296216996448,0.6019417475728156,0.6326530612244898,0.5740740740740741,C1_grid,0.3
pima_diabetes,G-SMOTE,RF,1,5,0.2930004596710205,0.23700332641601562,614,0.3485342019543974,0.8551851851851852,0.7454766700587823,0.6481481481481481,0.6481481481481481,0.6481481481481481,C1_grid,0.3
pima_diabetes,G-SMOTE,LGBM,1,5,0.2930004596710205,0.04699873924255371,614,0.3485342019543974,0.8390740740740741,0.7247982746601734,0.6728971962616822,0.6792452830188679,0.6666666666666666,C1_grid,0.3
pima_diabetes,G-SMOTE,MLP,1,5,0.2930004596710205,1.261000394821167,614,0.3485342019543974,0.8022222222222223,0.6518024326278684,0.6666666666666666,0.6862745098039216,0.6481481481481481,C1_grid,0.3
pima_diabetes,G-SMOTE,RF,2,5,0.299999475479126,0.2362825870513916,614,0.3485342019543974,0.8227777777777777,0.7106883046657668,0.6902654867256637,0.6610169491525424,0.7222222222222222,C1_grid,0.3
pima_diabetes,G-SMOTE,LGBM,2,5,0.299999475479126,0.04800009727478027,614,0.3485342019543974,0.8077777777777778,0.6761702900105812,0.6434782608695653,0.6065573770491803,0.6851851851851852,C1_grid,0.3
pima_diabetes,G-SMOTE,MLP,2,5,0.299999475479126,1.2685227394104004,614,0.3485342019543974,0.7340740740740741,0.606882323618706,0.576923076923077,0.6,0.5555555555555556,C1_grid,0.3
pima_diabetes,G-SMOTE,RF,3,5,0.34850478172302246,0.23346900939941406,615,0.34959349593495936,0.8120754716981132,0.6829115149358356,0.6909090909090909,0.6666666666666666,0.7169811320754716,C1_grid,0.3
pima_diabetes,G-SMOTE,LGBM,3,5,0.34850478172302246,0.04200029373168945,615,0.34959349593495936,0.7939622641509434,0.6063354989871512,0.672566371681416,0.6333333333333333,0.7169811320754716,C1_grid,0.3
pima_diabetes,G-SMOTE,MLP,3,5,0.34850478172302246,1.265000581741333,615,0.34959349593495936,0.7815094339622642,0.6515485430127395,0.58,0.6170212765957447,0.5471698113207547,C1_grid,0.3
pima_diabetes,G-SMOTE,RF,4,5,0.3979969024658203,0.22500085830688477,615,0.34959349593495936,0.7975471698113208,0.6819070051978152,0.6495726495726496,0.59375,0.7169811320754716,C1_grid,0.3
pima_diabetes,G-SMOTE,LGBM,4,5,0.3979969024658203,0.04450726509094238,615,0.34959349593495936,0.7628301886792453,0.65949202222321,0.5925925925925926,0.5818181818181818,0.6037735849056604,C1_grid,0.3
pima_diabetes,G-SMOTE,MLP,4,5,0.3979969024658203,1.263000726699829,615,0.34959349593495936,0.7581132075471698,0.5704246555179784,0.5504587155963302,0.5357142857142857,0.5660377358490566,C1_grid,0.3
pima_diabetes,G-SMOTE,RF,0,5,0.3339991569519043,0.22498226165771484,666,0.3993993993993994,0.8529629629629629,0.6727250127785601,0.7027027027027027,0.6842105263157895,0.7222222222222222,C1_grid,0.4
pima_diabetes,G-SMOTE,LGBM,0,5,0.3339991569519043,0.04900097846984863,666,0.3993993993993994,0.8368518518518518,0.6696900948505111,0.6725663716814159,0.6440677966101694,0.7037037037037037,C1_grid,0.4
pima_diabetes,G-SMOTE,MLP,0,5,0.3339991569519043,1.4340009689331055,666,0.3993993993993994,0.7883333333333333,0.5837206937955597,0.6226415094339622,0.6346153846153846,0.6111111111111112,C1_grid,0.4
pima_diabetes,G-SMOTE,RF,1,5,0.3340001106262207,0.22516155242919922,667,0.4002998500749625,0.8522222222222222,0.7337812180348953,0.6603773584905661,0.6730769230769231,0.6481481481481481,C1_grid,0.4
pima_diabetes,G-SMOTE,LGBM,1,5,0.3340001106262207,0.041950225830078125,667,0.4002998500749625,0.8585185185185185,0.7480286763034393,0.6857142857142857,0.7058823529411765,0.6666666666666666,C1_grid,0.4
pima_diabetes,G-SMOTE,MLP,1,5,0.3340001106262207,1.4190001487731934,667,0.4002998500749625,0.7916666666666667,0.6556372903758511,0.6666666666666666,0.6862745098039216,0.6481481481481481,C1_grid,0.4
pima_diabetes,G-SMOTE,RF,2,5,0.32000017166137695,0.21899962425231934,667,0.4002998500749625,0.8159259259259259,0.699093595516062,0.6842105263157895,0.65,0.7222222222222222,C1_grid,0.4
pima_diabetes,G-SMOTE,LGBM,2,5,0.32000017166137695,0.0409998893737793,667,0.4002998500749625,0.7862962962962963,0.6729841484167347,0.6422018348623852,0.6363636363636364,0.6481481481481481,C1_grid,0.4
pima_diabetes,G-SMOTE,MLP,2,5,0.32000017166137695,1.4080004692077637,667,0.4002998500749625,0.7431481481481481,0.6135584956947494,0.5714285714285714,0.5517241379310345,0.5925925925925926,C1_grid,0.4
pima_diabetes,G-SMOTE,RF,3,5,0.4069991111755371,0.2213425636291504,666,0.3993993993993994,0.8169811320754717,0.6954662759378154,0.6605504587155964,0.6428571428571429,0.6792452830188679,C1_grid,0.4
pima_diabetes,G-SMOTE,LGBM,3,5,0.4069991111755371,0.03900003433227539,666,0.3993993993993994,0.7945283018867925,0.6232617919118055,0.6428571428571429,0.6101694915254238,0.6792452830188679,C1_grid,0.4
pima_diabetes,G-SMOTE,MLP,3,5,0.4069991111755371,1.4120004177093506,666,0.3993993993993994,0.7632075471698113,0.6675399329373967,0.6078431372549019,0.6326530612244898,0.5849056603773585,C1_grid,0.4
pima_diabetes,G-SMOTE,RF,4,5,0.3380012512207031,0.2233598232269287,667,0.4002998500749625,0.7983018867924528,0.6955619175006194,0.6554621848739496,0.5909090909090909,0.7358490566037735,C1_grid,0.4
pima_diabetes,G-SMOTE,LGBM,4,5,0.3380012512207031,0.047000885009765625,667,0.4002998500749625,0.7647169811320754,0.6594932547844659,0.5849056603773585,0.5849056603773585,0.5849056603773585,C1_grid,0.4
pima_diabetes,G-SMOTE,MLP,4,5,0.3380012512207031,1.4380006790161133,667,0.4002998500749625,0.7286792452830188,0.5365203246135675,0.5740740740740741,0.5636363636363636,0.5849056603773585,C1_grid,0.4
pima_diabetes,G-SMOTE,RF,0,5,0.30500102043151855,0.235184907913208,800,0.5,0.8577777777777778,0.675967613775717,0.7079646017699114,0.6779661016949152,0.7407407407407407,C1_grid,0.5
pima_diabetes,G-SMOTE,LGBM,0,5,0.30500102043151855,0.04400014877319336,800,0.5,0.8168518518518517,0.6220895188207536,0.6782608695652174,0.639344262295082,0.7222222222222222,C1_grid,0.5
pima_diabetes,G-SMOTE,MLP,0,5,0.30500102043151855,1.6259996891021729,800,0.5,0.7859259259259259,0.5719131044050814,0.6306306306306307,0.6140350877192983,0.6481481481481481,C1_grid,0.5
pima_diabetes,G-SMOTE,RF,1,5,0.305999755859375,0.22850251197814941,800,0.5,0.8446296296296295,0.7035765838504492,0.6842105263157895,0.65,0.7222222222222222,C1_grid,0.5
pima_diabetes,G-SMOTE,LGBM,1,5,0.305999755859375,0.04600048065185547,800,0.5,0.8512962962962963,0.711181677017212,0.6972477064220184,0.6909090909090909,0.7037037037037037,C1_grid,0.5
pima_diabetes,G-SMOTE,MLP,1,5,0.305999755859375,1.6100707054138184,800,0.5,0.7794444444444445,0.6367046090269148,0.6851851851851852,0.6851851851851852,0.6851851851851852,C1_grid,0.5
pima_diabetes,G-SMOTE,RF,2,5,0.3639993667602539,0.23975515365600586,800,0.5,0.8103703703703703,0.6772159623928731,0.6491228070175439,0.6166666666666667,0.6851851851851852,C1_grid,0.5
pima_diabetes,G-SMOTE,LGBM,2,5,0.3639993667602539,0.05200028419494629,800,0.5,0.7851851851851851,0.6525305916453085,0.6055045871559633,0.6,0.6111111111111112,C1_grid,0.5
pima_diabetes,G-SMOTE,MLP,2,5,0.3639993667602539,1.5770001411437988,800,0.5,0.740925925925926,0.6260340357669264,0.5892857142857143,0.5689655172413793,0.6111111111111112,C1_grid,0.5
pima_diabetes,G-SMOTE,RF,3,5,0.372999906539917,0.24200034141540527,800,0.5,0.8118867924528301,0.6421820470351096,0.6964285714285713,0.6610169491525424,0.7358490566037735,C1_grid,0.5
pima_diabetes,G-SMOTE,LGBM,3,5,0.372999906539917,0.06399989128112793,800,0.5,0.7984905660377358,0.6252353977473153,0.6545454545454544,0.631578947368421,0.6792452830188679,C1_grid,0.5
pima_diabetes,G-SMOTE,MLP,3,5,0.372999906539917,1.5580005645751953,800,0.5,0.7433962264150943,0.6205070340024276,0.576923076923077,0.5882352941176471,0.5660377358490566,C1_grid,0.5
pima_diabetes,G-SMOTE,RF,4,5,0.3639998435974121,0.22279834747314453,800,0.5,0.7977358490566038,0.6723913578651355,0.6610169491525424,0.6,0.7358490566037735,C1_grid,0.5
pima_diabetes,G-SMOTE,LGBM,4,5,0.3639998435974121,0.05299997329711914,800,0.5,0.749056603773585,0.6381377812759803,0.5233644859813084,0.5185185185185185,0.5283018867924528,C1_grid,0.5
pima_diabetes,G-SMOTE,MLP,4,5,0.3639998435974121,1.5480005741119385,800,0.5,0.7277358490566038,0.5502799191040146,0.5555555555555556,0.5454545454545454,0.5660377358490566,C1_grid,0.5
pima_diabetes,CTGAN,RF,0,5,0.0,0.20389652252197266,614,0.3485342019543974,0.8585185185185185,0.6816120581458174,0.7476635514018692,0.7547169811320755,0.7407407407407407,C1_grid,0.2
pima_diabetes,CTGAN,LGBM,0,5,0.0,0.03899979591369629,614,0.3485342019543974,0.8381481481481481,0.6693320636412334,0.7008547008547008,0.6507936507936508,0.7592592592592593,C1_grid,0.2
pima_diabetes,CTGAN,MLP,0,5,0.0,1.2632582187652588,614,0.3485342019543974,0.8120370370370371,0.5984296216996448,0.6019417475728156,0.6326530612244898,0.5740740740740741,C1_grid,0.2
pima_diabetes,CTGAN,RF,1,5,0.0,0.19083356857299805,614,0.3485342019543974,0.8551851851851852,0.7454766700587823,0.6481481481481481,0.6481481481481481,0.6481481481481481,C1_grid,0.2
pima_diabetes,CTGAN,LGBM,1,5,0.0,0.0520014762878418,614,0.3485342019543974,0.8390740740740741,0.7247982746601734,0.6728971962616822,0.6792452830188679,0.6666666666666666,C1_grid,0.2
pima_diabetes,CTGAN,MLP,1,5,0.0,1.2655055522918701,614,0.3485342019543974,0.8022222222222223,0.6518024326278684,0.6666666666666666,0.6862745098039216,0.6481481481481481,C1_grid,0.2
pima_diabetes,CTGAN,RF,2,5,0.0,0.19599699974060059,614,0.3485342019543974,0.8227777777777777,0.7106883046657668,0.6902654867256637,0.6610169491525424,0.7222222222222222,C1_grid,0.2
pima_diabetes,CTGAN,LGBM,2,5,0.0,0.05100107192993164,614,0.3485342019543974,0.8077777777777778,0.6761702900105812,0.6434782608695653,0.6065573770491803,0.6851851851851852,C1_grid,0.2
pima_diabetes,CTGAN,MLP,2,5,0.0,1.280000925064087,614,0.3485342019543974,0.7340740740740741,0.606882323618706,0.576923076923077,0.6,0.5555555555555556,C1_grid,0.2
pima_diabetes,CTGAN,RF,3,5,0.0,0.19051504135131836,615,0.34959349593495936,0.8120754716981132,0.6829115149358356,0.6909090909090909,0.6666666666666666,0.7169811320754716,C1_grid,0.2
pima_diabetes,CTGAN,LGBM,3,5,0.0,0.03999829292297363,615,0.34959349593495936,0.7939622641509434,0.6063354989871512,0.672566371681416,0.6333333333333333,0.7169811320754716,C1_grid,0.2
pima_diabetes,CTGAN,MLP,3,5,0.0,1.2920000553131104,615,0.34959349593495936,0.7815094339622642,0.6515485430127395,0.58,0.6170212765957447,0.5471698113207547,C1_grid,0.2
pima_diabetes,CTGAN,RF,4,5,0.0,0.2056119441986084,615,0.34959349593495936,0.7975471698113208,0.6819070051978152,0.6495726495726496,0.59375,0.7169811320754716,C1_grid,0.2
pima_diabetes,CTGAN,LGBM,4,5,0.0,0.04799938201904297,615,0.34959349593495936,0.7628301886792453,0.65949202222321,0.5925925925925926,0.5818181818181818,0.6037735849056604,C1_grid,0.2
pima_diabetes,CTGAN,MLP,4,5,0.0,1.297081470489502,615,0.34959349593495936,0.7581132075471698,0.5704246555179784,0.5504587155963302,0.5357142857142857,0.5660377358490566,C1_grid,0.2
pima_diabetes,CTGAN,RF,0,5,0.0,0.2180492877960205,614,0.3485342019543974,0.8585185185185185,0.6816120581458174,0.7476635514018692,0.7547169811320755,0.7407407407407407,C1_grid,0.3
pima_diabetes,CTGAN,LGBM,0,5,0.0,0.03300023078918457,614,0.3485342019543974,0.8381481481481481,0.6693320636412334,0.7008547008547008,0.6507936507936508,0.7592592592592593,C1_grid,0.3
pima_diabetes,CTGAN,MLP,0,5,0.0,1.2640008926391602,614,0.3485342019543974,0.8120370370370371,0.5984296216996448,0.6019417475728156,0.6326530612244898,0.5740740740740741,C1_grid,0.3
pima_diabetes,CTGAN,RF,1,5,0.0,0.1930980682373047,614,0.3485342019543974,0.8551851851851852,0.7454766700587823,0.6481481481481481,0.6481481481481481,0.6481481481481481,C1_grid,0.3
pima_diabetes,CTGAN,LGBM,1,5,0.0,0.037999629974365234,614,0.3485342019543974,0.8390740740740741,0.7247982746601734,0.6728971962616822,0.6792452830188679,0.6666666666666666,C1_grid,0.3
pima_diabetes,CTGAN,MLP,1,5,0.0,1.239999771118164,614,0.3485342019543974,0.8022222222222223,0.6518024326278684,0.6666666666666666,0.6862745098039216,0.6481481481481481,C1_grid,0.3
pima_diabetes,CTGAN,RF,2,5,0.0,0.19466137886047363,614,0.3485342019543974,0.8227777777777777,0.7106883046657668,0.6902654867256637,0.6610169491525424,0.7222222222222222,C1_grid,0.3
pima_diabetes,CTGAN,LGBM,2,5,0.0,0.031998395919799805,614,0.3485342019543974,0.8077777777777778,0.6761702900105812,0.6434782608695653,0.6065573770491803,0.6851851851851852,C1_grid,0.3
pima_diabetes,CTGAN,MLP,2,5,0.0,1.2530004978179932,614,0.3485342019543974,0.7340740740740741,0.606882323618706,0.576923076923077,0.6,0.5555555555555556,C1_grid,0.3
pima_diabetes,CTGAN,RF,3,5,0.0,0.2090001106262207,615,0.34959349593495936,0.8120754716981132,0.6829115149358356,0.6909090909090909,0.6666666666666666,0.7169811320754716,C1_grid,0.3
pima_diabetes,CTGAN,LGBM,3,5,0.0,0.04700160026550293,615,0.34959349593495936,0.7939622641509434,0.6063354989871512,0.672566371681416,0.6333333333333333,0.7169811320754716,C1_grid,0.3
pima_diabetes,CTGAN,MLP,3,5,0.0,1.307999849319458,615,0.34959349593495936,0.7815094339622642,0.6515485430127395,0.58,0.6170212765957447,0.5471698113207547,C1_grid,0.3
pima_diabetes,CTGAN,RF,4,5,0.0,0.19900059700012207,615,0.34959349593495936,0.7975471698113208,0.6819070051978152,0.6495726495726496,0.59375,0.7169811320754716,C1_grid,0.3
pima_diabetes,CTGAN,LGBM,4,5,0.0,0.05100059509277344,615,0.34959349593495936,0.7628301886792453,0.65949202222321,0.5925925925925926,0.5818181818181818,0.6037735849056604,C1_grid,0.3
pima_diabetes,CTGAN,MLP,4,5,0.0,1.3380026817321777,615,0.34959349593495936,0.7581132075471698,0.5704246555179784,0.5504587155963302,0.5357142857142857,0.5660377358490566,C1_grid,0.3
pima_diabetes,CTGAN,RF,0,5,2.071000099182129,0.21300029754638672,666,0.3993993993993994,0.854074074074074,0.6884474488360472,0.7256637168141593,0.6949152542372882,0.7592592592592593,C1_grid,0.4
pima_diabetes,CTGAN,LGBM,0,5,2.071000099182129,0.04300069808959961,666,0.3993993993993994,0.8203703703703703,0.6274280318402843,0.6949152542372882,0.640625,0.7592592592592593,C1_grid,0.4
pima_diabetes,CTGAN,MLP,0,5,2.071000099182129,1.4470000267028809,666,0.3993993993993994,0.7775925925925926,0.5662199925961323,0.6194690265486725,0.5932203389830508,0.6481481481481481,C1_grid,0.4
pima_diabetes,CTGAN,RF,1,5,2.263662338256836,0.21699976921081543,666,0.3993993993993994,0.8579629629629629,0.7556213543026247,0.6792452830188679,0.6923076923076923,0.6666666666666666,C1_grid,0.4
pima_diabetes,CTGAN,LGBM,1,5,2.263662338256836,0.05299973487854004,666,0.3993993993993994,0.8412962962962962,0.7292247353494068,0.7169811320754716,0.7307692307692307,0.7037037037037037,C1_grid,0.4
pima_diabetes,CTGAN,MLP,1,5,2.263662338256836,1.4230005741119385,666,0.3993993993993994,0.7992592592592592,0.6590590847206921,0.673076923076923,0.7,0.6481481481481481,C1_grid,0.4
pima_diabetes,CTGAN,RF,2,5,2.1360647678375244,0.20299935340881348,666,0.3993993993993994,0.8274074074074075,0.7070033516377836,0.7142857142857143,0.6896551724137931,0.7407407407407407,C1_grid,0.4
pima_diabetes,CTGAN,LGBM,2,5,2.1360647678375244,0.04500150680541992,666,0.3993993993993994,0.8011111111111111,0.6493625924805596,0.6728971962616822,0.6792452830188679,0.6666666666666666,C1_grid,0.4
pima_diabetes,CTGAN,MLP,2,5,2.1360647678375244,1.442000389099121,666,0.3993993993993994,0.7559259259259259,0.6384625903064659,0.5714285714285715,0.5882352941176471,0.5555555555555556,C1_grid,0.4
pima_diabetes,CTGAN,RF,3,5,2.245058059692383,0.19700145721435547,666,0.3993993993993994,0.8037735849056603,0.6617258648591015,0.660377358490566,0.660377358490566,0.660377358490566,C1_grid,0.4
pima_diabetes,CTGAN,LGBM,3,5,2.245058059692383,0.04697465896606445,666,0.3993993993993994,0.7915094339622641,0.620878307107529,0.6355140186915889,0.6296296296296297,0.6415094339622641,C1_grid,0.4
pima_diabetes,CTGAN,MLP,3,5,2.245058059692383,1.40700101852417,666,0.3993993993993994,0.7652830188679245,0.6389317443915751,0.6296296296296297,0.6181818181818182,0.6415094339622641,C1_grid,0.4
pima_diabetes,CTGAN,RF,4,5,2.174999952316284,0.2070000171661377,666,0.3993993993993994,0.7939622641509434,0.6747602620121885,0.6386554621848739,0.5757575757575758,0.7169811320754716,C1_grid,0.4
pima_diabetes,CTGAN,LGBM,4,5,2.174999952316284,0.043000221252441406,666,0.3993993993993994,0.7520754716981132,0.6254295871130109,0.5546218487394957,0.5,0.6226415094339622,C1_grid,0.4
pima_diabetes,CTGAN,MLP,4,5,2.174999952316284,1.4240009784698486,666,0.3993993993993994,0.7422641509433962,0.5449148195336755,0.5663716814159292,0.5333333333333333,0.6037735849056604,C1_grid,0.4
pima_diabetes,CTGAN,RF,0,5,2.1720004081726074,0.1979994773864746,800,0.5,0.852037037037037,0.7028871924072685,0.673076923076923,0.7,0.6481481481481481,C1_grid,0.5
pima_diabetes,CTGAN,LGBM,0,5,2.1720004081726074,0.03800010681152344,800,0.5,0.8168518518518518,0.6352985510358639,0.6964285714285714,0.6724137931034483,0.7222222222222222,C1_grid,0.5
pima_diabetes,CTGAN,MLP,0,5,2.1720004081726074,1.5269992351531982,800,0.5,0.7801851851851852,0.6128348655818233,0.6071428571428571,0.5862068965517241,0.6296296296296297,C1_grid,0.5
pima_diabetes,CTGAN,RF,1,5,2.0479977130889893,0.1940007209777832,800,0.5,0.8648148148148148,0.7846183409109507,0.7115384615384615,0.74,0.6851851851851852,C1_grid,0.5
pima_diabetes,CTGAN,LGBM,1,5,2.0479977130889893,0.03999924659729004,800,0.5,0.8507407407407407,0.730286422715793,0.6666666666666666,0.6862745098039216,0.6481481481481481,C1_grid,0.5
pima_diabetes,CTGAN,MLP,1,5,2.0479977130889893,1.5740001201629639,800,0.5,0.7918518518518518,0.6238663524133543,0.6346153846153846,0.66,0.6111111111111112,C1_grid,0.5
pima_diabetes,CTGAN,RF,2,5,2.1399998664855957,0.19299983978271484,800,0.5,0.8518518518518519,0.7373476068073735,0.6666666666666666,0.6862745098039216,0.6481481481481481,C1_grid,0.5
pima_diabetes,CTGAN,LGBM,2,5,2.1399998664855957,0.051000118255615234,800,0.5,0.8155555555555555,0.7012783108490961,0.68,0.7391304347826086,0.6296296296296297,C1_grid,0.5
pima_diabetes,CTGAN,MLP,2,5,2.1399998664855957,1.531001329421997,800,0.5,0.7662962962962963,0.6719640423689333,0.5688073394495413,0.5636363636363636,0.5740740740740741,C1_grid,0.5
pima_diabetes,CTGAN,RF,3,5,2.162996768951416,0.1939997673034668,800,0.5,0.7883018867924528,0.6146609288308028,0.6153846153846154,0.6274509803921569,0.6037735849056604,C1_grid,0.5
pima_diabetes,CTGAN,LGBM,3,5,2.162996768951416,0.03999948501586914,800,0.5,0.7849056603773585,0.6259336134912412,0.6285714285714284,0.6346153846153846,0.6226415094339622,C1_grid,0.5
pima_diabetes,CTGAN,MLP,3,5,2.162996768951416,1.565000295639038,800,0.5,0.7367924528301888,0.619083807859164,0.5840707964601771,0.55,0.6226415094339622,C1_grid,0.5
pima_diabetes,CTGAN,RF,4,5,2.198000431060791,0.20599961280822754,800,0.5,0.7849056603773585,0.6536542577705948,0.6086956521739131,0.5645161290322581,0.660377358490566,C1_grid,0.5
pima_diabetes,CTGAN,LGBM,4,5,2.198000431060791,0.051000356674194336,800,0.5,0.7549056603773585,0.6371504023611428,0.5420560747663552,0.5370370370370371,0.5471698113207547,C1_grid,0.5
pima_diabetes,CTGAN,MLP,4,5,2.198000431060791,1.5621788501739502,800,0.5,0.7035849056603773,0.5015086129016633,0.5666666666666667,0.5074626865671642,0.6415094339622641,C1_grid,0.5
pima_diabetes,TVAE,RF,0,5,0.0,0.20247650146484375,614,0.3485342019543974,0.8585185185185185,0.6816120581458174,0.7476635514018692,0.7547169811320755,0.7407407407407407,C1_grid,0.2
pima_diabetes,TVAE,LGBM,0,5,0.0,0.03395366668701172,614,0.3485342019543974,0.8381481481481481,0.6693320636412334,0.7008547008547008,0.6507936507936508,0.7592592592592593,C1_grid,0.2
pima_diabetes,TVAE,MLP,0,5,0.0,1.2640001773834229,614,0.3485342019543974,0.8120370370370371,0.5984296216996448,0.6019417475728156,0.6326530612244898,0.5740740740740741,C1_grid,0.2
pima_diabetes,TVAE,RF,1,5,0.0,0.1940000057220459,614,0.3485342019543974,0.8551851851851852,0.7454766700587823,0.6481481481481481,0.6481481481481481,0.6481481481481481,C1_grid,0.2
pima_diabetes,TVAE,LGBM,1,5,0.0,0.043000221252441406,614,0.3485342019543974,0.8390740740740741,0.7247982746601734,0.6728971962616822,0.6792452830188679,0.6666666666666666,C1_grid,0.2
pima_diabetes,TVAE,MLP,1,5,0.0,1.2490005493164062,614,0.3485342019543974,0.8022222222222223,0.6518024326278684,0.6666666666666666,0.6862745098039216,0.6481481481481481,C1_grid,0.2
pima_diabetes,TVAE,RF,2,5,0.0,0.20206999778747559,614,0.3485342019543974,0.8227777777777777,0.7106883046657668,0.6902654867256637,0.6610169491525424,0.7222222222222222,C1_grid,0.2
pima_diabetes,TVAE,LGBM,2,5,0.0,0.037999868392944336,614,0.3485342019543974,0.8077777777777778,0.6761702900105812,0.6434782608695653,0.6065573770491803,0.6851851851851852,C1_grid,0.2
pima_diabetes,TVAE,MLP,2,5,0.0,1.2409999370574951,614,0.3485342019543974,0.7340740740740741,0.606882323618706,0.576923076923077,0.6,0.5555555555555556,C1_grid,0.2
pima_diabetes,TVAE,RF,3,5,0.0,0.18800020217895508,615,0.34959349593495936,0.8120754716981132,0.6829115149358356,0.6909090909090909,0.6666666666666666,0.7169811320754716,C1_grid,0.2
pima_diabetes,TVAE,LGBM,3,5,0.0,0.03899979591369629,615,0.34959349593495936,0.7939622641509434,0.6063354989871512,0.672566371681416,0.6333333333333333,0.7169811320754716,C1_grid,0.2
pima_diabetes,TVAE,MLP,3,5,0.0,1.23995041847229,615,0.34959349593495936,0.7815094339622642,0.6515485430127395,0.58,0.6170212765957447,0.5471698113207547,C1_grid,0.2
pima_diabetes,TVAE,RF,4,5,0.0,0.18923616409301758,615,0.34959349593495936,0.7975471698113208,0.6819070051978152,0.6495726495726496,0.59375,0.7169811320754716,C1_grid,0.2
pima_diabetes,TVAE,LGBM,4,5,0.0,0.0409998893737793,615,0.34959349593495936,0.7628301886792453,0.65949202222321,0.5925925925925926,0.5818181818181818,0.6037735849056604,C1_grid,0.2
pima_diabetes,TVAE,MLP,4,5,0.0,1.25600004196167,615,0.34959349593495936,0.7581132075471698,0.5704246555179784,0.5504587155963302,0.5357142857142857,0.5660377358490566,C1_grid,0.2
pima_diabetes,TVAE,RF,0,5,0.0,0.19455718994140625,614,0.3485342019543974,0.8585185185185185,0.6816120581458174,0.7476635514018692,0.7547169811320755,0.7407407407407407,C1_grid,0.3
pima_diabetes,TVAE,LGBM,0,5,0.0,0.037999629974365234,614,0.3485342019543974,0.8381481481481481,0.6693320636412334,0.7008547008547008,0.6507936507936508,0.7592592592592593,C1_grid,0.3
pima_diabetes,TVAE,MLP,0,5,0.0,1.245002031326294,614,0.3485342019543974,0.8120370370370371,0.5984296216996448,0.6019417475728156,0.6326530612244898,0.5740740740740741,C1_grid,0.3
pima_diabetes,TVAE,RF,1,5,0.0,0.18899774551391602,614,0.3485342019543974,0.8551851851851852,0.7454766700587823,0.6481481481481481,0.6481481481481481,0.6481481481481481,C1_grid,0.3
pima_diabetes,TVAE,LGBM,1,5,0.0,0.0410003662109375,614,0.3485342019543974,0.8390740740740741,0.7247982746601734,0.6728971962616822,0.6792452830188679,0.6666666666666666,C1_grid,0.3
pima_diabetes,TVAE,MLP,1,5,0.0,1.2420032024383545,614,0.3485342019543974,0.8022222222222223,0.6518024326278684,0.6666666666666666,0.6862745098039216,0.6481481481481481,C1_grid,0.3
pima_diabetes,TVAE,RF,2,5,0.0,0.20028090476989746,614,0.3485342019543974,0.8227777777777777,0.7106883046657668,0.6902654867256637,0.6610169491525424,0.7222222222222222,C1_grid,0.3
pima_diabetes,TVAE,LGBM,2,5,0.0,0.03900003433227539,614,0.3485342019543974,0.8077777777777778,0.6761702900105812,0.6434782608695653,0.6065573770491803,0.6851851851851852,C1_grid,0.3
pima_diabetes,TVAE,MLP,2,5,0.0,1.2370007038116455,614,0.3485342019543974,0.7340740740740741,0.606882323618706,0.576923076923077,0.6,0.5555555555555556,C1_grid,0.3
pima_diabetes,TVAE,RF,3,5,0.0,0.1979999542236328,615,0.34959349593495936,0.8120754716981132,0.6829115149358356,0.6909090909090909,0.6666666666666666,0.7169811320754716,C1_grid,0.3
pima_diabetes,TVAE,LGBM,3,5,0.0,0.0429990291595459,615,0.34959349593495936,0.7939622641509434,0.6063354989871512,0.672566371681416,0.6333333333333333,0.7169811320754716,C1_grid,0.3
pima_diabetes,TVAE,MLP,3,5,0.0,1.2510011196136475,615,0.34959349593495936,0.7815094339622642,0.6515485430127395,0.58,0.6170212765957447,0.5471698113207547,C1_grid,0.3
pima_diabetes,TVAE,RF,4,5,0.0,0.19981980323791504,615,0.34959349593495936,0.7975471698113208,0.6819070051978152,0.6495726495726496,0.59375,0.7169811320754716,C1_grid,0.3
pima_diabetes,TVAE,LGBM,4,5,0.0,0.039998531341552734,615,0.34959349593495936,0.7628301886792453,0.65949202222321,0.5925925925925926,0.5818181818181818,0.6037735849056604,C1_grid,0.3
pima_diabetes,TVAE,MLP,4,5,0.0,1.2460002899169922,615,0.34959349593495936,0.7581132075471698,0.5704246555179784,0.5504587155963302,0.5357142857142857,0.5660377358490566,C1_grid,0.3
pima_diabetes,TVAE,RF,0,5,1.4990003108978271,0.18899965286254883,666,0.3993993993993994,0.8601851851851852,0.6974967717628293,0.7142857142857143,0.6896551724137931,0.7407407407407407,C1_grid,0.4
pima_diabetes,TVAE,LGBM,0,5,1.4990003108978271,0.03999948501586914,666,0.3993993993993994,0.8303703703703703,0.655511031678846,0.689655172413793,0.6451612903225806,0.7407407407407407,C1_grid,0.4
pima_diabetes,TVAE,MLP,0,5,1.4990003108978271,1.393000602722168,666,0.3993993993993994,0.7907407407407406,0.5800302541928914,0.6551724137931035,0.6129032258064516,0.7037037037037037,C1_grid,0.4
pima_diabetes,TVAE,RF,1,5,1.30299973487854,0.19900035858154297,666,0.3993993993993994,0.8392592592592594,0.7062257802560349,0.6181818181818182,0.6071428571428571,0.6296296296296297,C1_grid,0.4
pima_diabetes,TVAE,LGBM,1,5,1.30299973487854,0.05099773406982422,666,0.3993993993993994,0.832037037037037,0.6985019392433225,0.6355140186915889,0.6415094339622641,0.6296296296296297,C1_grid,0.4
pima_diabetes,TVAE,MLP,1,5,1.30299973487854,1.4139995574951172,666,0.3993993993993994,0.7855555555555556,0.6286836894156914,0.6296296296296297,0.6296296296296297,0.6296296296296297,C1_grid,0.4
pima_diabetes,TVAE,RF,2,5,1.3590049743652344,0.18399548530578613,666,0.3993993993993994,0.817037037037037,0.6979934582803813,0.6842105263157895,0.65,0.7222222222222222,C1_grid,0.4
pima_diabetes,TVAE,LGBM,2,5,1.3590049743652344,0.047997474670410156,666,0.3993993993993994,0.7868518518518519,0.6513039213235818,0.6486486486486486,0.631578947368421,0.6666666666666666,C1_grid,0.4
pima_diabetes,TVAE,MLP,2,5,1.3590049743652344,1.4100010395050049,666,0.3993993993993994,0.7342592592592592,0.6178356940679293,0.5370370370370371,0.5370370370370371,0.5370370370370371,C1_grid,0.4
pima_diabetes,TVAE,RF,3,5,1.4999995231628418,0.1940021514892578,666,0.3993993993993994,0.8211320754716981,0.6629107600880061,0.6909090909090909,0.6666666666666666,0.7169811320754716,C1_grid,0.4
pima_diabetes,TVAE,LGBM,3,5,1.4999995231628418,0.04500007629394531,666,0.3993993993993994,0.7964150943396227,0.6045672416777166,0.631578947368421,0.5901639344262295,0.6792452830188679,C1_grid,0.4
pima_diabetes,TVAE,MLP,3,5,1.4999995231628418,1.3840012550354004,666,0.3993993993993994,0.7890566037735849,0.6433572159943581,0.6355140186915889,0.6296296296296297,0.6415094339622641,C1_grid,0.4
pima_diabetes,TVAE,RF,4,5,1.437000036239624,0.19999957084655762,666,0.3993993993993994,0.7883018867924528,0.621973929264828,0.6507936507936508,0.5616438356164384,0.7735849056603774,C1_grid,0.4
pima_diabetes,TVAE,LGBM,4,5,1.437000036239624,0.04299664497375488,666,0.3993993993993994,0.7792452830188679,0.641140980003761,0.5471698113207547,0.5471698113207547,0.5471698113207547,C1_grid,0.4
pima_diabetes,TVAE,MLP,4,5,1.437000036239624,1.4200007915496826,666,0.3993993993993994,0.7069811320754718,0.47565679694693946,0.564102564102564,0.515625,0.6226415094339622,C1_grid,0.4
pima_diabetes,TVAE,RF,0,5,1.3250000476837158,0.20099997520446777,800,0.5,0.8557407407407407,0.6933755189871609,0.6846846846846847,0.6666666666666666,0.7037037037037037,C1_grid,0.5
pima_diabetes,TVAE,LGBM,0,5,1.3250000476837158,0.05899691581726074,800,0.5,0.8294444444444444,0.6432828092651308,0.6605504587155963,0.6545454545454545,0.6666666666666666,C1_grid,0.5
pima_diabetes,TVAE,MLP,0,5,1.3250000476837158,1.5329992771148682,800,0.5,0.7933333333333332,0.5820119090625264,0.6666666666666666,0.6190476190476191,0.7222222222222222,C1_grid,0.5
pima_diabetes,TVAE,RF,1,5,1.3889999389648438,0.19899988174438477,800,0.5,0.8431481481481482,0.7021601210731612,0.6666666666666666,0.6862745098039216,0.6481481481481481,C1_grid,0.5
pima_diabetes,TVAE,LGBM,1,5,1.3889999389648438,0.04699850082397461,800,0.5,0.8433333333333334,0.7047537941285056,0.6666666666666667,0.7083333333333334,0.6296296296296297,C1_grid,0.5
pima_diabetes,TVAE,MLP,1,5,1.3889999389648438,1.5379090309143066,800,0.5,0.7894444444444444,0.6368549483684365,0.6226415094339622,0.6346153846153846,0.6111111111111112,C1_grid,0.5
pima_diabetes,TVAE,RF,2,5,1.3789989948272705,0.19499754905700684,800,0.5,0.8187037037037037,0.6985172280818014,0.6727272727272727,0.6607142857142857,0.6851851851851852,C1_grid,0.5
pima_diabetes,TVAE,LGBM,2,5,1.3789989948272705,0.051999568939208984,800,0.5,0.793888888888889,0.6647636330070006,0.6476190476190475,0.6666666666666666,0.6296296296296297,C1_grid,0.5
pima_diabetes,TVAE,MLP,2,5,1.3789989948272705,1.5308787822723389,800,0.5,0.7233333333333334,0.5902854966326448,0.5714285714285715,0.5882352941176471,0.5555555555555556,C1_grid,0.5
pima_diabetes,TVAE,RF,3,5,1.4930002689361572,0.1959998607635498,800,0.5,0.8190566037735849,0.6399553814067198,0.6788990825688073,0.6607142857142857,0.6981132075471698,C1_grid,0.5
pima_diabetes,TVAE,LGBM,3,5,1.4930002689361572,0.042999982833862305,800,0.5,0.8113207547169812,0.6207965721980522,0.6607142857142857,0.6271186440677966,0.6981132075471698,C1_grid,0.5
pima_diabetes,TVAE,MLP,3,5,1.4930002689361572,1.5324935913085938,800,0.5,0.7852830188679245,0.6576787530904915,0.6607142857142857,0.6271186440677966,0.6981132075471698,C1_grid,0.5
pima_diabetes,TVAE,RF,4,5,1.435999870300293,0.19499993324279785,800,0.5,0.769811320754717,0.5805490283742932,0.6721311475409837,0.5942028985507246,0.7735849056603774,C1_grid,0.5
pima_diabetes,TVAE,LGBM,4,5,1.435999870300293,0.054998159408569336,800,0.5,0.7737735849056604,0.6518469049059537,0.5686274509803921,0.5918367346938775,0.5471698113207547,C1_grid,0.5
pima_diabetes,TVAE,MLP,4,5,1.435999870300293,1.5310008525848389,800,0.5,0.6981132075471698,0.4696246395803555,0.5470085470085471,0.5,0.6037735849056604,C1_grid,0.5
credit_default,None,RF,0,5,0.0,0.5799510478973389,24000,0.22116666666666668,0.7912423183745255,0.5650857161147145,0.5576102418207681,0.5283018867924528,0.5903614457831325,C0_fixed0.50,
credit_default,None,LGBM,0,5,0.0,0.09000062942504883,24000,0.22116666666666668,0.7959795087885789,0.5640576648166062,0.5549169859514687,0.4817073170731707,0.6543674698795181,C0_fixed0.50,
credit_default,None,MLP,0,5,0.0,55.340155601501465,24000,0.22116666666666668,0.7056797932311437,0.4292780050203936,0.4362934362934363,0.44770206022187004,0.4254518072289157,C0_fixed0.50,
credit_default,None,RF,1,5,0.0,0.5679996013641357,24000,0.22120833333333334,0.7739326803386061,0.5411278153667323,0.5359712230215828,0.5127322780454233,0.5614167294649586,C0_fixed0.50,
credit_default,None,LGBM,1,5,0.0,0.10000014305114746,24000,0.22120833333333334,0.7782757204360344,0.5513805733937805,0.5412903225806451,0.47320924985899604,0.6322532027128862,C0_fixed0.50,
credit_default,None,MLP,1,5,0.0,50.97100043296814,24000,0.22120833333333334,0.6994839278569783,0.4109540441257462,0.42684451854939554,0.47761194029850745,0.3858327053504145,C0_fixed0.50,
credit_default,None,RF,2,5,0.0,0.6069986820220947,24000,0.22120833333333334,0.7781493712940879,0.5501054963823777,0.5377730039384175,0.5122783083219645,0.5659382064807837,C0_fixed0.50,
credit_default,None,LGBM,2,5,0.0,0.09000062942504883,24000,0.22120833333333334,0.7833120278738948,0.5518544550885682,0.5295250320924262,0.461151481274455,0.6217030896759608,C0_fixed0.50,
credit_default,None,MLP,2,5,0.0,54.12336087226868,24000,0.22120833333333334,0.7043597791413774,0.42710627596450057,0.43747518856689166,0.462248322147651,0.4152223059532781,C0_fixed0.50,
credit_default,None,RF,3,5,0.0,0.5659985542297363,24000,0.22120833333333334,0.7763326689857285,0.5589173844693595,0.5479063165365508,0.5177733065057009,0.5817633760361718,C0_fixed0.50,
credit_default,None,LGBM,3,5,0.0,0.10400032997131348,24000,0.22120833333333334,0.7845666498577423,0.5689036257476403,0.5442220787604907,0.47600225861095424,0.6352675207234363,C0_fixed0.50,
credit_default,None,MLP,3,5,0.0,73.87497591972351,24000,0.22120833333333334,0.7101155590703605,0.42968067189198733,0.4263870685889035,0.5072765072765073,0.3677467972871138,C0_fixed0.50,
credit_default,None,RF,4,5,0.0,0.5859992504119873,24000,0.22120833333333334,0.7751250550106586,0.5574617989171824,0.5388193202146692,0.5129427792915532,0.5674453654860587,C0_fixed0.50,
credit_default,None,LGBM,4,5,0.0,0.09099721908569336,24000,0.22120833333333334,0.7795570313579703,0.5667154675126261,0.5316129032258065,0.4647490129723632,0.6209495101733233,C0_fixed0.50,
credit_default,None,MLP,4,5,0.0,87.0670006275177,24000,0.22120833333333334,0.6949453570197793,0.403928045145561,0.4053826745164003,0.4586108468125595,0.3632253202712886,C0_fixed0.50,
credit_default,SMOTE,RF,0,5,0.04400062561035156,0.9839992523193359,37384,0.5,0.7859658346571217,0.5609971546888451,0.553476879632898,0.5209302325581395,0.5903614457831325,C0_fixed0.50,0.5
credit_default,SMOTE,LGBM,0,5,0.04400062561035156,0.12800025939941406,37384,0.5,0.7865745946113218,0.5497098528469684,0.5304095986760446,0.588613406795225,0.48268072289156627,C0_fixed0.50,0.5
credit_default,SMOTE,MLP,0,5,0.04400062561035156,117.30388236045837,37384,0.5,0.6954611038331407,0.4217410743982873,0.43312966734555325,0.3943139678615575,0.48042168674698793,C0_fixed0.50,0.5
credit_default,SMOTE,RF,1,5,0.03600025177001953,0.9329996109008789,37382,0.5,0.7683238911471906,0.5396852027244721,0.5280112044817928,0.49313276651406146,0.5681989449886963,C0_fixed0.50,0.5
credit_default,SMOTE,LGBM,1,5,0.03600025177001953,0.13900041580200195,37382,0.5,0.7661636191554653,0.5315051683092792,0.5192385581206966,0.5612959719789843,0.48304446119065564,C0_fixed0.50,0.5
credit_default,SMOTE,MLP,1,5,0.03600025177001953,83.46041369438171,37382,0.5,0.672291528350506,0.3770070815535934,0.40807651434643993,0.3850267379679144,0.43406179351921625,C0_fixed0.50,0.5
credit_default,SMOTE,RF,2,5,0.039998769760131836,0.9479999542236328,37382,0.5,0.7701135819925301,0.5478575709080348,0.5347150259067357,0.49362244897959184,0.5832705350414469,C0_fixed0.50,0.5
credit_default,SMOTE,LGBM,2,5,0.039998769760131836,0.13000059127807617,37382,0.5,0.7700595590664903,0.5401591868527034,0.5119735755573905,0.5662100456621004,0.46721929163526754,C0_fixed0.50,0.5
credit_default,SMOTE,MLP,2,5,0.039998769760131836,96.84810781478882,37382,0.5,0.6606958701166299,0.37005620998846234,0.4024725274725275,0.36971608832807573,0.44159758854559156,C0_fixed0.50,0.5
credit_default,SMOTE,RF,3,5,0.030998706817626953,0.9459998607635498,37382,0.5,0.7757185008847663,0.5598087505990761,0.5463953087271474,0.5038167938931297,0.5968349660889224,C0_fixed0.50,0.5
credit_default,SMOTE,LGBM,3,5,0.030998706817626953,0.13900065422058105,37382,0.5,0.7797988444254227,0.5706554218633542,0.5385245901639345,0.5902964959568733,0.49510173323285606,C0_fixed0.50,0.5
credit_default,SMOTE,MLP,3,5,0.030998706817626953,85.84780406951904,37382,0.5,0.6930889841448356,0.3912840779746729,0.44480625203516766,0.3916284403669725,0.5146948003014318,C0_fixed0.50,0.5
credit_default,SMOTE,RF,4,5,0.03899645805358887,0.9339993000030518,37382,0.5,0.7730067112600387,0.5472670316588826,0.5254654021777309,0.4921052631578947,0.5636774679728711,C0_fixed0.50,0.5
credit_default,SMOTE,LGBM,4,5,0.03899645805358887,0.13899993896484375,37382,0.5,0.7700598815914219,0.5501665256740831,0.5066666666666667,0.5666356011183598,0.4581763376036172,C0_fixed0.50,0.5
credit_default,SMOTE,MLP,4,5,0.03899645805358887,121.46945476531982,37382,0.5,0.6789906937043618,0.3904220109715365,0.42341395022783035,0.39580602883355176,0.45516201959306707,C0_fixed0.50,0.5
credit_default,ADASYN,RF,0,5,0.10000061988830566,0.9820401668548584,36907,0.4935378112553174,0.7805194719374071,0.5562305217875073,0.5493847688726305,0.4919594997022037,0.6219879518072289,C0_fixed0.50,0.5
credit_default,ADASYN,LGBM,0,5,0.10000061988830566,0.15500140190124512,36907,0.4935378112553174,0.7806816951023272,0.5497194645922798,0.5281923714759535,0.5876383763837638,0.4796686746987952,C0_fixed0.50,0.5
credit_default,ADASYN,MLP,0,5,0.10000061988830566,87.67200207710266,36907,0.4935378112553174,0.6780356120543819,0.37991798836989077,0.4143589743589744,0.3794614902943018,0.4563253012048193,C0_fixed0.50,0.5
credit_default,ADASYN,RF,1,5,0.10099935531616211,0.9269993305206299,36793,0.49199576006305545,0.7646515416449835,0.5404837840350024,0.5217105263157895,0.46293053123175715,0.5975885455915599,C0_fixed0.50,0.5
credit_default,ADASYN,LGBM,1,5,0.10099935531616211,0.14400029182434082,36793,0.49199576006305545,0.763920296993858,0.5284311322114607,0.5039435450394355,0.5609981515711645,0.45742275810097965,C0_fixed0.50,0.5
credit_default,ADASYN,MLP,1,5,0.10099935531616211,162.81815218925476,36793,0.49199576006305545,0.677301953162607,0.3897505292677698,0.42284963887065,0.37463641652123325,0.4853051996985682,C0_fixed0.50,0.5
credit_default,ADASYN,RF,2,5,0.12800216674804688,1.0139977931976318,36853,0.49282283667544025,0.7678679215251687,0.5419155278549865,0.5246872942725478,0.4658094681472823,0.60060286360211,C0_fixed0.50,0.5
credit_default,ADASYN,LGBM,2,5,0.12800216674804688,0.1679995059967041,36853,0.49282283667544025,0.7667834314427298,0.5360495434513461,0.508488612836439,0.5643382352941176,0.46269781461944237,C0_fixed0.50,0.5
credit_default,ADASYN,MLP,2,5,0.12800216674804688,104.88199615478516,36853,0.49282283667544025,0.6626647235614622,0.36230569680013947,0.3971868720696584,0.3574442435201929,0.4468726450640543,C0_fixed0.50,0.5
credit_default,ADASYN,RF,3,5,0.10799860954284668,0.989999532699585,36947,0.4941131891628549,0.7728369825147947,0.5560295634713802,0.5376700962495852,0.4804270462633452,0.6103993971363979,C0_fixed0.50,0.5
credit_default,ADASYN,LGBM,3,5,0.10799860954284668,0.17200970649719238,36947,0.4941131891628549,0.7773999039843278,0.5599181015389373,0.533721898417985,0.5962790697674418,0.48304446119065564,C0_fixed0.50,0.5
credit_default,ADASYN,MLP,3,5,0.10799860954284668,88.9259557723999,36947,0.4941131891628549,0.6999503795392763,0.40268993824578314,0.4485417365068723,0.40398550724637683,0.5041446872645065,C0_fixed0.50,0.5
credit_default,ADASYN,RF,4,5,0.10999894142150879,0.9449999332427979,36908,0.49357862793974205,0.7672535115305082,0.5385215185793195,0.5199063231850117,0.4675090252707581,0.5855312735493594,C0_fixed0.50,0.5
credit_default,ADASYN,LGBM,4,5,0.10999894142150879,0.16099905967712402,36908,0.49357862793974205,0.7609541158293462,0.5432889999636832,0.5,0.5827482447342026,0.43782969103240393,C0_fixed0.50,0.5
credit_default,ADASYN,MLP,4,5,0.10999894142150879,91.79560208320618,36908,0.49357862793974205,0.6899042923391783,0.39751664304663714,0.44823232323232326,0.3856599674090168,0.5350414468726451,C0_fixed0.50,0.5
credit_default,G-SMOTE,RF,0,5,4.545013904571533,0.9820001125335693,37383,0.49998662493646845,0.7861837439655883,0.5630852553202212,0.5592176747555234,0.5387299371946964,0.5813253012048193,C0_fixed0.50,0.5
credit_default,G-SMOTE,LGBM,0,5,4.545013904571533,0.17950987815856934,37383,0.49998662493646845,0.7851817157327942,0.5534677277661599,0.5252525252525253,0.5954198473282443,0.46987951807228917,C0_fixed0.50,0.5
credit_default,G-SMOTE,MLP,0,5,4.545013904571533,88.90468716621399,37383,0.49998662493646845,0.6852156592981515,0.39007724511828235,0.42871865338371695,0.39418825015792797,0.46987951807228917,C0_fixed0.50,0.5
credit_default,G-SMOTE,RF,1,5,4.248588800430298,0.9785101413726807,37381,0.4999866242208609,0.7691537477961468,0.541605528464754,0.5307748008689356,0.510801393728223,0.5523737754333082,C0_fixed0.50,0.5
credit_default,G-SMOTE,LGBM,1,5,4.248588800430298,0.1660001277923584,37381,0.4999866242208609,0.7714572208574938,0.5352649913134975,0.511101801424382,0.5754716981132075,0.45968349660889224,C0_fixed0.50,0.5
credit_default,G-SMOTE,MLP,1,5,4.248588800430298,120.02452206611633,37381,0.4999866242208609,0.6883619781163609,0.42226058006943573,0.4369803791153974,0.39107142857142857,0.49510173323285606,C0_fixed0.50,0.5
credit_default,G-SMOTE,RF,2,5,4.314000129699707,0.9300000667572021,37383,0.5000133750635316,0.7726496761607793,0.5473988405830391,0.5355467340310357,0.5138504155124654,0.5591559909570459,C0_fixed0.50,0.5
credit_default,G-SMOTE,LGBM,2,5,4.314000129699707,0.15900182723999023,37383,0.5000133750635316,0.7716386411315077,0.5421087739922952,0.5082732286805262,0.5815533980582525,0.45139412207987945,C0_fixed0.50,0.5
credit_default,G-SMOTE,MLP,2,5,4.314000129699707,111.89301204681396,37383,0.5000133750635316,0.6600842015838877,0.3697263799408405,0.39633147723550605,0.3505214368482039,0.4559155990957046,C0_fixed0.50,0.5
credit_default,G-SMOTE,RF,3,5,3.805999517440796,0.9779996871948242,37380,0.4999732477260567,0.7757309180946323,0.562056808568002,0.5475339528234452,0.5207341944255608,0.5772418990203466,C0_fixed0.50,0.5
credit_default,G-SMOTE,LGBM,3,5,3.805999517440796,0.17799973487854004,37380,0.4999732477260567,0.7778157998836006,0.568049466747569,0.5416666666666667,0.6057781919850885,0.4898266767143934,C0_fixed0.50,0.5
credit_default,G-SMOTE,MLP,3,5,3.805999517440796,83.93437314033508,37380,0.4999732477260567,0.6955156617300463,0.4094810628176238,0.4405940594059406,0.4150566289140573,0.4694800301431801,C0_fixed0.50,0.5
credit_default,G-SMOTE,RF,4,5,5.331560134887695,0.9300005435943604,37381,0.4999866242208609,0.7711480000793411,0.5453833037977315,0.5319379285456514,0.510387811634349,0.5553880934438583,C0_fixed0.50,0.5
credit_default,G-SMOTE,LGBM,4,5,5.331560134887695,0.11899781227111816,37381,0.4999866242208609,0.7672081161463883,0.5472036766049818,0.5030042918454936,0.584247258225324,0.44159758854559156,C0_fixed0.50,0.5
credit_default,G-SMOTE,MLP,4,5,5.331560134887695,61.51991057395935,37381,0.4999866242208609,0.6963618865192803,0.4253394988879009,0.4464464464464465,0.40059880239520956,0.5041446872645065,C0_fixed0.50,0.5
credit_default,CTGAN,RF,0,5,40.34843730926514,0.9519994258880615,37384,0.5,0.7823397077178578,0.556640486170759,0.4846449136276392,0.667989417989418,0.3802710843373494,C0_fixed0.50,0.5
credit_default,CTGAN,LGBM,0,5,40.34843730926514,0.12899994850158691,37384,0.5,0.7947411972375804,0.5590817381680248,0.48148148148148145,0.6823204419889503,0.37198795180722893,C0_fixed0.50,0.5
credit_default,CTGAN,MLP,0,5,40.34843730926514,142.01902627944946,37384,0.5,0.726225159628239,0.43687426372257293,0.42203465126610396,0.514626218851571,0.35768072289156627,C0_fixed0.50,0.5
credit_default,CTGAN,RF,1,5,29.624910593032837,0.975999116897583,37382,0.5,0.7702746025646217,0.5418835318684271,0.47817836812144215,0.645326504481434,0.37980406932931426,C0_fixed0.50,0.5
credit_default,CTGAN,LGBM,1,5,29.624910593032837,0.12200021743774414,37382,0.5,0.7771076963963159,0.5427823634518676,0.473378509196515,0.6617050067658998,0.36850037678975134,C0_fixed0.50,0.5
credit_default,CTGAN,MLP,1,5,29.624910593032837,116.62440252304077,37382,0.5,0.6894209887292051,0.37925186404115907,0.39002079002079,0.43506493506493504,0.35342878673700073,C0_fixed0.50,0.5
credit_default,CTGAN,RF,2,5,28.719577312469482,1.0630333423614502,37382,0.5,0.7753555797055056,0.5459577522123711,0.47030651340996166,0.6452036793692509,0.3700075357950264,C0_fixed0.50,0.5
credit_default,CTGAN,LGBM,2,5,28.719577312469482,0.20099973678588867,37382,0.5,0.7847067063092812,0.5439865485296189,0.46365422396856576,0.6657263751763046,0.3556895252449133,C0_fixed0.50,0.5
credit_default,CTGAN,MLP,2,5,28.719577312469482,130.50629019737244,37382,0.5,0.6816292701696207,0.3677602778863003,0.38953722334004026,0.41796200345423146,0.36473247927656366,C0_fixed0.50,0.5
credit_default,CTGAN,RF,3,5,28.01414155960083,0.909001350402832,37382,0.5,0.7729636541816729,0.5593660275988828,0.5064997592681753,0.7013333333333334,0.39638281838733985,C0_fixed0.50,0.5
credit_default,CTGAN,LGBM,3,5,28.01414155960083,0.12100052833557129,37382,0.5,0.7822830927109206,0.5644803376184835,0.49461312438785504,0.7062937062937062,0.38055764883195176,C0_fixed0.50,0.5
credit_default,CTGAN,MLP,3,5,28.01414155960083,190.8780016899109,37382,0.5,0.7150985692632773,0.42655876786176034,0.43847123057538845,0.4952561669829222,0.3933685003767898,C0_fixed0.50,0.5
credit_default,CTGAN,RF,4,5,27.474748373031616,0.9529991149902344,37382,0.5,0.7652357955585415,0.5528753378244708,0.47778308647873874,0.6527415143603134,0.37678975131876413,C0_fixed0.50,0.5
credit_default,CTGAN,LGBM,4,5,27.474748373031616,0.1250011920928955,37382,0.5,0.779236764100911,0.5554010464606226,0.4690997566909975,0.6620879120879121,0.3632253202712886,C0_fixed0.50,0.5
credit_default,CTGAN,MLP,4,5,27.474748373031616,186.277001619339,37382,0.5,0.6969919389731225,0.39895986306384046,0.4239043824701195,0.44970414201183434,0.400904295403165,C0_fixed0.50,0.5
credit_default,TVAE,RF,0,5,20.898189306259155,0.9470009803771973,37384,0.5,0.7828958438634677,0.556079796466011,0.47214076246334313,0.6727019498607242,0.36370481927710846,C0_fixed0.50,0.5
credit_default,TVAE,LGBM,0,5,20.898189306259155,0.12899994850158691,37384,0.5,0.7951205238333471,0.5664034630037966,0.4766536964980545,0.6730769230769231,0.3689759036144578,C0_fixed0.50,0.5
credit_default,TVAE,MLP,0,5,20.898189306259155,67.81852674484253,37384,0.5,0.7040008277974913,0.4131180129793274,0.4224240031583103,0.44398340248962653,0.40286144578313254,C0_fixed0.50,0.5
credit_default,TVAE,RF,1,5,20.75344944000244,0.9539988040924072,37382,0.5,0.7699024087935777,0.5425801898479361,0.47312859884836855,0.6512549537648613,0.3715146948003014,C0_fixed0.50,0.5
credit_default,TVAE,LGBM,1,5,20.75344944000244,0.12600016593933105,37382,0.5,0.7802552978348417,0.5584632662914756,0.4730451675570666,0.6653005464480874,0.36699321778447624,C0_fixed0.50,0.5
credit_default,TVAE,MLP,1,5,20.75344944000244,84.8530011177063,37382,0.5,0.6970778918673887,0.4131806040435241,0.43790109475273686,0.43872919818456885,0.4370761115297664,C0_fixed0.50,0.5
credit_default,TVAE,RF,2,5,20.97195029258728,0.9239978790283203,37382,0.5,0.7748454258949785,0.5479035749553763,0.47075882068632185,0.6563342318059299,0.36699321778447624,C0_fixed0.50,0.5
credit_default,TVAE,LGBM,2,5,20.97195029258728,0.12199974060058594,37382,0.5,0.7816832769694139,0.5521971608546333,0.46039603960396036,0.670995670995671,0.35041446872645066,C0_fixed0.50,0.5
credit_default,TVAE,MLP,2,5,20.97195029258728,85.32860946655273,37382,0.5,0.6748498767390343,0.37361221814178236,0.3879625864172428,0.4213780918727915,0.359457422758101,C0_fixed0.50,0.5
credit_default,TVAE,RF,3,5,20.165048837661743,0.9820005893707275,37382,0.5,0.7675327374900239,0.5564742991096282,0.49975833736104397,0.6967654986522911,0.3896006028636021,C0_fixed0.50,0.5
credit_default,TVAE,LGBM,3,5,20.165048837661743,0.12899994850158691,37382,0.5,0.7826548833257998,0.5655794695941612,0.49162561576354674,0.7098150782361309,0.3760361718161266,C0_fixed0.50,0.5
credit_default,TVAE,MLP,3,5,20.165048837661743,141.86000037193298,37382,0.5,0.6938077309548624,0.39678620103187745,0.4187524831148193,0.44285714285714284,0.3971363978899774,C0_fixed0.50,0.5
credit_default,TVAE,RF,4,5,20.192731857299805,0.9419991970062256,37382,0.5,0.7654114103837869,0.5470246590785887,0.4734811957569913,0.6572958500669344,0.3700075357950264,C0_fixed0.50,0.5
credit_default,TVAE,LGBM,4,5,20.192731857299805,0.11700153350830078,37382,0.5,0.7771347884905687,0.5566899365724177,0.47619047619047616,0.6703146374829001,0.36925395629238883,C0_fixed0.50,0.5
credit_default,TVAE,MLP,4,5,20.192731857299805,188.47399806976318,37382,0.5,0.6832157703080646,0.383427188531329,0.4040800313848568,0.4214402618657938,0.38809344385832706,C0_fixed0.50,0.5
credit_default,GMMSampling,RF,0,5,22.15100073814392,0.6389999389648438,23997,0.49993749218652334,0.7815484164827118,0.5443212396947451,0.550202280250092,0.5377426312005751,0.5632530120481928,C0_fixed0.50,
credit_default,GMMSampling,LGBM,0,5,22.15100073814392,0.10199952125549316,23997,0.49993749218652334,0.7932951304361281,0.5498524005796309,0.5544837441943552,0.5275322909585316,0.5843373493975904,C0_fixed0.50,
credit_default,GMMSampling,MLP,0,5,22.15100073814392,88.12007927894592,23997,0.49993749218652334,0.7552353839587803,0.49989529698948665,0.509850044104675,0.4182344428364689,0.6528614457831325,C0_fixed0.50,
credit_default,GMMSampling,RF,1,5,40.38999819755554,0.6179995536804199,23996,0.4999166527754626,0.7646652489545757,0.5092626870223411,0.5333333333333333,0.521613832853026,0.5455915599095704,C0_fixed0.50,
credit_default,GMMSampling,LGBM,1,5,40.38999819755554,0.10000038146972656,23996,0.4999166527754626,0.7775209314649034,0.5241515034708262,0.5395114942528737,0.515442690459849,0.5659382064807837,C0_fixed0.50,
credit_default,GMMSampling,MLP,1,5,40.38999819755554,55.19100022315979,23996,0.4999166527754626,0.732896220668978,0.48266215346424257,0.4786568013659647,0.38454503886602653,0.6337603617181613,C0_fixed0.50,
credit_default,GMMSampling,RF,2,5,48.48280119895935,0.6419992446899414,23992,0.49983327775925307,0.7731273355844497,0.5316100845324704,0.5432098765432098,0.524176594253679,0.5636774679728711,C0_fixed0.50,
credit_default,GMMSampling,LGBM,2,5,48.48280119895935,0.1080014705657959,23992,0.49983327775925307,0.7827484155559579,0.5405437737288578,0.5415778251599147,0.5124411566913248,0.5742275810097965,C0_fixed0.50,
credit_default,GMMSampling,MLP,2,5,48.48280119895935,38.82841753959656,23992,0.49983327775925307,0.7406698778323938,0.5086099328692698,0.4876805437553101,0.39065335753176045,0.6488319517709118,C0_fixed0.50,
credit_default,GMMSampling,RF,3,5,36.699524879455566,0.6340024471282959,23995,0.49989581162742236,0.765287641441293,0.5358004693839794,0.5466666666666667,0.5375091041514931,0.5561416729464959,C0_fixed0.50,
credit_default,GMMSampling,LGBM,3,5,36.699524879455566,0.11100029945373535,23995,0.49989581162742236,0.7799729272572432,0.5534432401794234,0.550880978065444,0.5268225584594223,0.5772418990203466,C0_fixed0.50,
credit_default,GMMSampling,MLP,3,5,36.699524879455566,55.2641224861145,23995,0.49989581162742236,0.7610165244036071,0.5348354237145987,0.502569960022844,0.4045977011494253,0.6631499623210249,C0_fixed0.50,
credit_default,GMMSampling,RF,4,5,18.349994897842407,0.6060004234313965,23996,0.4999166527754626,0.7591983707330556,0.5271625143749146,0.5230078563411896,0.5193164933135216,0.5267520723436323,C0_fixed0.50,
credit_default,GMMSampling,LGBM,4,5,18.349994897842407,0.09800028800964355,23996,0.4999166527754626,0.7768216167820042,0.5435196000701121,0.5311711711711712,0.5089779005524862,0.5553880934438583,C0_fixed0.50,
credit_default,GMMSampling,MLP,4,5,18.349994897842407,56.71008253097534,23996,0.4999166527754626,0.7361593666642423,0.4946645583358923,0.4888366627497062,0.40057775637939336,0.6269781461944235,C0_fixed0.50,
credit_default,SMOTE,RF,0,5,0.0,0.608999490737915,24000,0.22116666666666668,0.7912423183745255,0.5650857161147145,0.5576102418207681,0.5283018867924528,0.5903614457831325,C1_grid,0.2
credit_default,SMOTE,LGBM,0,5,0.0,0.0950009822845459,24000,0.22116666666666668,0.7959795087885789,0.5640576648166062,0.5549169859514687,0.4817073170731707,0.6543674698795181,C1_grid,0.2
credit_default,SMOTE,MLP,0,5,0.0,55.36853790283203,24000,0.22116666666666668,0.7056797932311437,0.4292780050203936,0.4362934362934363,0.44770206022187004,0.4254518072289157,C1_grid,0.2
credit_default,SMOTE,RF,1,5,0.00099945068359375,0.5940001010894775,24000,0.22120833333333334,0.7739326803386061,0.5411278153667323,0.5359712230215828,0.5127322780454233,0.5614167294649586,C1_grid,0.2
credit_default,SMOTE,LGBM,1,5,0.00099945068359375,0.10099649429321289,24000,0.22120833333333334,0.7782757204360344,0.5513805733937805,0.5412903225806451,0.47320924985899604,0.6322532027128862,C1_grid,0.2
credit_default,SMOTE,MLP,1,5,0.00099945068359375,51.345601320266724,24000,0.22120833333333334,0.6994839278569783,0.4109540441257462,0.42684451854939554,0.47761194029850745,0.3858327053504145,C1_grid,0.2
credit_default,SMOTE,RF,2,5,0.00099945068359375,0.5999999046325684,24000,0.22120833333333334,0.7781493712940879,0.5501054963823777,0.5377730039384175,0.5122783083219645,0.5659382064807837,C1_grid,0.2
credit_default,SMOTE,LGBM,2,5,0.00099945068359375,0.09699726104736328,24000,0.22120833333333334,0.7833120278738948,0.5518544550885682,0.5295250320924262,0.461151481274455,0.6217030896759608,C1_grid,0.2
credit_default,SMOTE,MLP,2,5,0.00099945068359375,54.84758281707764,24000,0.22120833333333334,0.7043597791413774,0.42710627596450057,0.43747518856689166,0.462248322147651,0.4152223059532781,C1_grid,0.2
credit_default,SMOTE,RF,3,5,0.0009999275207519531,0.5759990215301514,24000,0.22120833333333334,0.7763326689857285,0.5589173844693595,0.5479063165365508,0.5177733065057009,0.5817633760361718,C1_grid,0.2
credit_default,SMOTE,LGBM,3,5,0.0009999275207519531,0.09299755096435547,24000,0.22120833333333334,0.7845666498577423,0.5689036257476403,0.5442220787604907,0.47600225861095424,0.6352675207234363,C1_grid,0.2
credit_default,SMOTE,MLP,3,5,0.0009999275207519531,74.7342619895935,24000,0.22120833333333334,0.7101155590703605,0.42968067189198733,0.4263870685889035,0.5072765072765073,0.3677467972871138,C1_grid,0.2
credit_default,SMOTE,RF,4,5,0.0,0.5549993515014648,24000,0.22120833333333334,0.7751250550106586,0.5574617989171824,0.5388193202146692,0.5129427792915532,0.5674453654860587,C1_grid,0.2
credit_default,SMOTE,LGBM,4,5,0.0,0.09100008010864258,24000,0.22120833333333334,0.7795570313579703,0.5667154675126261,0.5316129032258065,0.4647490129723632,0.6209495101733233,C1_grid,0.2
credit_default,SMOTE,MLP,4,5,0.0,87.66200017929077,24000,0.22120833333333334,0.6949453570197793,0.403928045145561,0.4053826745164003,0.4586108468125595,0.3632253202712886,C1_grid,0.2
credit_default,SMOTE,RF,0,5,0.031000137329101562,0.7049994468688965,26702,0.2999775297730507,0.7884775940233537,0.5617380294032962,0.5564487941279272,0.5192433137638617,0.5993975903614458,C1_grid,0.3
credit_default,SMOTE,LGBM,0,5,0.031000137329101562,0.11100053787231445,26702,0.2999775297730507,0.7937079815408896,0.5673152049108297,0.5547107438016529,0.49440188568061283,0.6317771084337349,C1_grid,0.3
credit_default,SMOTE,MLP,0,5,0.031000137329101562,68.21194100379944,26702,0.2999775297730507,0.6963085647384056,0.40782459595444853,0.40825285338015804,0.48947368421052634,0.3501506024096386,C1_grid,0.3
credit_default,SMOTE,RF,1,5,0.03099822998046875,0.6849994659423828,26701,0.29998876446575035,0.7737402942169183,0.541236493838146,0.5350500715307581,0.5091899251191286,0.5636774679728711,C1_grid,0.3
credit_default,SMOTE,LGBM,1,5,0.03099822998046875,0.10400056838989258,26701,0.29998876446575035,0.7775430244227166,0.5493296267166242,0.5406859448554135,0.48816029143898,0.6058779201205727,C1_grid,0.3
credit_default,SMOTE,MLP,1,5,0.03099822998046875,72.94899940490723,26701,0.29998876446575035,0.6944830175303588,0.4215560702431827,0.4251428571428571,0.42989214175654855,0.42049736247174074,C1_grid,0.3
credit_default,SMOTE,RF,2,5,0.03199934959411621,0.7070000171661377,26701,0.29998876446575035,0.775648190449682,0.5488713630742252,0.5403726708074534,0.49840865690642905,0.5900527505651846,C1_grid,0.3
credit_default,SMOTE,LGBM,2,5,0.03199934959411621,0.0970003604888916,26701,0.29998876446575035,0.7809750122196634,0.552820071984418,0.5358090185676392,0.4783895796329189,0.6088922381311228,C1_grid,0.3
credit_default,SMOTE,MLP,2,5,0.03199934959411621,61.74296545982361,26701,0.29998876446575035,0.6796593685187606,0.4214807934659279,0.43249341857841295,0.4316816816816817,0.43330821401657876,C1_grid,0.3
credit_default,SMOTE,RF,3,5,0.030999183654785156,0.668999195098877,26701,0.29998876446575035,0.7777254929027584,0.5610143261442331,0.5445783132530121,0.5012674271229405,0.5960813865862848,C1_grid,0.3
credit_default,SMOTE,LGBM,3,5,0.030999183654785156,0.11600017547607422,26701,0.29998876446575035,0.7828590416074901,0.5674835162244173,0.5413333333333333,0.48535564853556484,0.611906556141673,C1_grid,0.3
credit_default,SMOTE,MLP,3,5,0.030999183654785156,106.24000024795532,26701,0.29998876446575035,0.7179016334436423,0.4507788185966529,0.4552,0.48508098891730606,0.4287867370007536,C1_grid,0.3
credit_default,SMOTE,RF,4,5,0.03099989891052246,0.6860001087188721,26701,0.29998876446575035,0.7756148897504964,0.5541751686188203,0.5288796102992345,0.491273432449903,0.5727204220045214,C1_grid,0.3
credit_default,SMOTE,LGBM,4,5,0.03099989891052246,0.10500001907348633,26701,0.29998876446575035,0.7799313215410693,0.5626785737659931,0.531009051290647,0.4782608695652174,0.5968349660889224,C1_grid,0.3
credit_default,SMOTE,MLP,4,5,0.03099989891052246,60.98200058937073,26701,0.29998876446575035,0.7037830239324787,0.4264076773407963,0.4522111269614836,0.42924847664184157,0.4777694046721929,C1_grid,0.3
credit_default,SMOTE,RF,0,5,0.03299903869628906,0.7769999504089355,31153,0.3999935800725452,0.7876566464917891,0.5640349499796327,0.5557112824106517,0.5196592398427261,0.5971385542168675,C1_grid,0.4
credit_default,SMOTE,LGBM,0,5,0.03299903869628906,0.13700032234191895,31153,0.3999935800725452,0.7896272590361446,0.5603664942014428,0.5489171023151606,0.5444444444444444,0.5534638554216867,C1_grid,0.4
credit_default,SMOTE,MLP,0,5,0.03299903869628906,137.5141797065735,31153,0.3999935800725452,0.7009470351440007,0.41999564682358936,0.4363636363636364,0.4486873508353222,0.4246987951807229,C1_grid,0.4
credit_default,SMOTE,RF,1,5,0.03400063514709473,0.7579991817474365,31151,0.3999871593207281,0.7708228949483081,0.5420136931129695,0.5314586994727591,0.4980237154150198,0.5697061039939714,C1_grid,0.4
credit_default,SMOTE,LGBM,1,5,0.03400063514709473,0.11600041389465332,31151,0.3999871593207281,0.7734414748678091,0.5435385503986568,0.5313432835820895,0.5262379896526238,0.5365486058779201,C1_grid,0.4
credit_default,SMOTE,MLP,1,5,0.03400063514709473,83.13900113105774,31151,0.3999871593207281,0.6852271970438655,0.41286813801006694,0.4327176781002638,0.43288084464555054,0.4325546345139412,C1_grid,0.4
credit_default,SMOTE,RF,2,5,0.033998727798461914,0.7789995670318604,31151,0.3999871593207281,0.7728656066024725,0.5465675162951318,0.5372829417773238,0.49006211180124226,0.5945742275810098,C1_grid,0.4
credit_default,SMOTE,LGBM,2,5,0.033998727798461914,0.11300039291381836,31151,0.3999871593207281,0.7754332275827838,0.5466472577233874,0.5301563663440059,0.5239146431199412,0.5365486058779201,C1_grid,0.4
credit_default,SMOTE,MLP,2,5,0.033998727798461914,71.33775043487549,31151,0.3999871593207281,0.6708531477868903,0.38754637821832344,0.41855203619909503,0.4188679245283019,0.41823662396382816,C1_grid,0.4
credit_default,SMOTE,RF,3,5,0.03300023078918457,0.7759995460510254,31151,0.3999871593207281,0.7765423908224884,0.5611390250977524,0.5438957475994514,0.49905601006922595,0.5975885455915599,C1_grid,0.4
credit_default,SMOTE,LGBM,3,5,0.03300023078918457,0.1120004653930664,31151,0.3999871593207281,0.7821647260610304,0.5734800378390115,0.5535110777318814,0.5516467065868264,0.5553880934438583,C1_grid,0.4
credit_default,SMOTE,MLP,3,5,0.03300023078918457,129.61211919784546,31151,0.3999871593207281,0.697223753767696,0.4170228303552409,0.4324717874044412,0.4183098591549296,0.44762622456669177,C1_grid,0.4
credit_default,SMOTE,RF,4,5,0.043999671936035156,0.7719995975494385,31151,0.3999871593207281,0.7751128796944915,0.5518887460194408,0.5284071104914605,0.4915693904020752,0.5712132629992465,C1_grid,0.4
credit_default,SMOTE,LGBM,4,5,0.043999671936035156,0.1230010986328125,31151,0.3999871593207281,0.7738217317621423,0.5556471298268351,0.5322400298173686,0.5265486725663717,0.5380557648831952,C1_grid,0.4
credit_default,SMOTE,MLP,4,5,0.043999671936035156,134.7918701171875,31151,0.3999871593207281,0.6897328703380432,0.4001111926785318,0.4323471400394477,0.45364238410596025,0.4129615674453655,C1_grid,0.4
credit_default,SMOTE,RF,0,5,0.03600049018859863,0.9309992790222168,37384,0.5,0.7859658346571217,0.5609971546888451,0.553476879632898,0.5209302325581395,0.5903614457831325,C1_grid,0.5
credit_default,SMOTE,LGBM,0,5,0.03600049018859863,0.11700129508972168,37384,0.5,0.7865745946113218,0.5497098528469684,0.5304095986760446,0.588613406795225,0.48268072289156627,C1_grid,0.5
credit_default,SMOTE,MLP,0,5,0.03600049018859863,118.55807447433472,37384,0.5,0.6954611038331407,0.4217410743982873,0.43312966734555325,0.3943139678615575,0.48042168674698793,C1_grid,0.5
credit_default,SMOTE,RF,1,5,0.03699994087219238,0.9639992713928223,37382,0.5,0.7683238911471906,0.5396852027244721,0.5280112044817928,0.49313276651406146,0.5681989449886963,C1_grid,0.5
credit_default,SMOTE,LGBM,1,5,0.03699994087219238,0.12900161743164062,37382,0.5,0.7661636191554653,0.5315051683092792,0.5192385581206966,0.5612959719789843,0.48304446119065564,C1_grid,0.5
credit_default,SMOTE,MLP,1,5,0.03699994087219238,83.91303610801697,37382,0.5,0.672291528350506,0.3770070815535934,0.40807651434643993,0.3850267379679144,0.43406179351921625,C1_grid,0.5
credit_default,SMOTE,RF,2,5,0.03599882125854492,0.9369990825653076,37382,0.5,0.7701135819925301,0.5478575709080348,0.5347150259067357,0.49362244897959184,0.5832705350414469,C1_grid,0.5
credit_default,SMOTE,LGBM,2,5,0.03599882125854492,0.1309986114501953,37382,0.5,0.7700595590664903,0.5401591868527034,0.5119735755573905,0.5662100456621004,0.46721929163526754,C1_grid,0.5
credit_default,SMOTE,MLP,2,5,0.03599882125854492,97.54495239257812,37382,0.5,0.6606958701166299,0.37005620998846234,0.4024725274725275,0.36971608832807573,0.44159758854559156,C1_grid,0.5
credit_default,SMOTE,RF,3,5,0.03600001335144043,0.9509990215301514,37382,0.5,0.7757185008847663,0.5598087505990761,0.5463953087271474,0.5038167938931297,0.5968349660889224,C1_grid,0.5
credit_default,SMOTE,LGBM,3,5,0.03600001335144043,0.12299990653991699,37382,0.5,0.7797988444254227,0.5706554218633542,0.5385245901639345,0.5902964959568733,0.49510173323285606,C1_grid,0.5
credit_default,SMOTE,MLP,3,5,0.03600001335144043,85.28956413269043,37382,0.5,0.6930889841448356,0.3912840779746729,0.44480625203516766,0.3916284403669725,0.5146948003014318,C1_grid,0.5
credit_default,SMOTE,RF,4,5,0.03599977493286133,0.9129986763000488,37382,0.5,0.7730067112600387,0.5472670316588826,0.5254654021777309,0.4921052631578947,0.5636774679728711,C1_grid,0.5
credit_default,SMOTE,LGBM,4,5,0.03599977493286133,0.11899948120117188,37382,0.5,0.7700598815914219,0.5501665256740831,0.5066666666666667,0.5666356011183598,0.4581763376036172,C1_grid,0.5
credit_default,SMOTE,MLP,4,5,0.03599977493286133,125.07300066947937,37382,0.5,0.6789906937043618,0.3904220109715365,0.42341395022783035,0.39580602883355176,0.45516201959306707,C1_grid,0.5
credit_default,ADASYN,RF,0,5,0.0,0.5769963264465332,24000,0.22116666666666668,0.7912423183745255,0.5650857161147145,0.5576102418207681,0.5283018867924528,0.5903614457831325,C1_grid,0.2
credit_default,ADASYN,LGBM,0,5,0.0,0.08600044250488281,24000,0.22116666666666668,0.7959795087885789,0.5640576648166062,0.5549169859514687,0.4817073170731707,0.6543674698795181,C1_grid,0.2
credit_default,ADASYN,MLP,0,5,0.0,55.01099896430969,24000,0.22116666666666668,0.7056797932311437,0.4292780050203936,0.4362934362934363,0.44770206022187004,0.4254518072289157,C1_grid,0.2
credit_default,ADASYN,RF,1,5,0.0,0.5639994144439697,24000,0.22120833333333334,0.7739326803386061,0.5411278153667323,0.5359712230215828,0.5127322780454233,0.5614167294649586,C1_grid,0.2
credit_default,ADASYN,LGBM,1,5,0.0,0.08899855613708496,24000,0.22120833333333334,0.7782757204360344,0.5513805733937805,0.5412903225806451,0.47320924985899604,0.6322532027128862,C1_grid,0.2
credit_default,ADASYN,MLP,1,5,0.0,51.03801918029785,24000,0.22120833333333334,0.6994839278569783,0.4109540441257462,0.42684451854939554,0.47761194029850745,0.3858327053504145,C1_grid,0.2
credit_default,ADASYN,RF,2,5,0.0010001659393310547,0.5749998092651367,24000,0.22120833333333334,0.7781493712940879,0.5501054963823777,0.5377730039384175,0.5122783083219645,0.5659382064807837,C1_grid,0.2
credit_default,ADASYN,LGBM,2,5,0.0010001659393310547,0.10399770736694336,24000,0.22120833333333334,0.7833120278738948,0.5518544550885682,0.5295250320924262,0.461151481274455,0.6217030896759608,C1_grid,0.2
credit_default,ADASYN,MLP,2,5,0.0010001659393310547,54.83167839050293,24000,0.22120833333333334,0.7043597791413774,0.42710627596450057,0.43747518856689166,0.462248322147651,0.4152223059532781,C1_grid,0.2
credit_default,ADASYN,RF,3,5,0.0,0.5639986991882324,24000,0.22120833333333334,0.7763326689857285,0.5589173844693595,0.5479063165365508,0.5177733065057009,0.5817633760361718,C1_grid,0.2
credit_default,ADASYN,LGBM,3,5,0.0,0.09099984169006348,24000,0.22120833333333334,0.7845666498577423,0.5689036257476403,0.5442220787604907,0.47600225861095424,0.6352675207234363,C1_grid,0.2
credit_default,ADASYN,MLP,3,5,0.0,74.39706063270569,24000,0.22120833333333334,0.7101155590703605,0.42968067189198733,0.4263870685889035,0.5072765072765073,0.3677467972871138,C1_grid,0.2
credit_default,ADASYN,RF,4,5,0.0009999275207519531,0.589998722076416,24000,0.22120833333333334,0.7751250550106586,0.5574617989171824,0.5388193202146692,0.5129427792915532,0.5674453654860587,C1_grid,0.2
credit_default,ADASYN,LGBM,4,5,0.0009999275207519531,0.11900115013122559,24000,0.22120833333333334,0.7795570313579703,0.5667154675126261,0.5316129032258065,0.4647490129723632,0.6209495101733233,C1_grid,0.2
credit_default,ADASYN,MLP,4,5,0.0009999275207519531,87.9060001373291,24000,0.22120833333333334,0.6949453570197793,0.403928045145561,0.4053826745164003,0.4586108468125595,0.3632253202712886,C1_grid,0.2
credit_default,ADASYN,RF,0,5,0.09100055694580078,0.655998945236206,26452,0.2933615605625284,0.7876238472726522,0.5614281992322082,0.539600772698004,0.47131608548931386,0.6310240963855421,C1_grid,0.3
credit_default,ADASYN,LGBM,0,5,0.09100055694580078,0.0970003604888916,26452,0.2933615605625284,0.7901255331686334,0.5622278002047538,0.5446945337620579,0.47530864197530864,0.6378012048192772,C1_grid,0.3
credit_default,ADASYN,MLP,0,5,0.09100055694580078,56.18177366256714,26452,0.2933615605625284,0.6919337774900974,0.4096894563773324,0.41882352941176476,0.4369885433715221,0.40210843373493976,C1_grid,0.3
credit_default,ADASYN,RF,1,5,0.09099912643432617,0.6529991626739502,26413,0.29235603680006056,0.7718887592159482,0.5453492430607599,0.5259141494435612,0.45489548954895487,0.6232102486812359,C1_grid,0.3
credit_default,ADASYN,LGBM,1,5,0.09099912643432617,0.10099983215332031,26413,0.29235603680006056,0.7749340396199301,0.5457816359772746,0.5311601150527324,0.4611542730299667,0.6262245666917859,C1_grid,0.3
credit_default,ADASYN,MLP,1,5,0.09099912643432617,61.21400046348572,26413,0.29235603680006056,0.6646538154457512,0.36620086756696046,0.3945827232796486,0.38362989323843416,0.40617935192162774,C1_grid,0.3
credit_default,ADASYN,RF,2,5,0.09499859809875488,0.6509993076324463,26431,0.29283795543112257,0.7746175620308169,0.5520303574734553,0.5291308500477555,0.45810363836824697,0.6262245666917859,C1_grid,0.3
credit_default,ADASYN,LGBM,2,5,0.09499859809875488,0.09999990463256836,26431,0.29283795543112257,0.7778728061652574,0.5474450844726095,0.5279285030322375,0.4579180509413068,0.6232102486812359,C1_grid,0.3
credit_default,ADASYN,MLP,2,5,0.09499859809875488,66.20489573478699,26431,0.29283795543112257,0.6773189663527478,0.3752822494362406,0.413696715583508,0.3856677524429967,0.4461190655614167,C1_grid,0.3
credit_default,ADASYN,RF,3,5,0.09199905395507812,0.6689999103546143,26434,0.29291821139441626,0.7750434562029688,0.5565397689399013,0.5297504798464491,0.4602556976097832,0.6239638281838734,C1_grid,0.3
credit_default,ADASYN,LGBM,3,5,0.09199905395507812,0.10299825668334961,26434,0.29291821139441626,0.7832212371056549,0.5678648028153209,0.5406976744186047,0.47314867156585644,0.6307460437076111,C1_grid,0.3
credit_default,ADASYN,MLP,3,5,0.09199905395507812,90.64739513397217,26434,0.29291821139441626,0.6839229868517874,0.37314822278754717,0.4214847759151556,0.38596491228070173,0.4642049736247174,C1_grid,0.3
credit_default,ADASYN,RF,4,5,0.10200023651123047,0.6979994773864746,26394,0.2918466318102599,0.7753267943553621,0.5557878970201975,0.5294117647058824,0.4634974533106961,0.6171816126601356,C1_grid,0.3
credit_default,ADASYN,LGBM,4,5,0.10200023651123047,0.10800004005432129,26394,0.2918466318102599,0.7739238915342205,0.5572547140166972,0.5231167151632719,0.4580973952434881,0.6096458176337604,C1_grid,0.3
credit_default,ADASYN,MLP,4,5,0.10200023651123047,67.29226660728455,26394,0.2918466318102599,0.6760581357639672,0.3782745194764129,0.39447429009976975,0.40187646598905397,0.3873398643556895,C1_grid,0.3
credit_default,ADASYN,RF,0,5,0.10300135612487793,0.7969968318939209,30801,0.3931365864744651,0.7845066320504621,0.5583423603613167,0.5454545454545454,0.4807581849511775,0.6302710843373494,C1_grid,0.4
credit_default,ADASYN,LGBM,0,5,0.10300135612487793,0.11699986457824707,30801,0.3931365864744651,0.7871981021259697,0.5575801674498235,0.5521292217327459,0.5386819484240688,0.5662650602409639,C1_grid,0.4
credit_default,ADASYN,MLP,0,5,0.10300135612487793,51.608598709106445,30801,0.3931365864744651,0.7005897090072619,0.41030427268799696,0.452059100911663,0.3880194279546681,0.5414156626506024,C1_grid,0.4
credit_default,ADASYN,RF,1,5,0.10700011253356934,0.7919998168945312,30704,0.3912519541427827,0.7674357381168512,0.5401682446746111,0.5222115691914351,0.45338512763596006,0.6156744536548606,C1_grid,0.4
credit_default,ADASYN,LGBM,1,5,0.10700011253356934,0.13299989700317383,30704,0.3912519541427827,0.7705701966644148,0.5411823996682165,0.5323954091077379,0.5232896652110626,0.5418236623963828,C1_grid,0.4
credit_default,ADASYN,MLP,1,5,0.10700011253356934,74.39756393432617,30704,0.3912519541427827,0.6722457298102216,0.382791508743393,0.42053789731051344,0.3537275064267352,0.5184626978146194,C1_grid,0.4
credit_default,ADASYN,RF,2,5,0.10599946975708008,0.8049991130828857,30711,0.3913907069128325,0.7718865821726602,0.547636375046171,0.5264827148747224,0.45454545454545453,0.6254709871891485,C1_grid,0.4
credit_default,ADASYN,LGBM,2,5,0.10599946975708008,0.12400197982788086,30711,0.3913907069128325,0.7736440205248416,0.5405740109229893,0.5374001452432825,0.5185704274702172,0.557648831951771,C1_grid,0.4
credit_default,ADASYN,MLP,2,5,0.10599946975708008,82.20499897003174,30711,0.3913907069128325,0.6697554341822566,0.3772240934095702,0.4186657903384818,0.3712121212121212,0.4800301431801055,C1_grid,0.4
credit_default,ADASYN,RF,3,5,0.09399986267089844,0.7649993896484375,30792,0.39299168615224733,0.7752734971104186,0.5589963135627494,0.5371577574967406,0.4732912119471568,0.6209495101733233,C1_grid,0.4
credit_default,ADASYN,LGBM,3,5,0.09399986267089844,0.1100003719329834,30792,0.39299168615224733,0.7816628772674914,0.5654421842385405,0.5541899441340783,0.5478645066273933,0.560663149962321,C1_grid,0.4
credit_default,ADASYN,MLP,3,5,0.09399986267089844,109.85979962348938,30792,0.39299168615224733,0.7026518483661937,0.40980941445490426,0.43849869936826463,0.43255131964809385,0.4446119065561417,C1_grid,0.4
credit_default,ADASYN,RF,4,5,0.10400056838989258,0.7640013694763184,30750,0.39216260162601624,0.76964624336667,0.5459363065987788,0.5221932114882507,0.4605641911341393,0.6028636021100227,C1_grid,0.4
credit_default,ADASYN,LGBM,4,5,0.10400056838989258,0.13900017738342285,30750,0.39216260162601624,0.7705036758972763,0.548938334217885,0.5174615095756665,0.5157185628742516,0.519216277317257,C1_grid,0.4
credit_default,ADASYN,MLP,4,5,0.10400056838989258,87.54884910583496,30750,0.39216260162601624,0.6893081050031519,0.4054416104017881,0.4101346001583531,0.43202668890742285,0.39035418236623964,C1_grid,0.4
credit_default,ADASYN,RF,0,5,0.10599994659423828,0.9280006885528564,36907,0.4935378112553174,0.7805194719374071,0.5562305217875073,0.5493847688726305,0.4919594997022037,0.6219879518072289,C1_grid,0.5
credit_default,ADASYN,LGBM,0,5,0.10599994659423828,0.15600085258483887,36907,0.4935378112553174,0.7806816951023272,0.5497194645922798,0.5281923714759535,0.5876383763837638,0.4796686746987952,C1_grid,0.5
credit_default,ADASYN,MLP,0,5,0.10599994659423828,89.92362141609192,36907,0.4935378112553174,0.6780356120543819,0.37991798836989077,0.4143589743589744,0.3794614902943018,0.4563253012048193,C1_grid,0.5
credit_default,ADASYN,RF,1,5,0.10499906539916992,0.9560017585754395,36793,0.49199576006305545,0.7646515416449835,0.5404837840350024,0.5217105263157895,0.46293053123175715,0.5975885455915599,C1_grid,0.5
credit_default,ADASYN,LGBM,1,5,0.10499906539916992,0.1270003318786621,36793,0.49199576006305545,0.763920296993858,0.5284311322114607,0.5039435450394355,0.5609981515711645,0.45742275810097965,C1_grid,0.5
credit_default,ADASYN,MLP,1,5,0.10499906539916992,163.23494458198547,36793,0.49199576006305545,0.677301953162607,0.3897505292677698,0.42284963887065,0.37463641652123325,0.4853051996985682,C1_grid,0.5
credit_default,ADASYN,RF,2,5,0.10000109672546387,1.0329997539520264,36853,0.49282283667544025,0.7678679215251687,0.5419155278549865,0.5246872942725478,0.4658094681472823,0.60060286360211,C1_grid,0.5
credit_default,ADASYN,LGBM,2,5,0.10000109672546387,0.1660008430480957,36853,0.49282283667544025,0.7667834314427298,0.5360495434513461,0.508488612836439,0.5643382352941176,0.46269781461944237,C1_grid,0.5
credit_default,ADASYN,MLP,2,5,0.10000109672546387,99.77878499031067,36853,0.49282283667544025,0.6626647235614622,0.36230569680013947,0.3971868720696584,0.3574442435201929,0.4468726450640543,C1_grid,0.5
credit_default,ADASYN,RF,3,5,0.0970003604888916,0.9509992599487305,36947,0.4941131891628549,0.7728369825147947,0.5560295634713802,0.5376700962495852,0.4804270462633452,0.6103993971363979,C1_grid,0.5
credit_default,ADASYN,LGBM,3,5,0.0970003604888916,0.11799979209899902,36947,0.4941131891628549,0.7773999039843278,0.5599181015389373,0.533721898417985,0.5962790697674418,0.48304446119065564,C1_grid,0.5
credit_default,ADASYN,MLP,3,5,0.0970003604888916,84.72940826416016,36947,0.4941131891628549,0.6999503795392763,0.40268993824578314,0.4485417365068723,0.40398550724637683,0.5041446872645065,C1_grid,0.5
credit_default,ADASYN,RF,4,5,0.09499883651733398,0.9109997749328613,36908,0.49357862793974205,0.7672535115305082,0.5385215185793195,0.5199063231850117,0.4675090252707581,0.5855312735493594,C1_grid,0.5
credit_default,ADASYN,LGBM,4,5,0.09499883651733398,0.11900019645690918,36908,0.49357862793974205,0.7609541158293462,0.5432889999636832,0.5,0.5827482447342026,0.43782969103240393,C1_grid,0.5
credit_default,ADASYN,MLP,4,5,0.09499883651733398,84.77438712120056,36908,0.49357862793974205,0.6899042923391783,0.39751664304663714,0.44823232323232326,0.3856599674090168,0.5350414468726451,C1_grid,0.5
credit_default,G-SMOTE,RF,0,5,3.9250030517578125,0.56699538230896,24000,0.22116666666666668,0.7912423183745255,0.5650857161147145,0.5576102418207681,0.5283018867924528,0.5903614457831325,C1_grid,0.2
credit_default,G-SMOTE,LGBM,0,5,3.9250030517578125,0.09600043296813965,24000,0.22116666666666668,0.7959795087885789,0.5640576648166062,0.5549169859514687,0.4817073170731707,0.6543674698795181,C1_grid,0.2
credit_default,G-SMOTE,MLP,0,5,3.9250030517578125,54.97691059112549,24000,0.22116666666666668,0.7056797932311437,0.4292780050203936,0.4362934362934363,0.44770206022187004,0.4254518072289157,C1_grid,0.2
credit_default,G-SMOTE,RF,1,5,3.6630003452301025,0.5859994888305664,24000,0.22120833333333334,0.7739326803386061,0.5411278153667323,0.5359712230215828,0.5127322780454233,0.5614167294649586,C1_grid,0.2
credit_default,G-SMOTE,LGBM,1,5,3.6630003452301025,0.09499955177307129,24000,0.22120833333333334,0.7782757204360344,0.5513805733937805,0.5412903225806451,0.47320924985899604,0.6322532027128862,C1_grid,0.2
credit_default,G-SMOTE,MLP,1,5,3.6630003452301025,52.13041114807129,24000,0.22120833333333334,0.6994839278569783,0.4109540441257462,0.42684451854939554,0.47761194029850745,0.3858327053504145,C1_grid,0.2
credit_default,G-SMOTE,RF,2,5,3.8480002880096436,0.7210001945495605,24000,0.22120833333333334,0.7781493712940879,0.5501054963823777,0.5377730039384175,0.5122783083219645,0.5659382064807837,C1_grid,0.2
credit_default,G-SMOTE,LGBM,2,5,3.8480002880096436,0.13100004196166992,24000,0.22120833333333334,0.7833120278738948,0.5518544550885682,0.5295250320924262,0.461151481274455,0.6217030896759608,C1_grid,0.2
credit_default,G-SMOTE,MLP,2,5,3.8480002880096436,55.24700689315796,24000,0.22120833333333334,0.7043597791413774,0.42710627596450057,0.43747518856689166,0.462248322147651,0.4152223059532781,C1_grid,0.2
credit_default,G-SMOTE,RF,3,5,3.28899884223938,0.5960009098052979,24000,0.22120833333333334,0.7763326689857285,0.5589173844693595,0.5479063165365508,0.5177733065057009,0.5817633760361718,C1_grid,0.2
credit_default,G-SMOTE,LGBM,3,5,3.28899884223938,0.09499979019165039,24000,0.22120833333333334,0.7845666498577423,0.5689036257476403,0.5442220787604907,0.47600225861095424,0.6352675207234363,C1_grid,0.2
credit_default,G-SMOTE,MLP,3,5,3.28899884223938,74.57847857475281,24000,0.22120833333333334,0.7101155590703605,0.42968067189198733,0.4263870685889035,0.5072765072765073,0.3677467972871138,C1_grid,0.2
credit_default,G-SMOTE,RF,4,5,4.737000226974487,0.5969991683959961,24000,0.22120833333333334,0.7751250550106586,0.5574617989171824,0.5388193202146692,0.5129427792915532,0.5674453654860587,C1_grid,0.2
credit_default,G-SMOTE,LGBM,4,5,4.737000226974487,0.10000014305114746,24000,0.22120833333333334,0.7795570313579703,0.5667154675126261,0.5316129032258065,0.4647490129723632,0.6209495101733233,C1_grid,0.2
credit_default,G-SMOTE,MLP,4,5,4.737000226974487,88.1497552394867,24000,0.22120833333333334,0.6949453570197793,0.403928045145561,0.4053826745164003,0.4586108468125595,0.3632253202712886,C1_grid,0.2
credit_default,G-SMOTE,RF,0,5,4.415000677108765,0.6829988956451416,26703,0.30000374489757703,0.7910372225202179,0.56720590831598,0.5532217871128515,0.5246455097906819,0.5850903614457831,C1_grid,0.3
credit_default,G-SMOTE,LGBM,0,5,4.415000677108765,0.10500025749206543,26703,0.30000374489757703,0.7941504889420697,0.5656947973339419,0.5597269624573379,0.5118601747815231,0.6174698795180723,C1_grid,0.3
credit_default,G-SMOTE,MLP,0,5,4.415000677108765,61.39320349693298,26703,0.30000374489757703,0.6998786025953129,0.41855631642691404,0.44543429844098,0.43923865300146414,0.45180722891566266,C1_grid,0.3
credit_default,G-SMOTE,RF,1,5,3.968999147415161,0.6329994201660156,26701,0.29998876446575035,0.7731924049893962,0.5425384675859791,0.5320580942260008,0.5020053475935828,0.5659382064807837,C1_grid,0.3
credit_default,G-SMOTE,LGBM,1,5,3.968999147415161,0.10900044441223145,26701,0.29998876446575035,0.7756467390874898,0.5469643901828555,0.5340636768230058,0.4893350062735257,0.587792012057272,C1_grid,0.3
credit_default,G-SMOTE,MLP,1,5,3.968999147415161,58.0063202381134,26701,0.29998876446575035,0.6704034674010344,0.381998173468081,0.40756143667296785,0.40895295902883155,0.40617935192162774,C1_grid,0.3
credit_default,G-SMOTE,RF,2,5,4.005000114440918,0.7140002250671387,26702,0.3000149801512995,0.7761836624673383,0.5489993087739305,0.5361640878013675,0.5130853994490359,0.5614167294649586,C1_grid,0.3
credit_default,G-SMOTE,LGBM,2,5,4.005000114440918,0.1120002269744873,26702,0.3000149801512995,0.781474119551284,0.5510283077937453,0.5416953824948312,0.4990476190476191,0.5923134890730972,C1_grid,0.3
credit_default,G-SMOTE,MLP,2,5,4.005000114440918,64.41500234603882,26702,0.3000149801512995,0.6834964476297725,0.39496185203916734,0.41559485530546625,0.4453057708871662,0.3896006028636021,C1_grid,0.3
credit_default,G-SMOTE,RF,3,5,3.5240018367767334,0.6819980144500732,26700,0.2999625468164794,0.776679705812109,0.5621515322059785,0.5418270913545677,0.5058823529411764,0.5832705350414469,C1_grid,0.3
credit_default,G-SMOTE,LGBM,3,5,3.5240018367767334,0.10900020599365234,26700,0.2999625468164794,0.7809551769363712,0.568970752481045,0.5460122699386503,0.4984443061605476,0.6036171816126601,C1_grid,0.3
credit_default,G-SMOTE,MLP,3,5,3.5240018367767334,105.0881245136261,26700,0.2999625468164794,0.7098256091568699,0.4337756785597783,0.4159928122192273,0.5150166852057843,0.34890730972117556,C1_grid,0.3
credit_default,G-SMOTE,RF,4,5,8.645007133483887,0.7949976921081543,26701,0.29998876446575035,0.7743920364724093,0.554112898618898,0.5341351255748141,0.5033333333333333,0.5689525244913338,C1_grid,0.3
credit_default,G-SMOTE,LGBM,4,5,8.645007133483887,0.317000150680542,26701,0.29998876446575035,0.7782424197368487,0.5632219696781999,0.534017094017094,0.48873591989987486,0.5885455915599096,C1_grid,0.3
credit_default,G-SMOTE,MLP,4,5,8.645007133483887,71.94799757003784,26701,0.29998876446575035,0.7060200568579201,0.43729841194548724,0.45529034556465975,0.43175675675675673,0.48153730218538054,C1_grid,0.3
credit_default,G-SMOTE,RF,0,5,4.155998945236206,0.7709996700286865,31152,0.3999743194658449,0.788516437324641,0.5637611649470067,0.5624313438300989,0.5473984319315752,0.5783132530120482,C1_grid,0.4
credit_default,G-SMOTE,LGBM,0,5,4.155998945236206,0.11299991607666016,31152,0.3999743194658449,0.7910573694607196,0.5577901733937762,0.5523012552301256,0.5580322828593389,0.5466867469879518,C1_grid,0.4
credit_default,G-SMOTE,MLP,0,5,4.155998945236206,125.65609669685364,31152,0.3999743194658449,0.7030387710946526,0.4250335022959032,0.45302357362487183,0.4146341463414634,0.4992469879518072,C1_grid,0.4
credit_default,G-SMOTE,RF,1,5,3.841999053955078,0.7510006427764893,31151,0.3999871593207281,0.7714181953407726,0.5423147496236014,0.532420749279539,0.5100069013112492,0.5568952524491334,C1_grid,0.4
credit_default,G-SMOTE,LGBM,1,5,3.841999053955078,0.11300015449523926,31151,0.3999871593207281,0.7743060835781431,0.5420397808121178,0.52422739412438,0.5309119010819165,0.517709118311982,C1_grid,0.4
credit_default,G-SMOTE,MLP,1,5,3.841999053955078,129.28047227859497,31151,0.3999871593207281,0.6739359217141684,0.40202577026128333,0.41324117861040377,0.39943741209563993,0.42803315749811605,C1_grid,0.4
credit_default,G-SMOTE,RF,2,5,3.9653408527374268,0.7959997653961182,31152,0.40000642013353876,0.7757152756354507,0.5494559980242336,0.5412612612612613,0.518646408839779,0.5659382064807837,C1_grid,0.4
credit_default,G-SMOTE,LGBM,2,5,3.9653408527374268,0.11696815490722656,31152,0.40000642013353876,0.7762301866887187,0.5452657110339815,0.5351145038167938,0.5421500386697602,0.5282592313489073,C1_grid,0.4
credit_default,G-SMOTE,MLP,2,5,3.9653408527374268,71.15860748291016,31152,0.40000642013353876,0.6656417899424149,0.37354394612365344,0.41566850113305276,0.36435868331441545,0.48379804069329313,C1_grid,0.4
credit_default,G-SMOTE,RF,3,5,3.5589983463287354,0.7379999160766602,31151,0.3999871593207281,0.7772738773673129,0.5628347617612813,0.5443619653587841,0.5126498002663116,0.5802562170308968,C1_grid,0.4
credit_default,G-SMOTE,LGBM,3,5,3.5589983463287354,0.11100029945373535,31151,0.3999871593207281,0.779261275995711,0.5707458608851677,0.5506692160611854,0.5590062111801242,0.5425772418990203,C1_grid,0.4
credit_default,G-SMOTE,MLP,3,5,3.5589983463287354,55.74181056022644,31151,0.3999871593207281,0.7035797525943502,0.4222914780400138,0.4457538994800693,0.4127086007702182,0.4845516201959307,C1_grid,0.4
credit_default,G-SMOTE,RF,4,5,5.042998552322388,0.7349998950958252,31151,0.3999871593207281,0.7738374548525568,0.5519735187278444,0.5315186246418337,0.5064846416382253,0.5591559909570459,C1_grid,0.4
credit_default,G-SMOTE,LGBM,4,5,5.042998552322388,0.11300039291381836,31151,0.3999871593207281,0.7714902796629809,0.5559220251320969,0.5319476520400308,0.5436664044059796,0.520723436322532,C1_grid,0.4
credit_default,G-SMOTE,MLP,4,5,5.042998552322388,71.36093997955322,31151,0.3999871593207281,0.6868464334628648,0.40062482960646206,0.4128324187420853,0.4692898272552783,0.36850037678975134,C1_grid,0.4
credit_default,G-SMOTE,RF,0,5,4.149999618530273,0.9279994964599609,37383,0.49998662493646845,0.7861837439655883,0.5630852553202212,0.5592176747555234,0.5387299371946964,0.5813253012048193,C1_grid,0.5
credit_default,G-SMOTE,LGBM,0,5,4.149999618530273,0.12900018692016602,37383,0.49998662493646845,0.7851817157327942,0.5534677277661599,0.5252525252525253,0.5954198473282443,0.46987951807228917,C1_grid,0.5
credit_default,G-SMOTE,MLP,0,5,4.149999618530273,85.12396740913391,37383,0.49998662493646845,0.6852156592981515,0.39007724511828235,0.42871865338371695,0.39418825015792797,0.46987951807228917,C1_grid,0.5
credit_default,G-SMOTE,RF,1,5,3.837999105453491,0.918999195098877,37381,0.4999866242208609,0.7691537477961468,0.541605528464754,0.5307748008689356,0.510801393728223,0.5523737754333082,C1_grid,0.5
credit_default,G-SMOTE,LGBM,1,5,3.837999105453491,0.13199996948242188,37381,0.4999866242208609,0.7714572208574938,0.5352649913134975,0.511101801424382,0.5754716981132075,0.45968349660889224,C1_grid,0.5
credit_default,G-SMOTE,MLP,1,5,3.837999105453491,121.48189115524292,37381,0.4999866242208609,0.6883619781163609,0.42226058006943573,0.4369803791153974,0.39107142857142857,0.49510173323285606,C1_grid,0.5
credit_default,G-SMOTE,RF,2,5,4.010998487472534,0.9210007190704346,37383,0.5000133750635316,0.7726496761607793,0.5473988405830391,0.5355467340310357,0.5138504155124654,0.5591559909570459,C1_grid,0.5
credit_default,G-SMOTE,LGBM,2,5,4.010998487472534,0.13400030136108398,37383,0.5000133750635316,0.7716386411315077,0.5421087739922952,0.5082732286805262,0.5815533980582525,0.45139412207987945,C1_grid,0.5
credit_default,G-SMOTE,MLP,2,5,4.010998487472534,113.84605717658997,37383,0.5000133750635316,0.6600842015838877,0.3697263799408405,0.39633147723550605,0.3505214368482039,0.4559155990957046,C1_grid,0.5
credit_default,G-SMOTE,RF,3,5,3.4849982261657715,0.9099998474121094,37380,0.4999732477260567,0.7757309180946323,0.562056808568002,0.5475339528234452,0.5207341944255608,0.5772418990203466,C1_grid,0.5
credit_default,G-SMOTE,LGBM,3,5,3.4849982261657715,0.13299942016601562,37380,0.4999732477260567,0.7778157998836006,0.568049466747569,0.5416666666666667,0.6057781919850885,0.4898266767143934,C1_grid,0.5
credit_default,G-SMOTE,MLP,3,5,3.4849982261657715,81.87976050376892,37380,0.4999732477260567,0.6955156617300463,0.4094810628176238,0.4405940594059406,0.4150566289140573,0.4694800301431801,C1_grid,0.5
credit_default,G-SMOTE,RF,4,5,5.02623438835144,0.93399977684021,37381,0.4999866242208609,0.7711480000793411,0.5453833037977315,0.5319379285456514,0.510387811634349,0.5553880934438583,C1_grid,0.5
credit_default,G-SMOTE,LGBM,4,5,5.02623438835144,0.12999963760375977,37381,0.4999866242208609,0.7672081161463883,0.5472036766049818,0.5030042918454936,0.584247258225324,0.44159758854559156,C1_grid,0.5
credit_default,G-SMOTE,MLP,4,5,5.02623438835144,60.045055866241455,37381,0.4999866242208609,0.6963618865192803,0.4253394988879009,0.4464464464464465,0.40059880239520956,0.5041446872645065,C1_grid,0.5
credit_default,CTGAN,RF,0,5,0.0010013580322265625,0.5839977264404297,24000,0.22116666666666668,0.7912423183745255,0.5650857161147145,0.5576102418207681,0.5283018867924528,0.5903614457831325,C1_grid,0.2
credit_default,CTGAN,LGBM,0,5,0.0010013580322265625,0.09299945831298828,24000,0.22116666666666668,0.7959795087885789,0.5640576648166062,0.5549169859514687,0.4817073170731707,0.6543674698795181,C1_grid,0.2
credit_default,CTGAN,MLP,0,5,0.0010013580322265625,54.71200084686279,24000,0.22116666666666668,0.7056797932311437,0.4292780050203936,0.4362934362934363,0.44770206022187004,0.4254518072289157,C1_grid,0.2
credit_default,CTGAN,RF,1,5,0.0009989738464355469,0.5819997787475586,24000,0.22120833333333334,0.7739326803386061,0.5411278153667323,0.5359712230215828,0.5127322780454233,0.5614167294649586,C1_grid,0.2
credit_default,CTGAN,LGBM,1,5,0.0009989738464355469,0.0930016040802002,24000,0.22120833333333334,0.7782757204360344,0.5513805733937805,0.5412903225806451,0.47320924985899604,0.6322532027128862,C1_grid,0.2
credit_default,CTGAN,MLP,1,5,0.0009989738464355469,51.17900109291077,24000,0.22120833333333334,0.6994839278569783,0.4109540441257462,0.42684451854939554,0.47761194029850745,0.3858327053504145,C1_grid,0.2
credit_default,CTGAN,RF,2,5,0.0009987354278564453,0.5859982967376709,24000,0.22120833333333334,0.7781493712940879,0.5501054963823777,0.5377730039384175,0.5122783083219645,0.5659382064807837,C1_grid,0.2
credit_default,CTGAN,LGBM,2,5,0.0009987354278564453,0.09400010108947754,24000,0.22120833333333334,0.7833120278738948,0.5518544550885682,0.5295250320924262,0.461151481274455,0.6217030896759608,C1_grid,0.2
credit_default,CTGAN,MLP,2,5,0.0009987354278564453,54.71576380729675,24000,0.22120833333333334,0.7043597791413774,0.42710627596450057,0.43747518856689166,0.462248322147651,0.4152223059532781,C1_grid,0.2
credit_default,CTGAN,RF,3,5,0.00099945068359375,0.5983841419219971,24000,0.22120833333333334,0.7763326689857285,0.5589173844693595,0.5479063165365508,0.5177733065057009,0.5817633760361718,C1_grid,0.2
credit_default,CTGAN,LGBM,3,5,0.00099945068359375,0.09599995613098145,24000,0.22120833333333334,0.7845666498577423,0.5689036257476403,0.5442220787604907,0.47600225861095424,0.6352675207234363,C1_grid,0.2
credit_default,CTGAN,MLP,3,5,0.00099945068359375,74.22359657287598,24000,0.22120833333333334,0.7101155590703605,0.42968067189198733,0.4263870685889035,0.5072765072765073,0.3677467972871138,C1_grid,0.2
credit_default,CTGAN,RF,4,5,0.0,0.5729978084564209,24000,0.22120833333333334,0.7751250550106586,0.5574617989171824,0.5388193202146692,0.5129427792915532,0.5674453654860587,C1_grid,0.2
credit_default,CTGAN,LGBM,4,5,0.0,0.09299898147583008,24000,0.22120833333333334,0.7795570313579703,0.5667154675126261,0.5316129032258065,0.4647490129723632,0.6209495101733233,C1_grid,0.2
credit_default,CTGAN,MLP,4,5,0.0,87.58828377723694,24000,0.22120833333333334,0.6949453570197793,0.403928045145561,0.4053826745164003,0.4586108468125595,0.3632253202712886,C1_grid,0.2
credit_default,CTGAN,RF,0,5,38.26836347579956,0.6659994125366211,26702,0.2999775297730507,0.7906915010212081,0.563678515818558,0.5519125683060109,0.5729335494327391,0.5323795180722891,C1_grid,0.3
credit_default,CTGAN,LGBM,0,5,38.26836347579956,0.10899901390075684,26702,0.2999775297730507,0.7973617500825219,0.5620844311374765,0.5632530120481928,0.5632530120481928,0.5632530120481928,C1_grid,0.3
credit_default,CTGAN,MLP,0,5,38.26836347579956,82.25526928901672,26702,0.2999775297730507,0.7190367312572207,0.4216226246513463,0.43532858936793645,0.49010367577756836,0.39156626506024095,C1_grid,0.3
credit_default,CTGAN,RF,1,5,27.878545999526978,0.6199984550476074,26701,0.29998876446575035,0.7743625254411698,0.5458647831202526,0.5340557275541796,0.548926014319809,0.5199698568198945,C1_grid,0.3
credit_default,CTGAN,LGBM,1,5,27.878545999526978,0.10000157356262207,26701,0.29998876446575035,0.780694818685353,0.5575069396989301,0.5375854214123007,0.541698546289212,0.53353428786737,C1_grid,0.3
credit_default,CTGAN,MLP,1,5,27.878545999526978,61.34431791305542,26701,0.29998876446575035,0.7012020181675068,0.4241015589566137,0.4402464065708419,0.48375451263537905,0.40391861341371516,C1_grid,0.3
credit_default,CTGAN,RF,2,5,28.02679443359375,0.6269998550415039,26701,0.29998876446575035,0.7784305324031929,0.5516944197312292,0.5343570057581574,0.5446009389671361,0.5244913338357197,C1_grid,0.3
credit_default,CTGAN,LGBM,2,5,28.02679443359375,0.10700225830078125,26701,0.29998876446575035,0.7826786695395037,0.5503526900598794,0.5353383458646617,0.5341335333833458,0.5365486058779201,C1_grid,0.3
credit_default,CTGAN,MLP,2,5,28.02679443359375,60.28400111198425,26701,0.29998876446575035,0.6939789916935317,0.4013034594582605,0.4201544087769199,0.4559082892416226,0.3896006028636021,C1_grid,0.3
credit_default,CTGAN,RF,3,5,27.484720945358276,0.6319983005523682,26701,0.29998876446575035,0.7759512832541346,0.5628890983561203,0.5475166210402815,0.5691056910569106,0.5275056518462697,C1_grid,0.3
credit_default,CTGAN,LGBM,3,5,27.484720945358276,0.10500025749206543,26701,0.29998876446575035,0.7826677843230629,0.5677432291250233,0.5547112462006079,0.5593869731800766,0.5501130369253956,C1_grid,0.3
credit_default,CTGAN,MLP,3,5,27.484720945358276,116.30625033378601,26701,0.29998876446575035,0.7232836069769238,0.4501208043273768,0.4419114423498466,0.5283018867924528,0.37980406932931426,C1_grid,0.3
credit_default,CTGAN,RF,4,5,27.123969554901123,0.6109986305236816,26701,0.29998876446575035,0.7745714409656008,0.5561716081279495,0.5278752436647173,0.5468497576736672,0.5101733232856066,C1_grid,0.3
credit_default,CTGAN,LGBM,4,5,27.123969554901123,0.0989995002746582,26701,0.29998876446575035,0.7794764001250751,0.5588174049346131,0.5308270676691729,0.5296324081020255,0.5320271288620949,C1_grid,0.3
credit_default,CTGAN,MLP,4,5,27.123969554901123,62.123443603515625,26701,0.29998876446575035,0.7128498448090661,0.41557548793023974,0.47155049786628733,0.44646464646464645,0.4996232102486812,C1_grid,0.3
credit_default,CTGAN,RF,0,5,28.287237882614136,0.7109978199005127,31153,0.3999935800725452,0.7867758222530533,0.5604255353144596,0.5245901639344263,0.6372443487621098,0.4457831325301205,C1_grid,0.4
credit_default,CTGAN,LGBM,0,5,28.287237882614136,0.10200023651123047,31153,0.3999935800725452,0.7956005851316224,0.5607421271497124,0.5134764732754682,0.6527293844367015,0.42319277108433734,C1_grid,0.4
credit_default,CTGAN,MLP,0,5,28.287237882614136,75.04100060462952,31153,0.3999935800725452,0.7165441517783463,0.417715482044196,0.43879907621247116,0.44881889763779526,0.4292168674698795,C1_grid,0.4
credit_default,CTGAN,RF,1,5,28.453919410705566,0.7569994926452637,31151,0.3999871593207281,0.774031776123834,0.5467890869898308,0.5011047282368537,0.6057692307692307,0.4272795779954785,C1_grid,0.4
credit_default,CTGAN,LGBM,1,5,28.453919410705566,0.11700034141540527,31151,0.3999871593207281,0.7790769529973129,0.5530982968777958,0.5106382978723404,0.620021528525296,0.43406179351921625,C1_grid,0.4
credit_default,CTGAN,MLP,1,5,28.453919410705566,114.37700009346008,31151,0.3999871593207281,0.6876614539649684,0.3897143855988805,0.39674649796656125,0.49548532731376976,0.3308214016578749,C1_grid,0.4
credit_default,CTGAN,RF,2,5,28.262773752212524,0.7199974060058594,31151,0.3999871593207281,0.7772032444072967,0.553641552648612,0.500891265597148,0.6128680479825518,0.4235116804822909,C1_grid,0.4
credit_default,CTGAN,LGBM,2,5,28.262773752212524,0.11099982261657715,31151,0.3999871593207281,0.7834445049895413,0.5499411892325199,0.5009041591320074,0.6259887005649718,0.41748304446119067,C1_grid,0.4
credit_default,CTGAN,MLP,2,5,28.262773752212524,71.43357491493225,31151,0.3999871593207281,0.6899457367928863,0.39525681130351425,0.3885209713024282,0.4690831556503198,0.3315749811605124,C1_grid,0.4
credit_default,CTGAN,RF,3,5,27.755146503448486,0.7409987449645996,31151,0.3999871593207281,0.774177073605511,0.5603196049827983,0.5206463195691203,0.6437291897891232,0.4370761115297664,C1_grid,0.4
credit_default,CTGAN,LGBM,3,5,27.755146503448486,0.12599992752075195,31151,0.3999871593207281,0.7833910464821319,0.5644414272422357,0.5265981224854716,0.6472527472527473,0.44385832705350414,C1_grid,0.4
credit_default,CTGAN,MLP,3,5,27.755146503448486,145.56100130081177,31151,0.3999871593207281,0.7028476209996629,0.4104724001080522,0.4377238360525269,0.463743676222597,0.41446872645064053,C1_grid,0.4
credit_default,CTGAN,RF,4,5,27.170650482177734,0.7199985980987549,31151,0.3999871593207281,0.7693107368065936,0.5539541582061221,0.5118942731277533,0.616118769883351,0.43782969103240393,C1_grid,0.4
credit_default,CTGAN,LGBM,4,5,27.170650482177734,0.11600136756896973,31151,0.3999871593207281,0.7796001690675691,0.5470782247850583,0.5011266336187472,0.6233183856502242,0.4189902034664657,C1_grid,0.4
credit_default,CTGAN,MLP,4,5,27.170650482177734,73.01457047462463,31151,0.3999871593207281,0.7069397367003217,0.4133472587660081,0.4436334144363342,0.48024582967515367,0.41220798794272795,C1_grid,0.4
credit_default,CTGAN,RF,0,5,27.47257947921753,0.8719997406005859,37384,0.5,0.7833709893082605,0.5537366839055347,0.48219441770933585,0.668,0.3772590361445783,C1_grid,0.5
credit_default,CTGAN,LGBM,0,5,27.47257947921753,0.12199997901916504,37384,0.5,0.7958467001567915,0.550361192433558,0.4810495626822158,0.678082191780822,0.3727409638554217,C1_grid,0.5
credit_default,CTGAN,MLP,0,5,27.47257947921753,163.5760006904602,37384,0.5,0.7051305876330665,0.40592163448082735,0.41644794400699914,0.4968684759916493,0.35843373493975905,C1_grid,0.5
credit_default,CTGAN,RF,1,5,28.013967514038086,0.9199981689453125,37382,0.5,0.7726655605136596,0.5438064533585977,0.48220218319886093,0.6512820512820513,0.38281838733986434,C1_grid,0.5
credit_default,CTGAN,LGBM,1,5,28.013967514038086,0.12000060081481934,37382,0.5,0.7773355602604777,0.5346442356142452,0.46789883268482485,0.6598079561042524,0.3624717407686511,C1_grid,0.5
credit_default,CTGAN,MLP,1,5,28.013967514038086,142.56399965286255,37382,0.5,0.6952536908543702,0.3906931254073921,0.42318380309646686,0.4471476510067114,0.40165787490580257,C1_grid,0.5
credit_default,CTGAN,RF,2,5,26.849215984344482,0.9280016422271729,37382,0.5,0.7745820842883431,0.5489966978985903,0.4707574304889741,0.6469038208168643,0.3700075357950264,C1_grid,0.5
credit_default,CTGAN,LGBM,2,5,26.849215984344482,0.1230015754699707,37382,0.5,0.783825165040039,0.5452413047532844,0.46611409068746956,0.6602209944751382,0.3602110022607385,C1_grid,0.5
credit_default,CTGAN,MLP,2,5,26.849215984344482,85.73807144165039,37382,0.5,0.6807764336192893,0.3770222816082882,0.41808806029353435,0.44137353433835846,0.3971363978899774,C1_grid,0.5
credit_default,CTGAN,RF,3,5,27.506827116012573,0.8779973983764648,37382,0.5,0.7747107717360436,0.5589277752634234,0.49831325301204815,0.6911764705882353,0.3896006028636021,C1_grid,0.5
credit_default,CTGAN,LGBM,3,5,27.506827116012573,0.12499880790710449,37382,0.5,0.7838930565381367,0.5649566510068489,0.48598130841121506,0.6997167138810199,0.37226827430293896,C1_grid,0.5
credit_default,CTGAN,MLP,3,5,27.506827116012573,137.8800778388977,37382,0.5,0.7024342246686097,0.4200953890431091,0.4457096380642538,0.4840989399293286,0.4129615674453655,C1_grid,0.5
credit_default,CTGAN,RF,4,5,27.505375385284424,0.9219985008239746,37382,0.5,0.7671246628203419,0.5547733376361902,0.4783230109575988,0.6502590673575129,0.37829691032403917,C1_grid,0.5
credit_default,CTGAN,LGBM,4,5,27.505375385284424,0.11900043487548828,37382,0.5,0.7789726161819468,0.5594691116584123,0.47292069632495165,0.659919028340081,0.36850037678975134,C1_grid,0.5
credit_default,CTGAN,MLP,4,5,27.505375385284424,95.5626974105835,37382,0.5,0.6813928593947723,0.38366875905528847,0.426000734484025,0.4154727793696275,0.4370761115297664,C1_grid,0.5
credit_default,TVAE,RF,0,5,0.0,0.5979993343353271,24000,0.22116666666666668,0.7912423183745255,0.5650857161147145,0.5576102418207681,0.5283018867924528,0.5903614457831325,C1_grid,0.2
credit_default,TVAE,LGBM,0,5,0.0,0.09300065040588379,24000,0.22116666666666668,0.7959795087885789,0.5640576648166062,0.5549169859514687,0.4817073170731707,0.6543674698795181,C1_grid,0.2
credit_default,TVAE,MLP,0,5,0.0,55.05986523628235,24000,0.22116666666666668,0.7056797932311437,0.4292780050203936,0.4362934362934363,0.44770206022187004,0.4254518072289157,C1_grid,0.2
credit_default,TVAE,RF,1,5,0.0009996891021728516,0.5559995174407959,24000,0.22120833333333334,0.7739326803386061,0.5411278153667323,0.5359712230215828,0.5127322780454233,0.5614167294649586,C1_grid,0.2
credit_default,TVAE,LGBM,1,5,0.0009996891021728516,0.09800004959106445,24000,0.22120833333333334,0.7782757204360344,0.5513805733937805,0.5412903225806451,0.47320924985899604,0.6322532027128862,C1_grid,0.2
credit_default,TVAE,MLP,1,5,0.0009996891021728516,51.286988973617554,24000,0.22120833333333334,0.6994839278569783,0.4109540441257462,0.42684451854939554,0.47761194029850745,0.3858327053504145,C1_grid,0.2
credit_default,TVAE,RF,2,5,0.0,0.601999044418335,24000,0.22120833333333334,0.7781493712940879,0.5501054963823777,0.5377730039384175,0.5122783083219645,0.5659382064807837,C1_grid,0.2
credit_default,TVAE,LGBM,2,5,0.0,0.10199999809265137,24000,0.22120833333333334,0.7833120278738948,0.5518544550885682,0.5295250320924262,0.461151481274455,0.6217030896759608,C1_grid,0.2
credit_default,TVAE,MLP,2,5,0.0,55.01761269569397,24000,0.22120833333333334,0.7043597791413774,0.42710627596450057,0.43747518856689166,0.462248322147651,0.4152223059532781,C1_grid,0.2
credit_default,TVAE,RF,3,5,0.00099945068359375,0.591998815536499,24000,0.22120833333333334,0.7763326689857285,0.5589173844693595,0.5479063165365508,0.5177733065057009,0.5817633760361718,C1_grid,0.2
credit_default,TVAE,LGBM,3,5,0.00099945068359375,0.10400104522705078,24000,0.22120833333333334,0.7845666498577423,0.5689036257476403,0.5442220787604907,0.47600225861095424,0.6352675207234363,C1_grid,0.2
credit_default,TVAE,MLP,3,5,0.00099945068359375,75.01706433296204,24000,0.22120833333333334,0.7101155590703605,0.42968067189198733,0.4263870685889035,0.5072765072765073,0.3677467972871138,C1_grid,0.2
credit_default,TVAE,RF,4,5,0.0,0.5979998111724854,24000,0.22120833333333334,0.7751250550106586,0.5574617989171824,0.5388193202146692,0.5129427792915532,0.5674453654860587,C1_grid,0.2
credit_default,TVAE,LGBM,4,5,0.0,0.0950005054473877,24000,0.22120833333333334,0.7795570313579703,0.5667154675126261,0.5316129032258065,0.4647490129723632,0.6209495101733233,C1_grid,0.2
credit_default,TVAE,MLP,4,5,0.0,87.86099982261658,24000,0.22120833333333334,0.6949453570197793,0.403928045145561,0.4053826745164003,0.4586108468125595,0.3632253202712886,C1_grid,0.2
credit_default,TVAE,RF,0,5,30.23288917541504,0.6579980850219727,26702,0.2999775297730507,0.7877012921119408,0.5622941601814001,0.550197628458498,0.5790349417637272,0.5240963855421686,C1_grid,0.3
credit_default,TVAE,LGBM,0,5,30.23288917541504,0.10400009155273438,26702,0.2999775297730507,0.7957790064367057,0.5627065887939933,0.5580172737514082,0.5565543071161049,0.5594879518072289,C1_grid,0.3
credit_default,TVAE,MLP,0,5,30.23288917541504,98.45095944404602,26702,0.2999775297730507,0.6960139358805083,0.3952223879950786,0.3662870159453303,0.46366782006920415,0.30271084337349397,C1_grid,0.3
credit_default,TVAE,RF,1,5,20.49477505683899,0.6610002517700195,26701,0.29998876446575035,0.7752550325580855,0.5442847219442585,0.5298273155416012,0.5528255528255528,0.5086661642803316,C1_grid,0.3
credit_default,TVAE,LGBM,1,5,20.49477505683899,0.10100030899047852,26701,0.29998876446575035,0.7809477588629449,0.5568460009701834,0.5359576078728236,0.538403041825095,0.53353428786737,C1_grid,0.3
credit_default,TVAE,MLP,1,5,20.49477505683899,85.46945858001709,26701,0.29998876446575035,0.697677143190265,0.40586669042626455,0.4120351023819473,0.4624765478424015,0.3715146948003014,C1_grid,0.3
credit_default,TVAE,RF,2,5,19.801334142684937,0.6589987277984619,26701,0.29998876446575035,0.7774874695032519,0.5492200206208123,0.5351118085523735,0.55810147299509,0.5139412207987942,C1_grid,0.3
credit_default,TVAE,LGBM,2,5,19.801334142684937,0.10799956321716309,26701,0.29998876446575035,0.782487089730145,0.5506190595685377,0.5333839150227617,0.5370511841100076,0.5297663903541824,C1_grid,0.3
credit_default,TVAE,MLP,2,5,19.801334142684937,66.28275775909424,26701,0.29998876446575035,0.6860663262846047,0.40638259916156205,0.407052510540437,0.4141965678627145,0.40015071590052753,C1_grid,0.3
credit_default,TVAE,RF,3,5,19.62251591682434,0.6379988193511963,26701,0.29998876446575035,0.7754830576847129,0.5608250864477043,0.5478912100906583,0.5743801652892562,0.5237377543330821,C1_grid,0.3
credit_default,TVAE,LGBM,3,5,19.62251591682434,0.10799980163574219,26701,0.29998876446575035,0.78392127746965,0.5660349138108111,0.5560165975103735,0.5566465256797583,0.5553880934438583,C1_grid,0.3
credit_default,TVAE,MLP,3,5,19.62251591682434,86.11600089073181,26701,0.29998876446575035,0.7219004588078415,0.45281272480478346,0.4501448076127431,0.4990825688073395,0.40994724943481536,C1_grid,0.3
credit_default,TVAE,RF,4,5,20.554702043533325,0.6479980945587158,26701,0.29998876446575035,0.7718860983852628,0.5532857961298275,0.5244727417429367,0.5556492411467117,0.49660889223813115,C1_grid,0.3
credit_default,TVAE,LGBM,4,5,20.554702043533325,0.11400008201599121,26701,0.29998876446575035,0.7805814511719025,0.5600921430330345,0.534502478078536,0.5408950617283951,0.5282592313489073,C1_grid,0.3
credit_default,TVAE,MLP,4,5,20.554702043533325,98.91939091682434,26701,0.29998876446575035,0.7060961727417732,0.42580215461736254,0.46113007205157375,0.46412213740458014,0.4581763376036172,C1_grid,0.3
credit_default,TVAE,RF,0,5,19.413755655288696,0.7459993362426758,31153,0.3999935800725452,0.7845473288702756,0.5604910174558511,0.5188172043010753,0.6404867256637168,0.43599397590361444,C1_grid,0.4
credit_default,TVAE,LGBM,0,5,19.413755655288696,0.11600208282470703,31153,0.3999935800725452,0.7946527924626589,0.5623519080951958,0.5109689213893968,0.65,0.42093373493975905,C1_grid,0.4
credit_default,TVAE,MLP,0,5,19.413755655288696,72.09199905395508,31153,0.3999935800725452,0.7055531092692688,0.41393411493585763,0.4220858895705521,0.4619516562220233,0.3885542168674699,C1_grid,0.4
credit_default,TVAE,RF,1,5,19.96759796142578,0.7860007286071777,31151,0.3999871593207281,0.7729656699624952,0.5452542536841279,0.4975435462259938,0.6107456140350878,0.41974378296910325,C1_grid,0.4
credit_default,TVAE,LGBM,1,5,19.96759796142578,0.12199997901916504,31151,0.3999871593207281,0.7792242662598123,0.5520549955829521,0.5037963376507368,0.618421052631579,0.4250188394875659,C1_grid,0.4
credit_default,TVAE,MLP,1,5,19.96759796142578,71.14200139045715,31151,0.3999871593207281,0.6891936086524408,0.397347713702943,0.39566160520607374,0.4662576687116564,0.3436322532027129,C1_grid,0.4
credit_default,TVAE,RF,2,5,20.577479124069214,0.8080003261566162,31151,0.3999871593207281,0.7767592888389764,0.5489428875401801,0.5004516711833785,0.6245772266065389,0.41748304446119067,C1_grid,0.4
credit_default,TVAE,LGBM,2,5,20.577479124069214,0.11500000953674316,31151,0.3999871593207281,0.7823921867690276,0.5510451061555862,0.49657690552259237,0.6296296296296297,0.40994724943481536,C1_grid,0.4
credit_default,TVAE,MLP,2,5,20.577479124069214,71.62400150299072,31151,0.3999871593207281,0.6706223811983445,0.37929632914460254,0.37885835095137416,0.43159922928709055,0.33760361718161264,C1_grid,0.4
credit_default,TVAE,RF,3,5,20.817399740219116,0.7499992847442627,31151,0.3999871593207281,0.772656126659411,0.5586561036803229,0.5157515751575157,0.6402234636871509,0.43180105501130367,C1_grid,0.4
credit_default,TVAE,LGBM,3,5,20.817399740219116,0.11800003051757812,31151,0.3999871593207281,0.7824408074024632,0.5693552327972153,0.5172727272727273,0.6517754868270332,0.4287867370007536,C1_grid,0.4
credit_default,TVAE,MLP,3,5,20.817399740219116,71.5985643863678,31151,0.3999871593207281,0.6896747352191258,0.4008259618134431,0.4315829819854351,0.4391575663026521,0.4242652599849284,C1_grid,0.4
credit_default,TVAE,RF,4,5,20.464918613433838,0.7549986839294434,31151,0.3999871593207281,0.7670026677649716,0.5515033821426754,0.5011205737337516,0.6183628318584071,0.4212509419743783,C1_grid,0.4
credit_default,TVAE,LGBM,4,5,20.464918613433838,0.10899996757507324,31151,0.3999871593207281,0.7799723628386129,0.5544304910663075,0.502009825815096,0.6162280701754386,0.4235116804822909,C1_grid,0.4
credit_default,TVAE,MLP,4,5,20.464918613433838,98.0367705821991,31151,0.3999871593207281,0.6887491692967231,0.3958075123311411,0.428033157498116,0.42803315749811605,0.42803315749811605,C1_grid,0.4
credit_default,TVAE,RF,0,5,20.47418451309204,0.9649984836578369,37384,0.5,0.7811756980834297,0.5557860743816952,0.4782608695652174,0.6671159029649596,0.3727409638554217,C1_grid,0.5
credit_default,TVAE,LGBM,0,5,20.47418451309204,0.12299966812133789,37384,0.5,0.7932757087854844,0.568351776132172,0.4775390625,0.6791666666666667,0.3682228915662651,C1_grid,0.5
credit_default,TVAE,MLP,0,5,20.47418451309204,91.67748403549194,37384,0.5,0.6946415262935304,0.39811841599250464,0.41728395061728396,0.46007259528130673,0.3817771084337349,C1_grid,0.5
credit_default,TVAE,RF,1,5,21.035780906677246,0.9950003623962402,37382,0.5,0.7691922088942378,0.5434732897855932,0.4744630071599045,0.6471354166666666,0.37452901281085155,C1_grid,0.5
credit_default,TVAE,LGBM,1,5,21.035780906677246,0.1249997615814209,37382,0.5,0.7785136632043077,0.554437642090282,0.46663419386264,0.6597796143250688,0.36096458176337604,C1_grid,0.5
credit_default,TVAE,MLP,1,5,21.035780906677246,60.88005089759827,37382,0.5,0.7075136698160688,0.42180754734277137,0.45300825796303573,0.47368421052631576,0.43406179351921625,C1_grid,0.5
credit_default,TVAE,RF,2,5,20.555022954940796,0.9890010356903076,37382,0.5,0.7753504193066004,0.548639689797867,0.4652068126520681,0.6565934065934066,0.3602110022607385,C1_grid,0.5
credit_default,TVAE,LGBM,2,5,20.555022954940796,0.12200140953063965,37382,0.5,0.7810782201977691,0.547649762318517,0.4635696821515893,0.6601671309192201,0.3571966842501884,C1_grid,0.5
credit_default,TVAE,MLP,2,5,20.555022954940796,86.27926468849182,37382,0.5,0.6683576111287873,0.37132727026653545,0.40627450980392155,0.42354865085854454,0.39035418236623964,C1_grid,0.5
credit_default,TVAE,RF,3,5,20.986605405807495,0.9339995384216309,37382,0.5,0.7714428684980386,0.5598600855897633,0.5012071463061323,0.6975806451612904,0.3911077618688772,C1_grid,0.5
credit_default,TVAE,LGBM,3,5,20.986605405807495,0.12200188636779785,37382,0.5,0.7823635626813497,0.5678001839726724,0.4896551724137931,0.7069701280227596,0.37452901281085155,C1_grid,0.5
credit_default,TVAE,MLP,3,5,20.986605405807495,145.55809926986694,37382,0.5,0.7059635343636607,0.3970999735612793,0.4099746407438715,0.4667949951876805,0.3654860587792012,C1_grid,0.5
credit_default,TVAE,RF,4,5,19.69429063796997,0.9539980888366699,37382,0.5,0.763204694801914,0.5483734908698196,0.4747572815533981,0.6671214188267395,0.36850037678975134,C1_grid,0.5
credit_default,TVAE,LGBM,4,5,19.69429063796997,0.12899994850158691,37382,0.5,0.7785031005127986,0.553645547060372,0.47489029741589467,0.6726519337016574,0.36699321778447624,C1_grid,0.5
credit_default,TVAE,MLP,4,5,19.69429063796997,170.44500350952148,37382,0.5,0.6804325414109916,0.37915720144051474,0.40079365079365076,0.42330259849119867,0.38055764883195176,C1_grid,0.5
ibm_attrition,None,RF,0,5,0.0,0.2200002670288086,1176,0.16071428571428573,0.7887025745257452,0.5101841742958206,0.39436619718309857,0.6086956521739131,0.2916666666666667,C0_fixed0.50,
ibm_attrition,None,LGBM,0,5,0.0,0.05699896812438965,1176,0.16071428571428573,0.7716802168021679,0.4708272092173658,0.5054945054945056,0.5348837209302325,0.4791666666666667,C0_fixed0.50,
ibm_attrition,None,MLP,0,5,0.0,1.155000925064087,1176,0.16071428571428573,0.7567750677506776,0.3995387699486288,0.45238095238095233,0.5277777777777778,0.3958333333333333,C0_fixed0.50,
ibm_attrition,None,RF,1,5,0.0,0.2079939842224121,1176,0.16071428571428573,0.7945460704607046,0.5119175211500372,0.35616438356164387,0.52,0.2708333333333333,C0_fixed0.50,
ibm_attrition,None,LGBM,1,5,0.0,0.0710000991821289,1176,0.16071428571428573,0.7859078590785908,0.5347526203750315,0.5252525252525253,0.5098039215686274,0.5416666666666666,C0_fixed0.50,
ibm_attrition,None,MLP,1,5,0.0,1.1670005321502686,1176,0.16071428571428573,0.7806571815718157,0.5490823882071856,0.4772727272727273,0.525,0.4375,C0_fixed0.50,
ibm_attrition,None,RF,2,5,0.0,0.21300029754638672,1176,0.16156462585034015,0.8420191230941511,0.582102791038412,0.3492063492063492,0.6875,0.23404255319148937,C0_fixed0.50,
ibm_attrition,None,LGBM,2,5,0.0,0.07000017166137695,1176,0.16156462585034015,0.8297872340425532,0.5732589428916048,0.5679012345679013,0.6764705882352942,0.48936170212765956,C0_fixed0.50,
ibm_attrition,None,MLP,2,5,0.0,1.1990008354187012,1176,0.16156462585034015,0.7925747265052977,0.5253723624531349,0.39999999999999997,0.6086956521739131,0.2978723404255319,C0_fixed0.50,
ibm_attrition,None,RF,3,5,0.0,0.2089996337890625,1176,0.16156462585034015,0.8166078042897753,0.6256399086916525,0.4193548387096774,0.8666666666666667,0.2765957446808511,C0_fixed0.50,
ibm_attrition,None,LGBM,3,5,0.0,0.06399989128112793,1176,0.16156462585034015,0.8480489275562064,0.6185518580131951,0.5714285714285715,0.6486486486486487,0.5106382978723404,C0_fixed0.50,
ibm_attrition,None,MLP,3,5,0.0,1.164001703262329,1176,0.16156462585034015,0.7712981307606167,0.5620013881472483,0.49411764705882355,0.5526315789473685,0.44680851063829785,C0_fixed0.50,
ibm_attrition,None,RF,4,5,0.0,0.2129967212677002,1176,0.16156462585034015,0.7776724954776467,0.5168660274228337,0.4285714285714286,0.6521739130434783,0.3191489361702128,C0_fixed0.50,
ibm_attrition,None,LGBM,4,5,0.0,0.06800055503845215,1176,0.16156462585034015,0.7949866482901198,0.551423393477424,0.5,0.4897959183673469,0.5106382978723404,C0_fixed0.50,
ibm_attrition,None,MLP,4,5,0.0,1.1460013389587402,1176,0.16156462585034015,0.7244379360840728,0.5175716541845345,0.4878048780487805,0.5714285714285714,0.425531914893617,C0_fixed0.50,
ibm_attrition,SMOTE,RF,0,5,0.009001970291137695,0.2229597568511963,1974,0.5,0.8057249322493225,0.5490135849012087,0.4473684210526316,0.6071428571428571,0.3541666666666667,C0_fixed0.50,0.5
ibm_attrition,SMOTE,LGBM,0,5,0.009001970291137695,0.08800005912780762,1974,0.5,0.8047086720867208,0.5149925033000702,0.4266666666666667,0.5925925925925926,0.3333333333333333,C0_fixed0.50,0.5
ibm_attrition,SMOTE,MLP,0,5,0.009001970291137695,1.191999912261963,1974,0.5,0.7507621951219512,0.4051515815424904,0.4090909090909091,0.45,0.375,C0_fixed0.50,0.5
ibm_attrition,SMOTE,RF,1,5,0.009001493453979492,0.22499895095825195,1974,0.5,0.8087737127371274,0.5249831296447108,0.39999999999999997,0.5555555555555556,0.3125,C0_fixed0.50,0.5
ibm_attrition,SMOTE,LGBM,1,5,0.009001493453979492,0.08600044250488281,1974,0.5,0.7952235772357724,0.5524511115375366,0.5121951219512195,0.6176470588235294,0.4375,C0_fixed0.50,0.5
ibm_attrition,SMOTE,MLP,1,5,0.009001493453979492,1.2820003032684326,1974,0.5,0.7651592140921409,0.5622204018488424,0.4946236559139785,0.5111111111111111,0.4791666666666667,C0_fixed0.50,0.5
ibm_attrition,SMOTE,RF,2,5,0.009001731872558594,0.20999813079833984,1972,0.5,0.8453785855801534,0.5681336754718007,0.36923076923076914,0.6666666666666666,0.2553191489361702,C0_fixed0.50,0.5
ibm_attrition,SMOTE,LGBM,2,5,0.009001731872558594,0.09999895095825195,1972,0.5,0.8104918597639762,0.5191832458167158,0.4166666666666667,0.6,0.3191489361702128,C0_fixed0.50,0.5
ibm_attrition,SMOTE,MLP,2,5,0.009001731872558594,1.2820007801055908,1972,0.5,0.7843052803859074,0.5133044275320466,0.4266666666666666,0.5714285714285714,0.3404255319148936,C0_fixed0.50,0.5
ibm_attrition,SMOTE,RF,3,5,0.008999109268188477,0.2089989185333252,1972,0.5,0.824704970281678,0.6315764360097509,0.4923076923076923,0.8888888888888888,0.3404255319148936,C0_fixed0.50,0.5
ibm_attrition,SMOTE,LGBM,3,5,0.008999109268188477,0.13300013542175293,1972,0.5,0.8194504263933156,0.6524569054529122,0.5294117647058824,0.8571428571428571,0.3829787234042553,C0_fixed0.50,0.5
ibm_attrition,SMOTE,MLP,3,5,0.008999109268188477,1.2410004138946533,1972,0.5,0.7854251012145749,0.5430231858327692,0.47191011235955055,0.5,0.44680851063829785,C0_fixed0.50,0.5
ibm_attrition,SMOTE,RF,4,5,0.00900125503540039,0.22499847412109375,1972,0.5,0.7943836678439142,0.5473735603607804,0.417910447761194,0.7,0.2978723404255319,C0_fixed0.50,0.5
ibm_attrition,SMOTE,LGBM,4,5,0.00900125503540039,0.08699822425842285,1972,0.5,0.79050736497545,0.5615897612255925,0.5194805194805194,0.6666666666666666,0.425531914893617,C0_fixed0.50,0.5
ibm_attrition,SMOTE,MLP,4,5,0.00900125503540039,1.2330005168914795,1972,0.5,0.7124644672237057,0.5179027116291747,0.45783132530120485,0.5277777777777778,0.40425531914893614,C0_fixed0.50,0.5
ibm_attrition,ADASYN,RF,0,5,0.024000883102416992,0.21380162239074707,1965,0.49770992366412214,0.8015752032520325,0.5373571979582846,0.39999999999999997,0.5555555555555556,0.3125,C0_fixed0.50,0.5
ibm_attrition,ADASYN,LGBM,0,5,0.024000883102416992,0.08899950981140137,1965,0.49770992366412214,0.7988651761517616,0.5006302390870409,0.35616438356164387,0.52,0.2708333333333333,C0_fixed0.50,0.5
ibm_attrition,ADASYN,MLP,0,5,0.024000883102416992,1.201000452041626,1965,0.49770992366412214,0.7517784552845529,0.40159370987911525,0.4222222222222222,0.4523809523809524,0.3958333333333333,C0_fixed0.50,0.5
ibm_attrition,ADASYN,RF,1,5,0.023998260498046875,0.22300124168395996,1910,0.48324607329842934,0.8079268292682926,0.5456226979595526,0.4615384615384615,0.6,0.375,C0_fixed0.50,0.5
ibm_attrition,ADASYN,LGBM,1,5,0.023998260498046875,0.09600043296813965,1910,0.48324607329842934,0.7826897018970189,0.5382341118728208,0.5517241379310345,0.6153846153846154,0.5,C0_fixed0.50,0.5
ibm_attrition,ADASYN,MLP,1,5,0.023998260498046875,1.2270004749298096,1910,0.48324607329842934,0.7751524390243902,0.5533384126567578,0.48936170212765956,0.5,0.4791666666666667,C0_fixed0.50,0.5
ibm_attrition,ADASYN,RF,2,5,0.024001359939575195,0.2197284698486328,1951,0.4946181445412609,0.8390042208631234,0.5934265224023595,0.4117647058823529,0.6666666666666666,0.2978723404255319,C0_fixed0.50,0.5
ibm_attrition,ADASYN,LGBM,2,5,0.024001359939575195,0.07799863815307617,1951,0.4946181445412609,0.8288396933413731,0.5559841468864695,0.3880597014925373,0.65,0.2765957446808511,C0_fixed0.50,0.5
ibm_attrition,ADASYN,MLP,2,5,0.024001359939575195,1.273000717163086,1951,0.4946181445412609,0.7802566973899562,0.5063576628275572,0.45569620253164556,0.5625,0.3829787234042553,C0_fixed0.50,0.5
ibm_attrition,ADASYN,RF,3,5,0.024002552032470703,0.21799874305725098,1914,0.48484848484848486,0.8230683090705487,0.6475430189033121,0.5151515151515151,0.8947368421052632,0.3617021276595745,C0_fixed0.50,0.5
ibm_attrition,ADASYN,LGBM,3,5,0.024002552032470703,0.08899903297424316,1914,0.48484848484848486,0.8299595141700405,0.6431488499653748,0.5373134328358209,0.9,0.3829787234042553,C0_fixed0.50,0.5
ibm_attrition,ADASYN,MLP,3,5,0.024002552032470703,1.1968193054199219,1914,0.48484848484848486,0.7770695150314412,0.5364387414951565,0.4651162790697675,0.5128205128205128,0.425531914893617,C0_fixed0.50,0.5
ibm_attrition,ADASYN,RF,4,5,0.023000717163085938,0.2109990119934082,1911,0.4840397697540555,0.798604530967353,0.5752434471043529,0.43478260869565216,0.6818181818181818,0.3191489361702128,C0_fixed0.50,0.5
ibm_attrition,ADASYN,LGBM,4,5,0.023000717163085938,0.08099937438964844,1911,0.4840397697540555,0.7936084072702213,0.5570479660362412,0.5,0.6060606060606061,0.425531914893617,C0_fixed0.50,0.5
ibm_attrition,ADASYN,MLP,4,5,0.023000717163085938,1.1730003356933594,1911,0.4840397697540555,0.7165991902834008,0.5052193388330696,0.4523809523809524,0.5135135135135135,0.40425531914893614,C0_fixed0.50,0.5
ibm_attrition,G-SMOTE,RF,0,5,0.3540017604827881,0.20599842071533203,1974,0.5,0.7884485094850948,0.5177735023699491,0.4155844155844156,0.5517241379310345,0.3333333333333333,C0_fixed0.50,0.5
ibm_attrition,G-SMOTE,LGBM,0,5,0.3540017604827881,0.08799934387207031,1974,0.5,0.7765074525745257,0.49517408628066023,0.43243243243243246,0.6153846153846154,0.3333333333333333,C0_fixed0.50,0.5
ibm_attrition,G-SMOTE,MLP,0,5,0.3540017604827881,1.2380011081695557,1974,0.5,0.738990514905149,0.4010207676351528,0.4090909090909091,0.45,0.375,C0_fixed0.50,0.5
ibm_attrition,G-SMOTE,RF,1,5,0.36499714851379395,0.2154388427734375,1974,0.5,0.8060636856368564,0.5472752996494132,0.48648648648648646,0.6923076923076923,0.375,C0_fixed0.50,0.5
ibm_attrition,G-SMOTE,LGBM,1,5,0.36499714851379395,0.10599946975708008,1974,0.5,0.7829437669376694,0.5552550135033624,0.4358974358974359,0.5666666666666667,0.3541666666666667,C0_fixed0.50,0.5
ibm_attrition,G-SMOTE,MLP,1,5,0.36499714851379395,1.2250003814697266,1974,0.5,0.7850609756097562,0.5818155231121604,0.4782608695652174,0.5,0.4583333333333333,C0_fixed0.50,0.5
ibm_attrition,G-SMOTE,RF,2,5,0.3939988613128662,0.22499823570251465,1973,0.5002534211860111,0.8439142044965113,0.5591943420932438,0.393939393939394,0.6842105263157895,0.2765957446808511,C0_fixed0.50,0.5
ibm_attrition,G-SMOTE,LGBM,2,5,0.3939988613128662,0.08300018310546875,1973,0.5002534211860111,0.7980876905848909,0.4918323993557784,0.3661971830985916,0.5416666666666666,0.2765957446808511,C0_fixed0.50,0.5
ibm_attrition,G-SMOTE,MLP,2,5,0.3939988613128662,1.266000747680664,1973,0.5002534211860111,0.7774140752864157,0.5061833305953953,0.3684210526315789,0.4827586206896552,0.2978723404255319,C0_fixed0.50,0.5
ibm_attrition,G-SMOTE,RF,3,5,0.49300074577331543,0.2129991054534912,1972,0.5,0.8290981135326041,0.6435936985676676,0.44444444444444436,0.875,0.2978723404255319,C0_fixed0.50,0.5
ibm_attrition,G-SMOTE,LGBM,3,5,0.49300074577331543,0.0820000171661377,1972,0.5,0.822034628305625,0.6183009723751184,0.4411764705882353,0.7142857142857143,0.3191489361702128,C0_fixed0.50,0.5
ibm_attrition,G-SMOTE,MLP,3,5,0.49300074577331543,1.2280030250549316,1972,0.5,0.7723318115255406,0.5388700409183507,0.5,0.5365853658536586,0.46808510638297873,C0_fixed0.50,0.5
ibm_attrition,G-SMOTE,RF,4,5,0.40400075912475586,0.2129988670349121,1972,0.5,0.7862003617882678,0.5736943070756992,0.4788732394366197,0.7083333333333334,0.3617021276595745,C0_fixed0.50,0.5
ibm_attrition,G-SMOTE,LGBM,4,5,0.40400075912475586,0.08799982070922852,1972,0.5,0.7786200361788267,0.5539113607968499,0.4415584415584416,0.5666666666666667,0.3617021276595745,C0_fixed0.50,0.5
ibm_attrition,G-SMOTE,MLP,4,5,0.40400075912475586,1.2220005989074707,1972,0.5,0.7128090274786804,0.5112673213803536,0.47500000000000003,0.5757575757575758,0.40425531914893614,C0_fixed0.50,0.5
ibm_attrition,CTGAN,RF,0,5,5.41199803352356,0.21399950981140137,1974,0.5,0.787940379403794,0.47827256219974174,0.2413793103448276,0.7,0.14583333333333334,C0_fixed0.50,0.5
ibm_attrition,CTGAN,LGBM,0,5,5.41199803352356,0.062000274658203125,1974,0.5,0.7794715447154471,0.5095809382074814,0.3823529411764705,0.65,0.2708333333333333,C0_fixed0.50,0.5
ibm_attrition,CTGAN,MLP,0,5,5.41199803352356,1.407001256942749,1974,0.5,0.7184112466124661,0.4180638812122768,0.4166666666666667,0.4166666666666667,0.4166666666666667,C0_fixed0.50,0.5
ibm_attrition,CTGAN,RF,1,5,5.782999753952026,0.22035813331604004,1974,0.5,0.800220189701897,0.5011678856648027,0.3,0.75,0.1875,C0_fixed0.50,0.5
ibm_attrition,CTGAN,LGBM,1,5,5.782999753952026,0.06800079345703125,1974,0.5,0.7832825203252033,0.5356036514919594,0.4473684210526316,0.6071428571428571,0.3541666666666667,C0_fixed0.50,0.5
ibm_attrition,CTGAN,MLP,1,5,5.782999753952026,1.5350017547607422,1974,0.5,0.8008976964769647,0.5386487583629032,0.5168539325842697,0.5609756097560976,0.4791666666666667,C0_fixed0.50,0.5
ibm_attrition,CTGAN,RF,2,5,6.2099997997283936,0.21689057350158691,1972,0.5,0.8250495305366526,0.6063675222949065,0.15384615384615383,0.8,0.0851063829787234,C0_fixed0.50,0.5
ibm_attrition,CTGAN,LGBM,2,5,6.2099997997283936,0.06500005722045898,1972,0.5,0.829356533723835,0.596342227382852,0.3548387096774194,0.7333333333333333,0.23404255319148937,C0_fixed0.50,0.5
ibm_attrition,CTGAN,MLP,2,5,6.2099997997283936,1.5040006637573242,1972,0.5,0.7558790593505039,0.4533706016205697,0.42553191489361697,0.425531914893617,0.425531914893617,C0_fixed0.50,0.5
ibm_attrition,CTGAN,RF,3,5,5.862506628036499,0.20499968528747559,1972,0.5,0.8328882763373245,0.6740131685929778,0.1568627450980392,1.0,0.0851063829787234,C0_fixed0.50,0.5
ibm_attrition,CTGAN,LGBM,3,5,5.862506628036499,0.06700015068054199,1972,0.5,0.8288396933413731,0.6265725945263653,0.4126984126984127,0.8125,0.2765957446808511,C0_fixed0.50,0.5
ibm_attrition,CTGAN,MLP,3,5,5.862506628036499,1.5580015182495117,1972,0.5,0.77491601343785,0.5621836252714291,0.5,0.5111111111111111,0.48936170212765956,C0_fixed0.50,0.5
ibm_attrition,CTGAN,RF,4,5,5.566999673843384,0.20399999618530273,1972,0.5,0.7708674304418985,0.4780781057217204,0.18518518518518517,0.7142857142857143,0.10638297872340426,C0_fixed0.50,0.5
ibm_attrition,CTGAN,LGBM,4,5,5.566999673843384,0.06800055503845215,1972,0.5,0.8027392540270479,0.5613691748104307,0.4571428571428571,0.6956521739130435,0.3404255319148936,C0_fixed0.50,0.5
ibm_attrition,CTGAN,MLP,4,5,5.566999673843384,1.5764169692993164,1972,0.5,0.7531225773107071,0.539899551200808,0.47826086956521735,0.4888888888888889,0.46808510638297873,C0_fixed0.50,0.5
ibm_attrition,TVAE,RF,0,5,4.269999265670776,0.22500014305114746,1974,0.5,0.7721883468834688,0.4647789345462465,0.1785714285714286,0.625,0.10416666666666667,C0_fixed0.50,0.5
ibm_attrition,TVAE,LGBM,0,5,4.269999265670776,0.0690000057220459,1974,0.5,0.7737974254742548,0.46667979300689083,0.31884057971014496,0.5238095238095238,0.22916666666666666,C0_fixed0.50,0.5
ibm_attrition,TVAE,MLP,0,5,4.269999265670776,1.3710007667541504,1974,0.5,0.7377201897018971,0.4169941438530904,0.42857142857142855,0.5,0.375,C0_fixed0.50,0.5
ibm_attrition,TVAE,RF,1,5,4.226999998092651,0.22899985313415527,1974,0.5,0.8055555555555556,0.5407809379441677,0.31034482758620696,0.9,0.1875,C0_fixed0.50,0.5
ibm_attrition,TVAE,LGBM,1,5,4.226999998092651,0.0710000991821289,1974,0.5,0.7985264227642277,0.5793020303700934,0.48780487804878053,0.5882352941176471,0.4166666666666667,C0_fixed0.50,0.5
ibm_attrition,TVAE,MLP,1,5,4.226999998092651,1.418001413345337,1974,0.5,0.7753218157181572,0.5540363994415802,0.49438202247191015,0.5365853658536586,0.4583333333333333,C0_fixed0.50,0.5
ibm_attrition,TVAE,RF,2,5,4.518999099731445,0.21200013160705566,1972,0.5,0.8384012404169179,0.6446983669592922,0.1923076923076923,1.0,0.10638297872340426,C0_fixed0.50,0.5
ibm_attrition,TVAE,LGBM,2,5,4.518999099731445,0.07000041007995605,1972,0.5,0.8172969247997244,0.5900549561869911,0.3492063492063492,0.6875,0.23404255319148937,C0_fixed0.50,0.5
ibm_attrition,TVAE,MLP,2,5,4.518999099731445,1.4330003261566162,1972,0.5,0.7988629511585839,0.5393985199788491,0.4210526315789473,0.5517241379310345,0.3404255319148936,C0_fixed0.50,0.5
ibm_attrition,TVAE,RF,3,5,4.389999151229858,0.21700024604797363,1972,0.5,0.8315961753811698,0.692389079364627,0.22641509433962262,1.0,0.1276595744680851,C0_fixed0.50,0.5
ibm_attrition,TVAE,LGBM,3,5,4.389999151229858,0.06699967384338379,1972,0.5,0.8239297097079852,0.5907464825525158,0.3870967741935484,0.8,0.2553191489361702,C0_fixed0.50,0.5
ibm_attrition,TVAE,MLP,3,5,4.389999151229858,1.4250006675720215,1972,0.5,0.7692307692307692,0.5359838922183049,0.5,0.5365853658536586,0.46808510638297873,C0_fixed0.50,0.5
ibm_attrition,TVAE,RF,4,5,4.684000253677368,0.22560334205627441,1972,0.5,0.7716426910155915,0.5063842377046618,0.2222222222222222,0.8571428571428571,0.1276595744680851,C0_fixed0.50,0.5
ibm_attrition,TVAE,LGBM,4,5,4.684000253677368,0.0690007209777832,1972,0.5,0.7990352312860711,0.5599183016371561,0.4225352112676056,0.625,0.3191489361702128,C0_fixed0.50,0.5
ibm_attrition,TVAE,MLP,4,5,4.684000253677368,1.404000997543335,1972,0.5,0.7342579033508484,0.52309891940626,0.4705882352941176,0.5263157894736842,0.425531914893617,C0_fixed0.50,0.5
ibm_attrition,GMMSampling,RF,0,5,0.5439958572387695,0.24030566215515137,1176,0.5,0.7712567750677507,0.4602824385894364,0.42696629213483145,0.4634146341463415,0.3958333333333333,C0_fixed0.50,
ibm_attrition,GMMSampling,LGBM,0,5,0.5439958572387695,0.06399989128112793,1176,0.5,0.7669376693766938,0.5021374437333973,0.5048543689320388,0.4727272727272727,0.5416666666666666,C0_fixed0.50,
ibm_attrition,GMMSampling,MLP,0,5,0.5439958572387695,0.8450005054473877,1176,0.5,0.7683773712737128,0.44453367513104997,0.43971631205673756,0.3333333333333333,0.6458333333333334,C0_fixed0.50,
ibm_attrition,GMMSampling,RF,1,5,0.7269999980926514,0.22699999809265137,1175,0.49957446808510636,0.7924288617886178,0.498844993048906,0.42105263157894735,0.425531914893617,0.4166666666666667,C0_fixed0.50,
ibm_attrition,GMMSampling,LGBM,1,5,0.7269999980926514,0.0670013427734375,1175,0.49957446808510636,0.7800643631436314,0.4635160490999729,0.45454545454545453,0.4032258064516129,0.5208333333333334,C0_fixed0.50,
ibm_attrition,GMMSampling,MLP,1,5,0.7269999980926514,0.8389987945556641,1175,0.49957446808510636,0.8060636856368563,0.5366422797028142,0.46478873239436624,0.35106382978723405,0.6875,C0_fixed0.50,
ibm_attrition,GMMSampling,RF,2,5,0.5209991931915283,0.24201130867004395,1176,0.5,0.8374536997157378,0.5630515904377895,0.5977011494252874,0.65,0.5531914893617021,C0_fixed0.50,
ibm_attrition,GMMSampling,LGBM,2,5,0.5209991931915283,0.06895828247070312,1176,0.5,0.8462399862175898,0.5518340124743363,0.5208333333333334,0.5102040816326531,0.5319148936170213,C0_fixed0.50,
ibm_attrition,GMMSampling,MLP,2,5,0.5209991931915283,0.8700006008148193,1176,0.5,0.8271168920665001,0.5055880555557696,0.45033112582781454,0.3269230769230769,0.723404255319149,C0_fixed0.50,
ibm_attrition,GMMSampling,RF,3,5,0.5309998989105225,0.22500085830688477,1176,0.5,0.8029976742182788,0.6196090338000207,0.5249999999999999,0.6363636363636364,0.44680851063829785,C0_fixed0.50,
ibm_attrition,GMMSampling,LGBM,3,5,0.5309998989105225,0.06800055503845215,1176,0.5,0.8084244982341288,0.6336935215350936,0.5436893203883495,0.5,0.5957446808510638,C0_fixed0.50,
ibm_attrition,GMMSampling,MLP,3,5,0.5309998989105225,0.8820016384124756,1176,0.5,0.78955982427427,0.5708727174212158,0.4603174603174603,0.3670886075949367,0.6170212765957447,C0_fixed0.50,
ibm_attrition,GMMSampling,RF,4,5,0.7660002708435059,0.2293720245361328,1175,0.49957446808510636,0.7726763717805151,0.41989478672856945,0.4597701149425288,0.5,0.425531914893617,C0_fixed0.50,
ibm_attrition,GMMSampling,LGBM,4,5,0.7660002708435059,0.07300043106079102,1175,0.49957446808510636,0.7756051339477991,0.42220250063984377,0.4807692307692307,0.43859649122807015,0.5319148936170213,C0_fixed0.50,
ibm_attrition,GMMSampling,MLP,4,5,0.7660002708435059,0.8760006427764893,1175,0.49957446808510636,0.7458868119562408,0.3982353840195897,0.4661654135338345,0.36046511627906974,0.6595744680851063,C0_fixed0.50,
ibm_attrition,SMOTE,RF,0,5,0.01000070571899414,0.19199919700622559,1233,0.19951338199513383,0.7862466124661247,0.4996354923905984,0.4166666666666667,0.625,0.3125,C1_grid,0.2
ibm_attrition,SMOTE,LGBM,0,5,0.01000070571899414,0.06299972534179688,1233,0.19951338199513383,0.7909044715447154,0.4980653478715864,0.5,0.5227272727272727,0.4791666666666667,C1_grid,0.2
ibm_attrition,SMOTE,MLP,0,5,0.01000070571899414,1.3140015602111816,1233,0.19951338199513383,0.7560128726287263,0.4130563747384489,0.4390243902439025,0.5294117647058824,0.375,C1_grid,0.2
ibm_attrition,SMOTE,RF,1,5,0.00999903678894043,0.2050008773803711,1233,0.19951338199513383,0.8104674796747968,0.5283634399791917,0.4225352112676057,0.6521739130434783,0.3125,C1_grid,0.2
ibm_attrition,SMOTE,LGBM,1,5,0.00999903678894043,0.08800005912780762,1233,0.19951338199513383,0.791158536585366,0.5493150151014208,0.45999999999999996,0.4423076923076923,0.4791666666666667,C1_grid,0.2
ibm_attrition,SMOTE,MLP,1,5,0.00999903678894043,1.395000696182251,1233,0.19951338199513383,0.785738482384824,0.5536071074526816,0.4888888888888889,0.5238095238095238,0.4583333333333333,C1_grid,0.2
ibm_attrition,SMOTE,RF,2,5,0.010001182556152344,0.21699857711791992,1232,0.19967532467532467,0.845723145835128,0.62030598279139,0.4705882352941176,0.7619047619047619,0.3404255319148936,C1_grid,0.2
ibm_attrition,SMOTE,LGBM,2,5,0.010001182556152344,0.09400033950805664,1232,0.19967532467532467,0.8289258334051167,0.5976184063287211,0.5,0.6060606060606061,0.425531914893617,C1_grid,0.2
ibm_attrition,SMOTE,MLP,2,5,0.010001182556152344,1.3780004978179932,1232,0.19967532467532467,0.792230166250323,0.511025488593321,0.38235294117647056,0.6190476190476191,0.2765957446808511,C1_grid,0.2
ibm_attrition,SMOTE,RF,3,5,0.008999347686767578,0.21499919891357422,1232,0.19967532467532467,0.8259109311740891,0.6443569551013899,0.4516129032258065,0.9333333333333333,0.2978723404255319,C1_grid,0.2
ibm_attrition,SMOTE,LGBM,3,5,0.008999347686767578,0.08500146865844727,1232,0.19967532467532467,0.8371091394607633,0.6197993913859239,0.558139534883721,0.6153846153846154,0.5106382978723404,C1_grid,0.2
ibm_attrition,SMOTE,MLP,3,5,0.008999347686767578,1.2810003757476807,1232,0.19967532467532467,0.7775863554139029,0.5638344802525517,0.5249999999999999,0.6363636363636364,0.44680851063829785,C1_grid,0.2
ibm_attrition,SMOTE,RF,4,5,0.00900125503540039,0.207808256149292,1232,0.19967532467532467,0.7942975277801705,0.5461832100250548,0.38235294117647056,0.6190476190476191,0.2765957446808511,C1_grid,0.2
ibm_attrition,SMOTE,LGBM,4,5,0.00900125503540039,0.07000184059143066,1232,0.19967532467532467,0.7972262899474545,0.5271627323398137,0.5208333333333334,0.5102040816326531,0.5319148936170213,C1_grid,0.2
ibm_attrition,SMOTE,MLP,4,5,0.00900125503540039,1.1879994869232178,1232,0.19967532467532467,0.7181497114307864,0.5164069641631526,0.47500000000000003,0.5757575757575758,0.40425531914893614,C1_grid,0.2
ibm_attrition,SMOTE,RF,0,5,0.009001016616821289,0.20801019668579102,1410,0.3,0.8033536585365854,0.5189860803353767,0.4054054054054054,0.5769230769230769,0.3125,C1_grid,0.3
ibm_attrition,SMOTE,LGBM,0,5,0.009001016616821289,0.07000017166137695,1410,0.3,0.7857384823848239,0.49183787732339185,0.5057471264367815,0.5641025641025641,0.4583333333333333,C1_grid,0.3
ibm_attrition,SMOTE,MLP,0,5,0.009001016616821289,1.4760017395019531,1410,0.3,0.7602472899728997,0.4044746039914557,0.45238095238095233,0.5277777777777778,0.3958333333333333,C1_grid,0.3
ibm_attrition,SMOTE,RF,1,5,0.009001493453979492,0.20890426635742188,1410,0.3,0.8200372628726287,0.5423520160257582,0.4054054054054054,0.5769230769230769,0.3125,C1_grid,0.3
ibm_attrition,SMOTE,LGBM,1,5,0.009001493453979492,0.07199883460998535,1410,0.3,0.8019139566395664,0.5868781480049468,0.5376344086021506,0.5555555555555556,0.5208333333333334,C1_grid,0.3
ibm_attrition,SMOTE,MLP,1,5,0.009001493453979492,1.638000726699829,1410,0.3,0.7726117886178862,0.5631781205401413,0.4888888888888889,0.5238095238095238,0.4583333333333333,C1_grid,0.3
ibm_attrition,SMOTE,RF,2,5,0.009000778198242188,0.19576668739318848,1408,0.2997159090909091,0.8428805237315876,0.5741881333109334,0.4705882352941176,0.7619047619047619,0.3404255319148936,C1_grid,0.3
ibm_attrition,SMOTE,LGBM,2,5,0.009000778198242188,0.07199978828430176,1408,0.2997159090909091,0.7949005082263761,0.5324621989020786,0.46153846153846156,0.5806451612903226,0.3829787234042553,C1_grid,0.3
ibm_attrition,SMOTE,MLP,2,5,0.009000778198242188,1.7690010070800781,1408,0.2997159090909091,0.783702299939702,0.5351023631616644,0.4594594594594595,0.6296296296296297,0.3617021276595745,C1_grid,0.3
ibm_attrition,SMOTE,RF,3,5,0.009000778198242188,0.19499945640563965,1408,0.2997159090909091,0.8118701007838747,0.6344737063370244,0.46875,0.8823529411764706,0.3191489361702128,C1_grid,0.3
ibm_attrition,SMOTE,LGBM,3,5,0.009000778198242188,0.08899974822998047,1408,0.2997159090909091,0.8142820225686968,0.6021698794268899,0.5333333333333333,0.7142857142857143,0.425531914893617,C1_grid,0.3
ibm_attrition,SMOTE,MLP,3,5,0.009000778198242188,1.7310001850128174,1408,0.2997159090909091,0.7711258506331294,0.5423047686709416,0.49438202247191015,0.5238095238095238,0.46808510638297873,C1_grid,0.3
ibm_attrition,SMOTE,RF,4,5,0.009000778198242188,0.23600125312805176,1408,0.2997159090909091,0.7728486519080023,0.5514162886109556,0.4225352112676056,0.625,0.3191489361702128,C1_grid,0.3
ibm_attrition,SMOTE,LGBM,4,5,0.009000778198242188,0.12899994850158691,1408,0.2997159090909091,0.7911964854853992,0.553104640397093,0.6024096385542169,0.6944444444444444,0.5319148936170213,C1_grid,0.3
ibm_attrition,SMOTE,MLP,4,5,0.009000778198242188,1.6860008239746094,1408,0.2997159090909091,0.7191833921957101,0.5108715455990216,0.48192771084337355,0.5555555555555556,0.425531914893617,C1_grid,0.3
ibm_attrition,SMOTE,RF,0,5,0.010000228881835938,0.21999859809875488,1645,0.4,0.8230860433604336,0.5402737632347626,0.38888888888888895,0.5833333333333334,0.2916666666666667,C1_grid,0.4
ibm_attrition,SMOTE,LGBM,0,5,0.010000228881835938,0.1080007553100586,1645,0.4,0.7821815718157181,0.5266779427159047,0.4675324675324676,0.6206896551724138,0.375,C1_grid,0.4
ibm_attrition,SMOTE,MLP,0,5,0.010000228881835938,1.2950022220611572,1645,0.4,0.7615176151761518,0.40822052941459086,0.4418604651162791,0.5,0.3958333333333333,C1_grid,0.4
ibm_attrition,SMOTE,RF,1,5,0.009001731872558594,0.2100067138671875,1645,0.4,0.8134315718157181,0.5452249440483392,0.43243243243243246,0.6153846153846154,0.3333333333333333,C1_grid,0.4
ibm_attrition,SMOTE,LGBM,1,5,0.009001731872558594,0.08700060844421387,1645,0.4,0.8155487804878049,0.6239680107159785,0.5555555555555556,0.5952380952380952,0.5208333333333334,C1_grid,0.4
ibm_attrition,SMOTE,MLP,1,5,0.009001731872558594,1.3200008869171143,1645,0.4,0.7787940379403795,0.5716188537450563,0.4835164835164835,0.5116279069767442,0.4583333333333333,C1_grid,0.4
ibm_attrition,SMOTE,RF,2,5,0.008998632431030273,0.21199917793273926,1643,0.3998782714546561,0.843483504177793,0.5809235400804156,0.393939393939394,0.6842105263157895,0.2765957446808511,C1_grid,0.4
ibm_attrition,SMOTE,LGBM,2,5,0.008998632431030273,0.08099985122680664,1643,0.3998782714546561,0.807132397277974,0.5121301415188027,0.46153846153846156,0.5806451612903226,0.3829787234042553,C1_grid,0.4
ibm_attrition,SMOTE,MLP,2,5,0.008998632431030273,1.2890005111694336,1643,0.3998782714546561,0.7750882935653373,0.4985434591319802,0.40540540540540543,0.5555555555555556,0.3191489361702128,C1_grid,0.4
ibm_attrition,SMOTE,RF,3,5,0.009000539779663086,0.2057812213897705,1643,0.3998782714546561,0.8190197260745974,0.6083731980063211,0.5074626865671642,0.85,0.3617021276595745,C1_grid,0.4
ibm_attrition,SMOTE,LGBM,3,5,0.009000539779663086,0.08699989318847656,1643,0.3998782714546561,0.8093720389353088,0.6281741271317128,0.46376811594202894,0.7272727272727273,0.3404255319148936,C1_grid,0.4
ibm_attrition,SMOTE,MLP,3,5,0.009000539779663086,1.283001184463501,1643,0.3998782714546561,0.7704367301231804,0.5328220408396128,0.4418604651162791,0.48717948717948717,0.40425531914893614,C1_grid,0.4
ibm_attrition,SMOTE,RF,4,5,0.008999347686767578,0.21199893951416016,1643,0.3998782714546561,0.7830131794297528,0.540885133154018,0.4444444444444445,0.64,0.3404255319148936,C1_grid,0.4
ibm_attrition,SMOTE,LGBM,4,5,0.008999347686767578,0.08100032806396484,1643,0.3998782714546561,0.7907657851666808,0.5373231517457301,0.48717948717948717,0.6129032258064516,0.40425531914893614,C1_grid,0.4
ibm_attrition,SMOTE,MLP,4,5,0.008999347686767578,1.187002182006836,1643,0.3998782714546561,0.7148763890085279,0.509678174506902,0.4761904761904763,0.5405405405405406,0.425531914893617,C1_grid,0.4
ibm_attrition,SMOTE,RF,0,5,0.008998870849609375,0.28845691680908203,1974,0.5,0.8057249322493225,0.5490135849012087,0.4473684210526316,0.6071428571428571,0.3541666666666667,C1_grid,0.5
ibm_attrition,SMOTE,LGBM,0,5,0.008998870849609375,0.08499979972839355,1974,0.5,0.8047086720867208,0.5149925033000702,0.4266666666666667,0.5925925925925926,0.3333333333333333,C1_grid,0.5
ibm_attrition,SMOTE,MLP,0,5,0.008998870849609375,1.1750006675720215,1974,0.5,0.7507621951219512,0.4051515815424904,0.4090909090909091,0.45,0.375,C1_grid,0.5
ibm_attrition,SMOTE,RF,1,5,0.00900578498840332,0.220994234085083,1974,0.5,0.8087737127371274,0.5249831296447108,0.39999999999999997,0.5555555555555556,0.3125,C1_grid,0.5
ibm_attrition,SMOTE,LGBM,1,5,0.00900578498840332,0.0820002555847168,1974,0.5,0.7952235772357724,0.5524511115375366,0.5121951219512195,0.6176470588235294,0.4375,C1_grid,0.5
ibm_attrition,SMOTE,MLP,1,5,0.00900578498840332,1.2520005702972412,1974,0.5,0.7651592140921409,0.5622204018488424,0.4946236559139785,0.5111111111111111,0.4791666666666667,C1_grid,0.5
ibm_attrition,SMOTE,RF,2,5,0.010004520416259766,0.21496844291687012,1972,0.5,0.8453785855801534,0.5681336754718007,0.36923076923076914,0.6666666666666666,0.2553191489361702,C1_grid,0.5
ibm_attrition,SMOTE,LGBM,2,5,0.010004520416259766,0.08299756050109863,1972,0.5,0.8104918597639762,0.5191832458167158,0.4166666666666667,0.6,0.3191489361702128,C1_grid,0.5
ibm_attrition,SMOTE,MLP,2,5,0.010004520416259766,1.2520005702972412,1972,0.5,0.7843052803859074,0.5133044275320466,0.4266666666666666,0.5714285714285714,0.3404255319148936,C1_grid,0.5
ibm_attrition,SMOTE,RF,3,5,0.009000539779663086,0.2129993438720703,1972,0.5,0.824704970281678,0.6315764360097509,0.4923076923076923,0.8888888888888888,0.3404255319148936,C1_grid,0.5
ibm_attrition,SMOTE,LGBM,3,5,0.009000539779663086,0.0859994888305664,1972,0.5,0.8194504263933156,0.6524569054529122,0.5294117647058824,0.8571428571428571,0.3829787234042553,C1_grid,0.5
ibm_attrition,SMOTE,MLP,3,5,0.009000539779663086,1.2180006504058838,1972,0.5,0.7854251012145749,0.5430231858327692,0.47191011235955055,0.5,0.44680851063829785,C1_grid,0.5
ibm_attrition,SMOTE,RF,4,5,0.009001016616821289,0.20999908447265625,1972,0.5,0.7943836678439142,0.5473735603607804,0.417910447761194,0.7,0.2978723404255319,C1_grid,0.5
ibm_attrition,SMOTE,LGBM,4,5,0.009001016616821289,0.08500051498413086,1972,0.5,0.79050736497545,0.5615897612255925,0.5194805194805194,0.6666666666666666,0.425531914893617,C1_grid,0.5
ibm_attrition,SMOTE,MLP,4,5,0.009001016616821289,1.2199978828430176,1972,0.5,0.7124644672237057,0.5179027116291747,0.45783132530120485,0.5277777777777778,0.40425531914893614,C1_grid,0.5
ibm_attrition,ADASYN,RF,0,5,0.024001598358154297,0.2039940357208252,1233,0.19951338199513383,0.7862466124661247,0.4996354923905984,0.4166666666666667,0.625,0.3125,C1_grid,0.2
ibm_attrition,ADASYN,LGBM,0,5,0.024001598358154297,0.06999969482421875,1233,0.19951338199513383,0.7909044715447154,0.4980653478715864,0.5,0.5227272727272727,0.4791666666666667,C1_grid,0.2
ibm_attrition,ADASYN,MLP,0,5,0.024001598358154297,1.261000633239746,1233,0.19951338199513383,0.7560128726287263,0.4130563747384489,0.4390243902439025,0.5294117647058824,0.375,C1_grid,0.2
ibm_attrition,ADASYN,RF,1,5,0.0240018367767334,0.20161080360412598,1233,0.19951338199513383,0.8104674796747968,0.5283634399791917,0.4225352112676057,0.6521739130434783,0.3125,C1_grid,0.2
ibm_attrition,ADASYN,LGBM,1,5,0.0240018367767334,0.06600022315979004,1233,0.19951338199513383,0.791158536585366,0.5493150151014208,0.45999999999999996,0.4423076923076923,0.4791666666666667,C1_grid,0.2
ibm_attrition,ADASYN,MLP,1,5,0.0240018367767334,1.2860019207000732,1233,0.19951338199513383,0.785738482384824,0.5536071074526816,0.4888888888888889,0.5238095238095238,0.4583333333333333,C1_grid,0.2
ibm_attrition,ADASYN,RF,2,5,0.0240023136138916,0.21399760246276855,1232,0.19967532467532467,0.845723145835128,0.62030598279139,0.4705882352941176,0.7619047619047619,0.3404255319148936,C1_grid,0.2
ibm_attrition,ADASYN,LGBM,2,5,0.0240023136138916,0.06299948692321777,1232,0.19967532467532467,0.8289258334051167,0.5976184063287211,0.5,0.6060606060606061,0.425531914893617,C1_grid,0.2
ibm_attrition,ADASYN,MLP,2,5,0.0240023136138916,1.272000789642334,1232,0.19967532467532467,0.792230166250323,0.511025488593321,0.38235294117647056,0.6190476190476191,0.2765957446808511,C1_grid,0.2
ibm_attrition,ADASYN,RF,3,5,0.023997068405151367,0.20199871063232422,1232,0.19967532467532467,0.8259109311740891,0.6443569551013899,0.4516129032258065,0.9333333333333333,0.2978723404255319,C1_grid,0.2
ibm_attrition,ADASYN,LGBM,3,5,0.023997068405151367,0.07299947738647461,1232,0.19967532467532467,0.8371091394607633,0.6197993913859239,0.558139534883721,0.6153846153846154,0.5106382978723404,C1_grid,0.2
ibm_attrition,ADASYN,MLP,3,5,0.023997068405151367,1.231001615524292,1232,0.19967532467532467,0.7775863554139029,0.5638344802525517,0.5249999999999999,0.6363636363636364,0.44680851063829785,C1_grid,0.2
ibm_attrition,ADASYN,RF,4,5,0.02400040626525879,0.20140886306762695,1232,0.19967532467532467,0.7942975277801705,0.5461832100250548,0.38235294117647056,0.6190476190476191,0.2765957446808511,C1_grid,0.2
ibm_attrition,ADASYN,LGBM,4,5,0.02400040626525879,0.07500004768371582,1232,0.19967532467532467,0.7972262899474545,0.5271627323398137,0.5208333333333334,0.5102040816326531,0.5319148936170213,C1_grid,0.2
ibm_attrition,ADASYN,MLP,4,5,0.02400040626525879,1.1890010833740234,1232,0.19967532467532467,0.7181497114307864,0.5164069641631526,0.47500000000000003,0.5757575757575758,0.40425531914893614,C1_grid,0.2
ibm_attrition,ADASYN,RF,0,5,0.02400374412536621,0.212996244430542,1421,0.3054187192118227,0.7983570460704607,0.5349609545742322,0.42857142857142855,0.6818181818181818,0.3125,C1_grid,0.3
ibm_attrition,ADASYN,LGBM,0,5,0.02400374412536621,0.07100033760070801,1421,0.3054187192118227,0.784129403794038,0.4883558303293158,0.4578313253012048,0.5428571428571428,0.3958333333333333,C1_grid,0.3
ibm_attrition,ADASYN,MLP,0,5,0.02400374412536621,1.270000696182251,1421,0.3054187192118227,0.7480521680216802,0.40438368200542835,0.4047619047619048,0.4722222222222222,0.3541666666666667,C1_grid,0.3
ibm_attrition,ADASYN,RF,1,5,0.025998353958129883,0.2109992504119873,1424,0.3068820224719101,0.78954945799458,0.5345831956592579,0.4358974358974359,0.5666666666666667,0.3541666666666667,C1_grid,0.3
ibm_attrition,ADASYN,LGBM,1,5,0.025998353958129883,0.07599973678588867,1424,0.3068820224719101,0.804369918699187,0.5817700814292399,0.5473684210526316,0.5531914893617021,0.5416666666666666,C1_grid,0.3
ibm_attrition,ADASYN,MLP,1,5,0.025998353958129883,1.3079607486724854,1424,0.3068820224719101,0.7676151761517614,0.54154847874489,0.4731182795698925,0.4888888888888889,0.4583333333333333,C1_grid,0.3
ibm_attrition,ADASYN,RF,2,5,0.024001598358154297,0.20999884605407715,1414,0.3026874115983027,0.8371091394607633,0.5873676732613439,0.4242424242424243,0.7368421052631579,0.2978723404255319,C1_grid,0.3
ibm_attrition,ADASYN,LGBM,2,5,0.024001598358154297,0.08899760246276855,1414,0.3026874115983027,0.8116116805926437,0.5148802599647501,0.4266666666666666,0.5714285714285714,0.3404255319148936,C1_grid,0.3
ibm_attrition,ADASYN,MLP,2,5,0.024001598358154297,1.5340003967285156,1414,0.3026874115983027,0.7682832285295891,0.4967504508322533,0.37837837837837834,0.5185185185185185,0.2978723404255319,C1_grid,0.3
ibm_attrition,ADASYN,RF,3,5,0.023002147674560547,0.2149977684020996,1425,0.3080701754385965,0.8288396933413732,0.6263440103864341,0.5151515151515151,0.8947368421052632,0.3617021276595745,C1_grid,0.3
ibm_attrition,ADASYN,LGBM,3,5,0.023002147674560547,0.07600092887878418,1425,0.3080701754385965,0.808855198552847,0.6140592083319465,0.5569620253164557,0.6875,0.46808510638297873,C1_grid,0.3
ibm_attrition,ADASYN,MLP,3,5,0.023002147674560547,1.2879998683929443,1425,0.3080701754385965,0.7789645964338013,0.5484135033935265,0.47826086956521735,0.4888888888888889,0.46808510638297873,C1_grid,0.3
ibm_attrition,ADASYN,RF,4,5,0.0240018367767334,0.20999813079833984,1424,0.30758426966292135,0.7856835214058059,0.5752574257620227,0.4285714285714286,0.6521739130434783,0.3191489361702128,C1_grid,0.3
ibm_attrition,ADASYN,LGBM,4,5,0.0240018367767334,0.072998046875,1424,0.30758426966292135,0.7934361271427341,0.5736621319200841,0.5647058823529411,0.631578947368421,0.5106382978723404,C1_grid,0.3
ibm_attrition,ADASYN,MLP,4,5,0.0240018367767334,1.2629997730255127,1424,0.30758426966292135,0.7278835386338186,0.5183740350524288,0.48275862068965514,0.525,0.44680851063829785,C1_grid,0.3
ibm_attrition,ADASYN,RF,0,5,0.024001598358154297,0.2089982032775879,1653,0.4029038112522686,0.7958163956639566,0.5198198470392859,0.45333333333333337,0.6296296296296297,0.3541666666666667,C1_grid,0.4
ibm_attrition,ADASYN,LGBM,0,5,0.024001598358154297,0.0840001106262207,1653,0.4029038112522686,0.8025067750677507,0.5353163821911203,0.5128205128205129,0.6666666666666666,0.4166666666666667,C1_grid,0.4
ibm_attrition,ADASYN,MLP,0,5,0.024001598358154297,1.222001314163208,1653,0.4029038112522686,0.7497459349593496,0.39270770204453664,0.40449438202247195,0.43902439024390244,0.375,C1_grid,0.4
ibm_attrition,ADASYN,RF,1,5,0.023999452590942383,0.20832514762878418,1662,0.40613718411552346,0.8075880758807589,0.5434075251277422,0.4358974358974359,0.5666666666666667,0.3541666666666667,C1_grid,0.4
ibm_attrition,ADASYN,LGBM,1,5,0.023999452590942383,0.08299970626831055,1662,0.40613718411552346,0.7931063685636857,0.5582525417817747,0.4827586206896552,0.5384615384615384,0.4375,C1_grid,0.4
ibm_attrition,ADASYN,MLP,1,5,0.023999452590942383,1.2990021705627441,1662,0.40613718411552346,0.7776084010840109,0.5495823353321039,0.4883720930232558,0.5526315789473685,0.4375,C1_grid,0.4
ibm_attrition,ADASYN,RF,2,5,0.026001453399658203,0.22299885749816895,1655,0.4042296072507553,0.8345249375484538,0.574488822960643,0.417910447761194,0.7,0.2978723404255319,C1_grid,0.4
ibm_attrition,ADASYN,LGBM,2,5,0.026001453399658203,0.09099817276000977,1655,0.4042296072507553,0.8191058661383409,0.5106427355186764,0.4473684210526315,0.5862068965517241,0.3617021276595745,C1_grid,0.4
ibm_attrition,ADASYN,MLP,2,5,0.026001453399658203,1.273000955581665,1655,0.4042296072507553,0.7706090102506676,0.4697940549587579,0.3589743589743589,0.45161290322580644,0.2978723404255319,C1_grid,0.4
ibm_attrition,ADASYN,RF,3,5,0.023001670837402344,0.2086944580078125,1665,0.4078078078078078,0.8277198725127057,0.6344808696878383,0.4923076923076923,0.8888888888888888,0.3404255319148936,C1_grid,0.4
ibm_attrition,ADASYN,LGBM,3,5,0.023001670837402344,0.08100008964538574,1665,0.4078078078078078,0.8207425273494703,0.6160373598958263,0.4507042253521127,0.6666666666666666,0.3404255319148936,C1_grid,0.4
ibm_attrition,ADASYN,MLP,3,5,0.023001670837402344,1.2110023498535156,1665,0.4078078078078078,0.7719011112068221,0.5410077642663095,0.48275862068965514,0.525,0.44680851063829785,C1_grid,0.4
ibm_attrition,ADASYN,RF,4,5,0.023003339767456055,0.21302175521850586,1663,0.40709561034275404,0.7888707037643208,0.5713238562832483,0.48,0.6428571428571429,0.3829787234042553,C1_grid,0.4
ibm_attrition,ADASYN,LGBM,4,5,0.023003339767456055,0.07500028610229492,1663,0.40709561034275404,0.792747006632785,0.5648512155561884,0.5121951219512195,0.6,0.44680851063829785,C1_grid,0.4
ibm_attrition,ADASYN,MLP,4,5,0.023003339767456055,1.2360005378723145,1663,0.40709561034275404,0.7156516495822207,0.5201641389036548,0.4597701149425288,0.5,0.425531914893617,C1_grid,0.4
ibm_attrition,ADASYN,RF,0,5,0.02400040626525879,0.22068405151367188,1965,0.49770992366412214,0.8015752032520325,0.5373571979582846,0.39999999999999997,0.5555555555555556,0.3125,C1_grid,0.5
ibm_attrition,ADASYN,LGBM,0,5,0.02400040626525879,0.08699965476989746,1965,0.49770992366412214,0.7988651761517616,0.5006302390870409,0.35616438356164387,0.52,0.2708333333333333,C1_grid,0.5
ibm_attrition,ADASYN,MLP,0,5,0.02400040626525879,1.1820011138916016,1965,0.49770992366412214,0.7517784552845529,0.40159370987911525,0.4222222222222222,0.4523809523809524,0.3958333333333333,C1_grid,0.5
ibm_attrition,ADASYN,RF,1,5,0.02500152587890625,0.208998441696167,1910,0.48324607329842934,0.8079268292682926,0.5456226979595526,0.4615384615384615,0.6,0.375,C1_grid,0.5
ibm_attrition,ADASYN,LGBM,1,5,0.02500152587890625,0.0839993953704834,1910,0.48324607329842934,0.7826897018970189,0.5382341118728208,0.5517241379310345,0.6153846153846154,0.5,C1_grid,0.5
ibm_attrition,ADASYN,MLP,1,5,0.02500152587890625,1.21000075340271,1910,0.48324607329842934,0.7751524390243902,0.5533384126567578,0.48936170212765956,0.5,0.4791666666666667,C1_grid,0.5
ibm_attrition,ADASYN,RF,2,5,0.023999452590942383,0.21475911140441895,1951,0.4946181445412609,0.8390042208631234,0.5934265224023595,0.4117647058823529,0.6666666666666666,0.2978723404255319,C1_grid,0.5
ibm_attrition,ADASYN,LGBM,2,5,0.023999452590942383,0.0859982967376709,1951,0.4946181445412609,0.8288396933413731,0.5559841468864695,0.3880597014925373,0.65,0.2765957446808511,C1_grid,0.5
ibm_attrition,ADASYN,MLP,2,5,0.023999452590942383,1.264000654220581,1951,0.4946181445412609,0.7802566973899562,0.5063576628275572,0.45569620253164556,0.5625,0.3829787234042553,C1_grid,0.5
ibm_attrition,ADASYN,RF,3,5,0.02400064468383789,0.20899653434753418,1914,0.48484848484848486,0.8230683090705487,0.6475430189033121,0.5151515151515151,0.8947368421052632,0.3617021276595745,C1_grid,0.5
ibm_attrition,ADASYN,LGBM,3,5,0.02400064468383789,0.08800029754638672,1914,0.48484848484848486,0.8299595141700405,0.6431488499653748,0.5373134328358209,0.9,0.3829787234042553,C1_grid,0.5
ibm_attrition,ADASYN,MLP,3,5,0.02400064468383789,1.1820003986358643,1914,0.48484848484848486,0.7770695150314412,0.5364387414951565,0.4651162790697675,0.5128205128205128,0.425531914893617,C1_grid,0.5
ibm_attrition,ADASYN,RF,4,5,0.024001359939575195,0.21399855613708496,1911,0.4840397697540555,0.798604530967353,0.5752434471043529,0.43478260869565216,0.6818181818181818,0.3191489361702128,C1_grid,0.5
ibm_attrition,ADASYN,LGBM,4,5,0.024001359939575195,0.07999658584594727,1911,0.4840397697540555,0.7936084072702213,0.5570479660362412,0.5,0.6060606060606061,0.425531914893617,C1_grid,0.5
ibm_attrition,ADASYN,MLP,4,5,0.024001359939575195,1.1590003967285156,1911,0.4840397697540555,0.7165991902834008,0.5052193388330696,0.4523809523809524,0.5135135135135135,0.40425531914893614,C1_grid,0.5
ibm_attrition,G-SMOTE,RF,0,5,0.3990006446838379,0.19545340538024902,1233,0.19951338199513383,0.7857384823848239,0.49255398294217995,0.36111111111111105,0.5416666666666666,0.2708333333333333,C1_grid,0.2
ibm_attrition,G-SMOTE,LGBM,0,5,0.3990006446838379,0.07200074195861816,1233,0.19951338199513383,0.7710873983739838,0.4524385693542118,0.5054945054945056,0.5348837209302325,0.4791666666666667,C1_grid,0.2
ibm_attrition,G-SMOTE,MLP,0,5,0.3990006446838379,1.2300004959106445,1233,0.19951338199513383,0.7532181571815718,0.40763153198139734,0.4578313253012048,0.5428571428571428,0.3958333333333333,C1_grid,0.2
ibm_attrition,G-SMOTE,RF,1,5,0.35000038146972656,0.19699931144714355,1233,0.19951338199513383,0.8064024390243902,0.5328168521756619,0.47500000000000003,0.59375,0.3958333333333333,C1_grid,0.2
ibm_attrition,G-SMOTE,LGBM,1,5,0.35000038146972656,0.06699991226196289,1233,0.19951338199513383,0.7961551490514905,0.5550784364764374,0.5252525252525253,0.5098039215686274,0.5416666666666666,C1_grid,0.2
ibm_attrition,G-SMOTE,MLP,1,5,0.35000038146972656,1.320000410079956,1233,0.19951338199513383,0.7811653116531165,0.5747965022490391,0.5,0.5833333333333334,0.4375,C1_grid,0.2
ibm_attrition,G-SMOTE,RF,2,5,0.3939974308013916,0.20399880409240723,1232,0.19967532467532467,0.8477043673012318,0.5946729777929444,0.36065573770491804,0.7857142857142857,0.23404255319148937,C1_grid,0.2
ibm_attrition,G-SMOTE,LGBM,2,5,0.3939974308013916,0.07299995422363281,1232,0.19967532467532467,0.8248772504091654,0.5500856845141717,0.5,0.6060606060606061,0.425531914893617,C1_grid,0.2
ibm_attrition,G-SMOTE,MLP,2,5,0.3939974308013916,1.2569994926452637,1232,0.19967532467532467,0.7882677233181152,0.5120531226423555,0.39436619718309857,0.5833333333333334,0.2978723404255319,C1_grid,0.2
ibm_attrition,G-SMOTE,RF,3,5,0.43199920654296875,0.19762253761291504,1232,0.19967532467532467,0.8187613058833663,0.6458546419539647,0.4516129032258065,0.9333333333333333,0.2978723404255319,C1_grid,0.2
ibm_attrition,G-SMOTE,LGBM,3,5,0.43199920654296875,0.07599973678588867,1232,0.19967532467532467,0.8333189766560427,0.6224166557067422,0.5365853658536586,0.6285714285714286,0.46808510638297873,C1_grid,0.2
ibm_attrition,G-SMOTE,MLP,3,5,0.43199920654296875,1.2190003395080566,1232,0.19967532467532467,0.764406925661125,0.5557851408410895,0.5063291139240507,0.625,0.425531914893617,C1_grid,0.2
ibm_attrition,G-SMOTE,RF,4,5,0.338001012802124,0.20599913597106934,1232,0.19967532467532467,0.7880093031268842,0.5622398677642316,0.4117647058823529,0.6666666666666666,0.2978723404255319,C1_grid,0.2
ibm_attrition,G-SMOTE,LGBM,4,5,0.338001012802124,0.06600022315979004,1232,0.19967532467532467,0.8041174950469464,0.5733061525891522,0.5652173913043478,0.5777777777777777,0.5531914893617021,C1_grid,0.2
ibm_attrition,G-SMOTE,MLP,4,5,0.338001012802124,1.2020008563995361,1232,0.19967532467532467,0.727538978378844,0.5230677624070135,0.46341463414634143,0.5428571428571428,0.40425531914893614,C1_grid,0.2
ibm_attrition,G-SMOTE,RF,0,5,0.38899683952331543,0.21299982070922852,1410,0.3,0.7872628726287263,0.5050888415778334,0.45333333333333337,0.6296296296296297,0.3541666666666667,C1_grid,0.3
ibm_attrition,G-SMOTE,LGBM,0,5,0.38899683952331543,0.08199739456176758,1410,0.3,0.7761686991869918,0.4738144169164804,0.4444444444444444,0.5454545454545454,0.375,C1_grid,0.3
ibm_attrition,G-SMOTE,MLP,0,5,0.38899683952331543,1.4770002365112305,1410,0.3,0.7612635501355013,0.40497732870675046,0.4418604651162791,0.5,0.3958333333333333,C1_grid,0.3
ibm_attrition,G-SMOTE,RF,1,5,0.4120023250579834,0.21599793434143066,1410,0.3,0.8135162601626016,0.5343019683121212,0.4155844155844156,0.5517241379310345,0.3333333333333333,C1_grid,0.3
ibm_attrition,G-SMOTE,LGBM,1,5,0.4120023250579834,0.07299685478210449,1410,0.3,0.8239329268292683,0.5843160145952684,0.5494505494505495,0.5813953488372093,0.5208333333333334,C1_grid,0.3
ibm_attrition,G-SMOTE,MLP,1,5,0.4120023250579834,1.646000623703003,1410,0.3,0.7709180216802168,0.5682542195708791,0.4946236559139785,0.5111111111111111,0.4791666666666667,C1_grid,0.3
ibm_attrition,G-SMOTE,RF,2,5,0.4210011959075928,0.205765962600708,1408,0.2997159090909091,0.8446033250064605,0.5517909099790146,0.3384615384615385,0.6111111111111112,0.23404255319148937,C1_grid,0.3
ibm_attrition,G-SMOTE,LGBM,2,5,0.4210011959075928,0.07299971580505371,1408,0.2997159090909091,0.8440864846239986,0.5748846624222343,0.49350649350649345,0.6333333333333333,0.40425531914893614,C1_grid,0.3
ibm_attrition,G-SMOTE,MLP,2,5,0.4210011959075928,1.7750005722045898,1408,0.2997159090909091,0.7769833749676975,0.49519925197255754,0.36111111111111105,0.52,0.2765957446808511,C1_grid,0.3
ibm_attrition,G-SMOTE,RF,3,5,0.47100281715393066,0.20999717712402344,1409,0.30021291696238467,0.8274614523214747,0.6443475026410422,0.5079365079365079,1.0,0.3404255319148936,C1_grid,0.3
ibm_attrition,G-SMOTE,LGBM,3,5,0.47100281715393066,0.08299756050109863,1409,0.30021291696238467,0.8197088465845465,0.6040644490819548,0.5063291139240507,0.625,0.425531914893617,C1_grid,0.3
ibm_attrition,G-SMOTE,MLP,3,5,0.47100281715393066,1.5520012378692627,1409,0.30021291696238467,0.7717288310793351,0.5598078021055354,0.5060240963855422,0.5833333333333334,0.44680851063829785,C1_grid,0.3
ibm_attrition,G-SMOTE,RF,4,5,0.30900144577026367,0.20799875259399414,1408,0.2997159090909091,0.7978292703936601,0.5490388181445047,0.3880597014925373,0.65,0.2765957446808511,C1_grid,0.3
ibm_attrition,G-SMOTE,LGBM,4,5,0.30900144577026367,0.07200026512145996,1408,0.2997159090909091,0.7973124300111982,0.5482596107141036,0.5348837209302325,0.5897435897435898,0.48936170212765956,C1_grid,0.3
ibm_attrition,G-SMOTE,MLP,4,5,0.30900144577026367,1.4930002689361572,1408,0.2997159090909091,0.7205616332156086,0.5163362868057536,0.49382716049382713,0.5882352941176471,0.425531914893617,C1_grid,0.3
ibm_attrition,G-SMOTE,RF,0,5,0.43000030517578125,0.21199870109558105,1645,0.4,0.7922594850948509,0.5313922764553588,0.48648648648648646,0.6923076923076923,0.375,C1_grid,0.4
ibm_attrition,G-SMOTE,LGBM,0,5,0.43000030517578125,0.07500052452087402,1645,0.4,0.7788787262872628,0.5099468950623887,0.45,0.5625,0.375,C1_grid,0.4
ibm_attrition,G-SMOTE,MLP,0,5,0.43000030517578125,1.2160005569458008,1645,0.4,0.7451727642276422,0.40017517973954053,0.45454545454545453,0.5,0.4166666666666667,C1_grid,0.4
ibm_attrition,G-SMOTE,RF,1,5,0.3250002861022949,0.2124958038330078,1645,0.4,0.8080115176151762,0.5423125025489061,0.4675324675324676,0.6206896551724138,0.375,C1_grid,0.4
ibm_attrition,G-SMOTE,LGBM,1,5,0.3250002861022949,0.08299970626831055,1645,0.4,0.8036077235772358,0.5567026290403617,0.4827586206896552,0.5384615384615384,0.4375,C1_grid,0.4
ibm_attrition,G-SMOTE,MLP,1,5,0.3250002861022949,1.3170013427734375,1645,0.4,0.7861619241192412,0.5633388457981658,0.4680851063829787,0.4782608695652174,0.4583333333333333,C1_grid,0.4
ibm_attrition,G-SMOTE,RF,2,5,0.43900012969970703,0.20499920845031738,1643,0.3998782714546561,0.8436557843052804,0.5849664218931296,0.43478260869565216,0.6818181818181818,0.3191489361702128,C1_grid,0.4
ibm_attrition,G-SMOTE,LGBM,2,5,0.43900012969970703,0.08300113677978516,1643,0.3998782714546561,0.7993797915410458,0.523554149731501,0.4225352112676056,0.625,0.3191489361702128,C1_grid,0.4
ibm_attrition,G-SMOTE,MLP,2,5,0.43900012969970703,1.2869977951049805,1643,0.3998782714546561,0.7694891894220002,0.49404509734386004,0.3733333333333333,0.5,0.2978723404255319,C1_grid,0.4
ibm_attrition,G-SMOTE,RF,3,5,0.4570014476776123,0.20670628547668457,1642,0.3995127892813642,0.8184167456283917,0.6255176080989159,0.44444444444444436,0.875,0.2978723404255319,C1_grid,0.4
ibm_attrition,G-SMOTE,LGBM,3,5,0.4570014476776123,0.0839993953704834,1642,0.3995127892813642,0.8353001981221466,0.619449315221484,0.4788732394366197,0.7083333333333334,0.3617021276595745,C1_grid,0.4
ibm_attrition,G-SMOTE,MLP,3,5,0.4570014476776123,1.2340011596679688,1642,0.3995127892813642,0.774657593246619,0.5335635466819745,0.4651162790697675,0.5128205128205128,0.425531914893617,C1_grid,0.4
ibm_attrition,G-SMOTE,RF,4,5,0.30099987983703613,0.2046651840209961,1643,0.3998782714546561,0.7971401498837108,0.5843898803911617,0.4444444444444445,0.64,0.3404255319148936,C1_grid,0.4
ibm_attrition,G-SMOTE,LGBM,4,5,0.30099987983703613,0.08399820327758789,1643,0.3998782714546561,0.7868894822982169,0.5484280987688621,0.5060240963855422,0.5833333333333334,0.44680851063829785,C1_grid,0.4
ibm_attrition,G-SMOTE,MLP,4,5,0.30099987983703613,1.1750013828277588,1643,0.3998782714546561,0.7203893530881212,0.5025934386394227,0.4418604651162791,0.48717948717948717,0.40425531914893614,C1_grid,0.4
ibm_attrition,G-SMOTE,RF,0,5,0.41100049018859863,0.21299958229064941,1974,0.5,0.7884485094850948,0.5177735023699491,0.4155844155844156,0.5517241379310345,0.3333333333333333,C1_grid,0.5
ibm_attrition,G-SMOTE,LGBM,0,5,0.41100049018859863,0.0820002555847168,1974,0.5,0.7765074525745257,0.49517408628066023,0.43243243243243246,0.6153846153846154,0.3333333333333333,C1_grid,0.5
ibm_attrition,G-SMOTE,MLP,0,5,0.41100049018859863,1.2190008163452148,1974,0.5,0.738990514905149,0.4010207676351528,0.4090909090909091,0.45,0.375,C1_grid,0.5
ibm_attrition,G-SMOTE,RF,1,5,0.37000012397766113,0.21160173416137695,1974,0.5,0.8060636856368564,0.5472752996494132,0.48648648648648646,0.6923076923076923,0.375,C1_grid,0.5
ibm_attrition,G-SMOTE,LGBM,1,5,0.37000012397766113,0.08299851417541504,1974,0.5,0.7829437669376694,0.5552550135033624,0.4358974358974359,0.5666666666666667,0.3541666666666667,C1_grid,0.5
ibm_attrition,G-SMOTE,MLP,1,5,0.37000012397766113,1.200998306274414,1974,0.5,0.7850609756097562,0.5818155231121604,0.4782608695652174,0.5,0.4583333333333333,C1_grid,0.5
ibm_attrition,G-SMOTE,RF,2,5,0.4440007209777832,0.21460604667663574,1973,0.5002534211860111,0.8439142044965113,0.5591943420932438,0.393939393939394,0.6842105263157895,0.2765957446808511,C1_grid,0.5
ibm_attrition,G-SMOTE,LGBM,2,5,0.4440007209777832,0.07999873161315918,1973,0.5002534211860111,0.7980876905848909,0.4918323993557784,0.3661971830985916,0.5416666666666666,0.2765957446808511,C1_grid,0.5
ibm_attrition,G-SMOTE,MLP,2,5,0.4440007209777832,1.2500026226043701,1973,0.5002534211860111,0.7774140752864157,0.5061833305953953,0.3684210526315789,0.4827586206896552,0.2978723404255319,C1_grid,0.5
ibm_attrition,G-SMOTE,RF,3,5,0.4940009117126465,0.2088320255279541,1972,0.5,0.8290981135326041,0.6435936985676676,0.44444444444444436,0.875,0.2978723404255319,C1_grid,0.5
ibm_attrition,G-SMOTE,LGBM,3,5,0.4940009117126465,0.08495736122131348,1972,0.5,0.822034628305625,0.6183009723751184,0.4411764705882353,0.7142857142857143,0.3191489361702128,C1_grid,0.5
ibm_attrition,G-SMOTE,MLP,3,5,0.4940009117126465,1.222001314163208,1972,0.5,0.7723318115255406,0.5388700409183507,0.5,0.5365853658536586,0.46808510638297873,C1_grid,0.5
ibm_attrition,G-SMOTE,RF,4,5,0.345001220703125,0.21854329109191895,1972,0.5,0.7862003617882678,0.5736943070756992,0.4788732394366197,0.7083333333333334,0.3617021276595745,C1_grid,0.5
ibm_attrition,G-SMOTE,LGBM,4,5,0.345001220703125,0.08800029754638672,1972,0.5,0.7786200361788267,0.5539113607968499,0.4415584415584416,0.5666666666666667,0.3617021276595745,C1_grid,0.5
ibm_attrition,G-SMOTE,MLP,4,5,0.345001220703125,1.218193531036377,1972,0.5,0.7128090274786804,0.5112673213803536,0.47500000000000003,0.5757575757575758,0.40425531914893614,C1_grid,0.5
ibm_attrition,CTGAN,RF,0,5,5.494000196456909,0.2089998722076416,1233,0.19951338199513383,0.7867547425474254,0.4870493714611615,0.3823529411764705,0.65,0.2708333333333333,C1_grid,0.2
ibm_attrition,CTGAN,LGBM,0,5,5.494000196456909,0.06700015068054199,1233,0.19951338199513383,0.7898035230352304,0.47687639417255323,0.45652173913043476,0.4772727272727273,0.4375,C1_grid,0.2
ibm_attrition,CTGAN,MLP,0,5,5.494000196456909,1.2900004386901855,1233,0.19951338199513383,0.7507621951219513,0.4362818224345233,0.45652173913043476,0.4772727272727273,0.4375,C1_grid,0.2
ibm_attrition,CTGAN,RF,1,5,5.72582221031189,0.21599769592285156,1233,0.19951338199513383,0.7831978319783197,0.5020412231603973,0.34285714285714286,0.5454545454545454,0.25,C1_grid,0.2
ibm_attrition,CTGAN,LGBM,1,5,5.72582221031189,0.07200026512145996,1233,0.19951338199513383,0.797510162601626,0.5566831442451703,0.4782608695652174,0.5,0.4583333333333333,C1_grid,0.2
ibm_attrition,CTGAN,MLP,1,5,5.72582221031189,1.3640005588531494,1233,0.19951338199513383,0.7817581300813008,0.5595473303935627,0.45454545454545453,0.5,0.4166666666666667,C1_grid,0.2
ibm_attrition,CTGAN,RF,2,5,6.063048839569092,0.19395112991333008,1232,0.19967532467532467,0.8435696442415368,0.6045609427713082,0.393939393939394,0.6842105263157895,0.2765957446808511,C1_grid,0.2
ibm_attrition,CTGAN,LGBM,2,5,6.063048839569092,0.06299924850463867,1232,0.19967532467532467,0.8238435696442415,0.5596031224258247,0.5194805194805194,0.6666666666666666,0.425531914893617,C1_grid,0.2
ibm_attrition,CTGAN,MLP,2,5,6.063048839569092,1.2940006256103516,1232,0.19967532467532467,0.7816349384098544,0.5148540290808971,0.48717948717948717,0.6129032258064516,0.40425531914893614,C1_grid,0.2
ibm_attrition,CTGAN,RF,3,5,6.0240020751953125,0.20399761199951172,1232,0.19967532467532467,0.8227237488155742,0.64862439000717,0.45901639344262296,1.0,0.2978723404255319,C1_grid,0.2
ibm_attrition,CTGAN,LGBM,3,5,6.0240020751953125,0.06799840927124023,1232,0.19967532467532467,0.8443449048152296,0.6200559892716948,0.5454545454545453,0.7,0.44680851063829785,C1_grid,0.2
ibm_attrition,CTGAN,MLP,3,5,6.0240020751953125,1.340000867843628,1232,0.19967532467532467,0.7963648893100181,0.5933246675915831,0.5681818181818181,0.6097560975609756,0.5319148936170213,C1_grid,0.2
ibm_attrition,CTGAN,RF,4,5,5.61700177192688,0.2089979648590088,1232,0.19967532467532467,0.7829270393660092,0.5339055682275695,0.34782608695652173,0.5454545454545454,0.2553191489361702,C1_grid,0.2
ibm_attrition,CTGAN,LGBM,4,5,5.61700177192688,0.06100034713745117,1232,0.19967532467532467,0.800758032560944,0.5296876166928113,0.4883720930232558,0.5384615384615384,0.44680851063829785,C1_grid,0.2
ibm_attrition,CTGAN,MLP,4,5,5.61700177192688,1.2220005989074707,1232,0.19967532467532467,0.7329658023946938,0.5362249707695548,0.4523809523809524,0.5135135135135135,0.40425531914893614,C1_grid,0.2
ibm_attrition,CTGAN,RF,0,5,5.871002197265625,0.2019977569580078,1410,0.3,0.7830284552845529,0.5054754886343528,0.3125,0.625,0.20833333333333334,C1_grid,0.3
ibm_attrition,CTGAN,LGBM,0,5,5.871002197265625,0.08700037002563477,1410,0.3,0.7703252032520326,0.4832424313825145,0.37333333333333335,0.5185185185185185,0.2916666666666667,C1_grid,0.3
ibm_attrition,CTGAN,MLP,0,5,5.871002197265625,1.6540005207061768,1410,0.3,0.7485602981029811,0.43138276758524485,0.47058823529411764,0.5405405405405406,0.4166666666666667,C1_grid,0.3
ibm_attrition,CTGAN,RF,1,5,5.944999933242798,0.19900012016296387,1410,0.3,0.7934451219512195,0.5135902312318668,0.34782608695652173,0.5714285714285714,0.25,C1_grid,0.3
ibm_attrition,CTGAN,LGBM,1,5,5.944999933242798,0.06699943542480469,1410,0.3,0.7890413279132791,0.551534281373258,0.42352941176470593,0.4864864864864865,0.375,C1_grid,0.3
ibm_attrition,CTGAN,MLP,1,5,5.944999933242798,1.7280011177062988,1410,0.3,0.8042852303523036,0.558534405545009,0.4946236559139785,0.5111111111111111,0.4791666666666667,C1_grid,0.3
ibm_attrition,CTGAN,RF,2,5,6.35199761390686,0.2090895175933838,1408,0.2997159090909091,0.8435696442415368,0.6452893490100347,0.4067796610169491,1.0,0.2553191489361702,C1_grid,0.3
ibm_attrition,CTGAN,LGBM,2,5,6.35199761390686,0.0709991455078125,1408,0.2997159090909091,0.8433973641140494,0.6015043841733106,0.4931506849315068,0.6923076923076923,0.3829787234042553,C1_grid,0.3
ibm_attrition,CTGAN,MLP,2,5,6.35199761390686,1.9190001487731934,1408,0.2997159090909091,0.7965371694375054,0.5341779602988617,0.43902439024390244,0.5142857142857142,0.3829787234042553,C1_grid,0.3
ibm_attrition,CTGAN,RF,3,5,5.9059998989105225,0.20199990272521973,1408,0.2997159090909091,0.8304763545525023,0.6766545974213508,0.2909090909090909,1.0,0.1702127659574468,C1_grid,0.3
ibm_attrition,CTGAN,LGBM,3,5,5.9059998989105225,0.069000244140625,1408,0.2997159090909091,0.830562494616246,0.6155836992203161,0.5205479452054794,0.7307692307692307,0.40425531914893614,C1_grid,0.3
ibm_attrition,CTGAN,MLP,3,5,5.9059998989105225,1.9890003204345703,1408,0.2997159090909091,0.8210009475407011,0.6093652334607731,0.5517241379310344,0.6,0.5106382978723404,C1_grid,0.3
ibm_attrition,CTGAN,RF,4,5,5.398000001907349,0.20999979972839355,1408,0.2997159090909091,0.789301404083039,0.515378717522592,0.37499999999999994,0.7058823529411765,0.2553191489361702,C1_grid,0.3
ibm_attrition,CTGAN,LGBM,4,5,5.398000001907349,0.07999992370605469,1408,0.2997159090909091,0.7972262899474545,0.535533311178431,0.47500000000000003,0.5757575757575758,0.40425531914893614,C1_grid,0.3
ibm_attrition,CTGAN,MLP,4,5,5.398000001907349,1.8130004405975342,1408,0.2997159090909091,0.7389094667930055,0.5253396896826465,0.45652173913043476,0.4666666666666667,0.44680851063829785,C1_grid,0.3
ibm_attrition,CTGAN,RF,0,5,5.85599946975708,0.20399999618530273,1645,0.4,0.7831131436314364,0.46399314360111715,0.20689655172413793,0.6,0.125,C1_grid,0.4
ibm_attrition,CTGAN,LGBM,0,5,5.85599946975708,0.0670008659362793,1645,0.4,0.7808265582655827,0.4754493149533057,0.35616438356164387,0.52,0.2708333333333333,C1_grid,0.4
ibm_attrition,CTGAN,MLP,0,5,5.85599946975708,1.4770011901855469,1645,0.4,0.7357723577235772,0.40947867256499204,0.48543689320388356,0.45454545454545453,0.5208333333333334,C1_grid,0.4
ibm_attrition,CTGAN,RF,1,5,6.308000326156616,0.21699976921081543,1645,0.4,0.8025914634146343,0.5079960713051999,0.3,0.75,0.1875,C1_grid,0.4
ibm_attrition,CTGAN,LGBM,1,5,6.308000326156616,0.06399846076965332,1645,0.4,0.7969173441734417,0.5450740253130282,0.45238095238095233,0.5277777777777778,0.3958333333333333,C1_grid,0.4
ibm_attrition,CTGAN,MLP,1,5,6.308000326156616,1.558000087738037,1645,0.4,0.7970867208672088,0.5490243047054948,0.4946236559139785,0.5111111111111111,0.4791666666666667,C1_grid,0.4
ibm_attrition,CTGAN,RF,2,5,6.138001441955566,0.20999836921691895,1643,0.3998782714546561,0.8467568266000516,0.6632988599798885,0.1923076923076923,1.0,0.10638297872340426,C1_grid,0.4
ibm_attrition,CTGAN,LGBM,2,5,6.138001441955566,0.07100033760070801,1643,0.3998782714546561,0.8191920062020847,0.5429554782228398,0.4225352112676056,0.625,0.3191489361702128,C1_grid,0.4
ibm_attrition,CTGAN,MLP,2,5,6.138001441955566,1.4890005588531494,1643,0.3998782714546561,0.7542423981393745,0.4639458263701579,0.38095238095238093,0.43243243243243246,0.3404255319148936,C1_grid,0.4
ibm_attrition,CTGAN,RF,3,5,5.616999864578247,0.21900033950805664,1643,0.3998782714546561,0.8280644327676803,0.6701468258956129,0.25925925925925924,1.0,0.14893617021276595,C1_grid,0.4
ibm_attrition,CTGAN,LGBM,3,5,5.616999864578247,0.07399988174438477,1643,0.3998782714546561,0.8234128693255233,0.647889660897632,0.47761194029850745,0.8,0.3404255319148936,C1_grid,0.4
ibm_attrition,CTGAN,MLP,3,5,5.616999864578247,1.538999319076538,1643,0.3998782714546561,0.7333965027134118,0.49844792211548183,0.4444444444444445,0.46511627906976744,0.425531914893617,C1_grid,0.4
ibm_attrition,CTGAN,RF,4,5,5.615000009536743,0.20199990272521973,1643,0.3998782714546561,0.779309156688776,0.5146381353661493,0.2807017543859649,0.8,0.1702127659574468,C1_grid,0.4
ibm_attrition,CTGAN,LGBM,4,5,5.615000009536743,0.06499814987182617,1643,0.3998782714546561,0.7941252476526833,0.5752130017458454,0.5263157894736842,0.6896551724137931,0.425531914893617,C1_grid,0.4
ibm_attrition,CTGAN,MLP,4,5,5.615000009536743,1.4590017795562744,1643,0.3998782714546561,0.7110862262038073,0.48213157164952625,0.47191011235955055,0.5,0.44680851063829785,C1_grid,0.4
ibm_attrition,CTGAN,RF,0,5,6.091106414794922,0.2200000286102295,1974,0.5,0.7736280487804879,0.45922282165627426,0.21052631578947367,0.6666666666666666,0.125,C1_grid,0.5
ibm_attrition,CTGAN,LGBM,0,5,6.091106414794922,0.06800007820129395,1974,0.5,0.764989837398374,0.5010251154501697,0.35294117647058826,0.6,0.25,C1_grid,0.5
ibm_attrition,CTGAN,MLP,0,5,6.091106414794922,1.3819987773895264,1974,0.5,0.7376355013550135,0.39540550706520255,0.4081632653061225,0.4,0.4166666666666667,C1_grid,0.5
ibm_attrition,CTGAN,RF,1,5,6.115999937057495,0.21700191497802734,1974,0.5,0.7876016260162602,0.4906937063101243,0.3,0.75,0.1875,C1_grid,0.5
ibm_attrition,CTGAN,LGBM,1,5,6.115999937057495,0.06699848175048828,1974,0.5,0.7874322493224932,0.5318966722408662,0.4871794871794872,0.6333333333333333,0.3958333333333333,C1_grid,0.5
ibm_attrition,CTGAN,MLP,1,5,6.115999937057495,1.5110015869140625,1974,0.5,0.742378048780488,0.47842062090724813,0.45652173913043476,0.4772727272727273,0.4375,C1_grid,0.5
ibm_attrition,CTGAN,RF,2,5,6.254999876022339,0.21799993515014648,1972,0.5,0.829098113532604,0.6443636071738464,0.12,1.0,0.06382978723404255,C1_grid,0.5
ibm_attrition,CTGAN,LGBM,2,5,6.254999876022339,0.06399965286254883,1972,0.5,0.8228098888793178,0.556019585817663,0.3548387096774194,0.7333333333333333,0.23404255319148937,C1_grid,0.5
ibm_attrition,CTGAN,MLP,2,5,6.254999876022339,1.4470012187957764,1972,0.5,0.7704367301231803,0.49503551098583637,0.4137931034482758,0.45,0.3829787234042553,C1_grid,0.5
ibm_attrition,CTGAN,RF,3,5,5.510995864868164,0.20600008964538574,1972,0.5,0.8246188302179344,0.6673410228518135,0.1568627450980392,1.0,0.0851063829787234,C1_grid,0.5
ibm_attrition,CTGAN,LGBM,3,5,5.510995864868164,0.06999969482421875,1972,0.5,0.8363338788870703,0.6608469224639055,0.46875,0.8823529411764706,0.3191489361702128,C1_grid,0.5
ibm_attrition,CTGAN,MLP,3,5,5.510995864868164,1.5670008659362793,1972,0.5,0.7483848738048067,0.5607930508928051,0.4772727272727273,0.5121951219512195,0.44680851063829785,C1_grid,0.5
ibm_attrition,CTGAN,RF,4,5,5.9360129833221436,0.21399974822998047,1972,0.5,0.7865449220432423,0.5018653023224773,0.2181818181818182,0.75,0.1276595744680851,C1_grid,0.5
ibm_attrition,CTGAN,LGBM,4,5,5.9360129833221436,0.059000253677368164,1972,0.5,0.8025669738995607,0.5781384103583137,0.4411764705882353,0.7142857142857143,0.3191489361702128,C1_grid,0.5
ibm_attrition,CTGAN,MLP,4,5,5.9360129833221436,1.5520005226135254,1972,0.5,0.762942544577483,0.5321896799126661,0.47826086956521735,0.4888888888888889,0.46808510638297873,C1_grid,0.5
ibm_attrition,TVAE,RF,0,5,4.424998998641968,0.2050001621246338,1233,0.19951338199513383,0.7777777777777778,0.4809665084350381,0.35294117647058826,0.6,0.25,C1_grid,0.2
ibm_attrition,TVAE,LGBM,0,5,4.424998998641968,0.07999825477600098,1233,0.19951338199513383,0.7871781842818427,0.4863007571661241,0.49438202247191015,0.5365853658536586,0.4583333333333333,C1_grid,0.2
ibm_attrition,TVAE,MLP,0,5,4.424998998641968,1.2970006465911865,1233,0.19951338199513383,0.7559281842818428,0.4148276613520405,0.4390243902439025,0.5294117647058824,0.375,C1_grid,0.2
ibm_attrition,TVAE,RF,1,5,4.47500205039978,0.20399785041809082,1233,0.19951338199513383,0.7934451219512195,0.5184624818096197,0.3835616438356164,0.56,0.2916666666666667,C1_grid,0.2
ibm_attrition,TVAE,LGBM,1,5,4.47500205039978,0.08000016212463379,1233,0.19951338199513383,0.7853997289972899,0.5462731583699711,0.4948453608247423,0.4897959183673469,0.5,C1_grid,0.2
ibm_attrition,TVAE,MLP,1,5,4.47500205039978,1.3819985389709473,1233,0.19951338199513383,0.7742208672086721,0.5439021317079399,0.4941176470588235,0.5675675675675675,0.4375,C1_grid,0.2
ibm_attrition,TVAE,RF,2,5,4.536999464035034,0.21000027656555176,1232,0.19967532467532467,0.8461538461538461,0.6197454483328714,0.40624999999999994,0.7647058823529411,0.2765957446808511,C1_grid,0.2
ibm_attrition,TVAE,LGBM,2,5,4.536999464035034,0.06799983978271484,1232,0.19967532467532467,0.8206563872857265,0.5576642874053233,0.4675324675324675,0.6,0.3829787234042553,C1_grid,0.2
ibm_attrition,TVAE,MLP,2,5,4.536999464035034,1.267000675201416,1232,0.19967532467532467,0.7904212249117065,0.5190705782630785,0.4285714285714286,0.6521739130434783,0.3191489361702128,C1_grid,0.2
ibm_attrition,TVAE,RF,3,5,4.079999685287476,0.196000337600708,1232,0.19967532467532467,0.8139374623137221,0.6232959938741026,0.4067796610169491,1.0,0.2553191489361702,C1_grid,0.2
ibm_attrition,TVAE,LGBM,3,5,4.079999685287476,0.06400012969970703,1232,0.19967532467532467,0.8339219571022481,0.6044062251002771,0.5263157894736842,0.6896551724137931,0.425531914893617,C1_grid,0.2
ibm_attrition,TVAE,MLP,3,5,4.079999685287476,1.33500075340271,1232,0.19967532467532467,0.7623395641312775,0.5594044608352301,0.5,0.5675675675675675,0.44680851063829785,C1_grid,0.2
ibm_attrition,TVAE,RF,4,5,4.008998870849609,0.20399999618530273,1232,0.19967532467532467,0.7953312085450944,0.5275724745856949,0.39999999999999997,0.6086956521739131,0.2978723404255319,C1_grid,0.2
ibm_attrition,TVAE,LGBM,4,5,4.008998870849609,0.06100058555603027,1232,0.19967532467532467,0.7930915668877596,0.5139149171930094,0.5319148936170213,0.5319148936170213,0.5319148936170213,C1_grid,0.2
ibm_attrition,TVAE,MLP,4,5,4.008998870849609,1.2450010776519775,1232,0.19967532467532467,0.7271082780601258,0.5219646258991553,0.4523809523809524,0.5135135135135135,0.40425531914893614,C1_grid,0.2
ibm_attrition,TVAE,RF,0,5,4.413999557495117,0.2090003490447998,1410,0.3,0.786500677506775,0.5081405427385395,0.38805970149253727,0.6842105263157895,0.2708333333333333,C1_grid,0.3
ibm_attrition,TVAE,LGBM,0,5,4.413999557495117,0.07200002670288086,1410,0.3,0.7734586720867209,0.46062237778788073,0.379746835443038,0.4838709677419355,0.3125,C1_grid,0.3
ibm_attrition,TVAE,MLP,0,5,4.413999557495117,1.5460033416748047,1410,0.3,0.7509315718157181,0.41557200822496065,0.4418604651162791,0.5,0.3958333333333333,C1_grid,0.3
ibm_attrition,TVAE,RF,1,5,4.387996196746826,0.21700024604797363,1410,0.3,0.7986111111111112,0.5150598205313449,0.34285714285714286,0.5454545454545454,0.25,C1_grid,0.3
ibm_attrition,TVAE,LGBM,1,5,4.387996196746826,0.07399964332580566,1410,0.3,0.7897188346883469,0.5531011956957963,0.43181818181818177,0.475,0.3958333333333333,C1_grid,0.3
ibm_attrition,TVAE,MLP,1,5,4.387996196746826,1.7833006381988525,1410,0.3,0.7781165311653117,0.5372209690225764,0.5057471264367815,0.5641025641025641,0.4583333333333333,C1_grid,0.3
ibm_attrition,TVAE,RF,2,5,4.574999809265137,0.21500015258789062,1408,0.2997159090909091,0.8507192695322595,0.6445766949594315,0.3448275862068965,0.9090909090909091,0.2127659574468085,C1_grid,0.3
ibm_attrition,TVAE,LGBM,2,5,4.574999809265137,0.07099604606628418,1408,0.2997159090909091,0.8348694978034283,0.6067866304996358,0.5066666666666666,0.6785714285714286,0.40425531914893614,C1_grid,0.3
ibm_attrition,TVAE,MLP,2,5,4.574999809265137,1.7720003128051758,1408,0.2997159090909091,0.792488586441554,0.5167866586223535,0.3888888888888889,0.56,0.2978723404255319,C1_grid,0.3
ibm_attrition,TVAE,RF,3,5,4.483000040054321,0.21900033950805664,1408,0.2997159090909091,0.8279782927039365,0.642617520179984,0.25925925925925924,1.0,0.14893617021276595,C1_grid,0.3
ibm_attrition,TVAE,LGBM,3,5,4.483000040054321,0.07100033760070801,1408,0.2997159090909091,0.8395210612455853,0.5809353641060876,0.4931506849315068,0.6923076923076923,0.3829787234042553,C1_grid,0.3
ibm_attrition,TVAE,MLP,3,5,4.483000040054321,2.0040013790130615,1408,0.2997159090909091,0.770522870186924,0.5411209082507676,0.4878048780487805,0.5714285714285714,0.425531914893617,C1_grid,0.3
ibm_attrition,TVAE,RF,4,5,4.204999923706055,0.21600008010864258,1408,0.2997159090909091,0.7824963390472909,0.5120275232060416,0.380952380952381,0.75,0.2553191489361702,C1_grid,0.3
ibm_attrition,TVAE,LGBM,4,5,4.204999923706055,0.0670006275177002,1408,0.2997159090909091,0.8043759152381773,0.5443764256482962,0.5238095238095238,0.5945945945945946,0.46808510638297873,C1_grid,0.3
ibm_attrition,TVAE,MLP,4,5,4.204999923706055,1.7950026988983154,1408,0.2997159090909091,0.7264191575501766,0.525323772834666,0.4761904761904763,0.5405405405405406,0.425531914893617,C1_grid,0.3
ibm_attrition,TVAE,RF,0,5,4.2769999504089355,0.21799993515014648,1645,0.4,0.7952235772357724,0.49463630077819565,0.26229508196721313,0.6153846153846154,0.16666666666666666,C1_grid,0.4
ibm_attrition,TVAE,LGBM,0,5,4.2769999504089355,0.07300114631652832,1645,0.4,0.7755758807588076,0.46244134482618726,0.3684210526315789,0.5,0.2916666666666667,C1_grid,0.4
ibm_attrition,TVAE,MLP,0,5,4.2769999504089355,1.3470003604888916,1645,0.4,0.7455962059620597,0.4205415976382939,0.43373493975903615,0.5142857142857142,0.375,C1_grid,0.4
ibm_attrition,TVAE,RF,1,5,4.255999803543091,0.21199989318847656,1645,0.4,0.7887025745257452,0.5032848971227908,0.2903225806451613,0.6428571428571429,0.1875,C1_grid,0.4
ibm_attrition,TVAE,LGBM,1,5,4.255999803543091,0.0670015811920166,1645,0.4,0.7994579945799458,0.5501791977978169,0.4938271604938272,0.6060606060606061,0.4166666666666667,C1_grid,0.4
ibm_attrition,TVAE,MLP,1,5,4.255999803543091,1.4200000762939453,1645,0.4,0.7762533875338754,0.539476677869742,0.5054945054945056,0.5348837209302325,0.4791666666666667,C1_grid,0.4
ibm_attrition,TVAE,RF,2,5,4.287000417709351,0.2050001621246338,1643,0.3998782714546561,0.8514945301059523,0.6553185579993713,0.32142857142857145,1.0,0.19148936170212766,C1_grid,0.4
ibm_attrition,TVAE,LGBM,2,5,4.287000417709351,0.07300019264221191,1643,0.3998782714546561,0.8263416314928073,0.6005330043987556,0.38235294117647056,0.6190476190476191,0.2765957446808511,C1_grid,0.4
ibm_attrition,TVAE,MLP,2,5,4.287000417709351,1.449000358581543,1643,0.3998782714546561,0.7990352312860711,0.5435373484720524,0.4473684210526315,0.5862068965517241,0.3617021276595745,C1_grid,0.4
ibm_attrition,TVAE,RF,3,5,4.455000162124634,0.21399998664855957,1643,0.3998782714546561,0.8280644327676803,0.6690066797793806,0.25925925925925924,1.0,0.14893617021276595,C1_grid,0.4
ibm_attrition,TVAE,LGBM,3,5,4.455000162124634,0.07399773597717285,1643,0.3998782714546561,0.8200534068395211,0.5992544267709689,0.5142857142857143,0.782608695652174,0.3829787234042553,C1_grid,0.4
ibm_attrition,TVAE,MLP,3,5,4.455000162124634,1.38200044631958,1643,0.3998782714546561,0.7672495477646654,0.5353918118338098,0.48192771084337355,0.5555555555555556,0.425531914893617,C1_grid,0.4
ibm_attrition,TVAE,RF,4,5,4.689000129699707,0.2110002040863037,1643,0.3998782714546561,0.7690584891032819,0.5032235336774723,0.27586206896551724,0.7272727272727273,0.1702127659574468,C1_grid,0.4
ibm_attrition,TVAE,LGBM,4,5,4.689000129699707,0.06999874114990234,1643,0.3998782714546561,0.806615556895512,0.5525589729850107,0.4594594594594595,0.6296296296296297,0.3617021276595745,C1_grid,0.4
ibm_attrition,TVAE,MLP,4,5,4.689000129699707,1.3410007953643799,1643,0.3998782714546561,0.7265914376776639,0.5156829329909711,0.44705882352941173,0.5,0.40425531914893614,C1_grid,0.4
ibm_attrition,TVAE,RF,0,5,4.11400032043457,0.2259998321533203,1974,0.5,0.773119918699187,0.4530158837591192,0.21052631578947367,0.6666666666666666,0.125,C1_grid,0.5
ibm_attrition,TVAE,LGBM,0,5,4.11400032043457,0.07299995422363281,1974,0.5,0.7862466124661247,0.47285460300760374,0.3142857142857143,0.5,0.22916666666666666,C1_grid,0.5
ibm_attrition,TVAE,MLP,0,5,4.11400032043457,1.3190007209777832,1974,0.5,0.7383976964769647,0.4109603884541874,0.4186046511627907,0.47368421052631576,0.375,C1_grid,0.5
ibm_attrition,TVAE,RF,1,5,4.21500039100647,0.21599984169006348,1974,0.5,0.8016598915989159,0.514383016993058,0.31034482758620696,0.9,0.1875,C1_grid,0.5
ibm_attrition,TVAE,LGBM,1,5,4.21500039100647,0.0710000991821289,1974,0.5,0.7813346883468835,0.5614800275009847,0.5121951219512195,0.6176470588235294,0.4375,C1_grid,0.5
ibm_attrition,TVAE,MLP,1,5,4.21500039100647,1.39500093460083,1974,0.5,0.774559620596206,0.552365910356744,0.4772727272727273,0.525,0.4375,C1_grid,0.5
ibm_attrition,TVAE,RF,2,5,4.043999910354614,0.2330000400543213,1972,0.5,0.8303902144887587,0.6191641763447738,0.1568627450980392,1.0,0.0851063829787234,C1_grid,0.5
ibm_attrition,TVAE,LGBM,2,5,4.043999910354614,0.0690004825592041,1972,0.5,0.8291842535963476,0.5876415528055668,0.4,0.7222222222222222,0.2765957446808511,C1_grid,0.5
ibm_attrition,TVAE,MLP,2,5,4.043999910354614,1.4369993209838867,1972,0.5,0.7886984236368334,0.5350571439191386,0.4507042253521127,0.6666666666666666,0.3404255319148936,C1_grid,0.5
ibm_attrition,TVAE,RF,3,5,4.2477641105651855,0.21300005912780762,1972,0.5,0.8247911103454216,0.6621433746199021,0.1923076923076923,1.0,0.10638297872340426,C1_grid,0.5
ibm_attrition,TVAE,LGBM,3,5,4.2477641105651855,0.06300044059753418,1972,0.5,0.8333189766560428,0.6014872816860438,0.40624999999999994,0.7647058823529411,0.2765957446808511,C1_grid,0.5
ibm_attrition,TVAE,MLP,3,5,4.2477641105651855,1.3970003128051758,1972,0.5,0.7674218278921526,0.5372076401413937,0.5176470588235293,0.5789473684210527,0.46808510638297873,C1_grid,0.5
ibm_attrition,TVAE,RF,4,5,4.442001581192017,0.21799802780151367,1972,0.5,0.7823240589198035,0.5061419846346724,0.18867924528301885,0.8333333333333334,0.10638297872340426,C1_grid,0.5
ibm_attrition,TVAE,LGBM,4,5,4.442001581192017,0.07599997520446777,1972,0.5,0.8009303126884315,0.5288694525105814,0.4166666666666667,0.6,0.3191489361702128,C1_grid,0.5
ibm_attrition,TVAE,MLP,4,5,4.442001581192017,1.5060012340545654,1972,0.5,0.7262468774226893,0.5182118547058744,0.4597701149425288,0.5,0.425531914893617,C1_grid,0.5
ecoli,None,RF,0,4,0.0,0.178999662399292,252,0.10714285714285714,0.9506578947368421,0.7476449275362319,0.5882352941176471,0.5555555555555556,0.625,C0_fixed0.50,
ecoli,None,LGBM,0,4,0.0,0.03099989891052246,252,0.10714285714285714,0.9736842105263158,0.8588815789473684,0.7777777777777777,0.7,0.875,C0_fixed0.50,
ecoli,None,MLP,0,4,0.0,0.6270010471343994,252,0.10714285714285714,0.962171052631579,0.6351190476190476,0.5714285714285715,0.6666666666666666,0.5,C0_fixed0.50,
ecoli,None,RF,1,4,0.0,0.16968512535095215,252,0.10317460317460317,0.9525925925925927,0.6790903540903541,0.6,0.5454545454545454,0.6666666666666666,C0_fixed0.50,
ecoli,None,LGBM,1,4,0.0,0.03299999237060547,252,0.10317460317460317,0.9481481481481481,0.559199134199134,0.7272727272727274,0.6153846153846154,0.8888888888888888,C0_fixed0.50,
ecoli,None,MLP,1,4,0.0,0.636359453201294,252,0.10317460317460317,0.951111111111111,0.6277176527176527,0.761904761904762,0.6666666666666666,0.8888888888888888,C0_fixed0.50,
ecoli,None,RF,2,4,0.0,0.17109918594360352,252,0.10317460317460317,0.9540740740740741,0.6645770408928304,0.6666666666666666,0.6666666666666666,0.6666666666666666,C0_fixed0.50,
ecoli,None,LGBM,2,4,0.0,0.02499985694885254,252,0.10317460317460317,0.9511111111111111,0.645090965679201,0.6666666666666666,0.5833333333333334,0.7777777777777778,C0_fixed0.50,
ecoli,None,MLP,2,4,0.0,0.6349997520446777,252,0.10317460317460317,0.9377777777777777,0.5506579839913174,0.5333333333333333,0.6666666666666666,0.4444444444444444,C0_fixed0.50,
ecoli,None,RF,3,4,0.0,0.1770002841949463,252,0.10317460317460317,0.8992592592592592,0.577368193859422,0.5263157894736842,0.5,0.5555555555555556,C0_fixed0.50,
ecoli,None,LGBM,3,4,0.0,0.031000137329101562,252,0.10317460317460317,0.9125925925925925,0.636407060018171,0.6,0.5454545454545454,0.6666666666666666,C0_fixed0.50,
ecoli,None,MLP,3,4,0.0,0.6350009441375732,252,0.10317460317460317,0.8177777777777778,0.6124860763018658,0.5333333333333333,0.6666666666666666,0.4444444444444444,C0_fixed0.50,
ecoli,SMOTE,RF,0,4,0.0009999275207519531,0.17739415168762207,450,0.5,0.9572368421052632,0.703228021978022,0.5555555555555556,0.5,0.625,C0_fixed0.50,0.5
ecoli,SMOTE,LGBM,0,4,0.0009999275207519531,0.03800010681152344,450,0.5,0.9490131578947368,0.6597537878787878,0.5882352941176471,0.5555555555555556,0.625,C0_fixed0.50,0.5
ecoli,SMOTE,MLP,0,4,0.0009999275207519531,0.9940004348754883,450,0.5,0.9638157894736843,0.5993371212121212,0.6666666666666665,0.6,0.75,C0_fixed0.50,0.5
ecoli,SMOTE,RF,1,4,0.0009999275207519531,0.17799830436706543,452,0.5,0.9288888888888889,0.5933678286129266,0.631578947368421,0.6,0.6666666666666666,C0_fixed0.50,0.5
ecoli,SMOTE,LGBM,1,4,0.0009999275207519531,0.04400134086608887,452,0.5,0.9392592592592592,0.7089676527176527,0.6956521739130435,0.5714285714285714,0.8888888888888888,C0_fixed0.50,0.5
ecoli,SMOTE,MLP,1,4,0.0009999275207519531,0.9940011501312256,452,0.5,0.9377777777777777,0.5086999420332754,0.6666666666666666,0.5833333333333334,0.7777777777777778,C0_fixed0.50,0.5
ecoli,SMOTE,RF,2,4,0.0010004043579101562,0.180999755859375,452,0.5,0.9466666666666667,0.6535575048732944,0.6,0.5454545454545454,0.6666666666666666,C0_fixed0.50,0.5
ecoli,SMOTE,LGBM,2,4,0.0010004043579101562,0.03699994087219238,452,0.5,0.9614814814814815,0.7366682700016034,0.6956521739130435,0.5714285714285714,0.8888888888888888,C0_fixed0.50,0.5
ecoli,SMOTE,MLP,2,4,0.0010004043579101562,0.974001407623291,452,0.5,0.9244444444444445,0.492243250576584,0.5,0.5714285714285714,0.4444444444444444,C0_fixed0.50,0.5
ecoli,SMOTE,RF,3,4,0.0009996891021728516,0.1818678379058838,452,0.5,0.8903703703703704,0.5824314574314574,0.5555555555555556,0.5555555555555556,0.5555555555555556,C0_fixed0.50,0.5
ecoli,SMOTE,LGBM,3,4,0.0009996891021728516,0.03799939155578613,452,0.5,0.9214814814814815,0.6102109391583075,0.47058823529411764,0.5,0.4444444444444444,C0_fixed0.50,0.5
ecoli,SMOTE,MLP,3,4,0.0009996891021728516,0.9720008373260498,452,0.5,0.7896296296296296,0.5384013487080248,0.5,0.5714285714285714,0.4444444444444444,C0_fixed0.50,0.5
ecoli,ADASYN,RF,0,4,0.0009996891021728516,0.2569999694824219,456,0.506578947368421,0.962171052631579,0.7559523809523809,0.5714285714285714,0.46153846153846156,0.75,C0_fixed0.50,0.5
ecoli,ADASYN,LGBM,0,4,0.0009996891021728516,0.03499865531921387,456,0.506578947368421,0.9555921052631579,0.7493235930735931,0.7058823529411765,0.6666666666666666,0.75,C0_fixed0.50,0.5
ecoli,ADASYN,MLP,0,4,0.0009996891021728516,0.9770004749298096,456,0.506578947368421,0.9539473684210527,0.5380612443112444,0.7000000000000001,0.5833333333333334,0.875,C0_fixed0.50,0.5
ecoli,ADASYN,RF,1,4,0.0010004043579101562,0.18799710273742676,456,0.5043859649122807,0.9362962962962963,0.6821817615935264,0.5454545454545455,0.46153846153846156,0.6666666666666666,C0_fixed0.50,0.5
ecoli,ADASYN,LGBM,1,4,0.0010004043579101562,0.03695368766784668,456,0.5043859649122807,0.9496296296296296,0.6307895807895808,0.7272727272727274,0.6153846153846154,0.8888888888888888,C0_fixed0.50,0.5
ecoli,ADASYN,MLP,1,4,0.0010004043579101562,0.9940018653869629,456,0.5043859649122807,0.9362962962962962,0.5038159371492704,0.6666666666666666,0.5833333333333334,0.7777777777777778,C0_fixed0.50,0.5
ecoli,ADASYN,RF,2,4,0.0010001659393310547,0.1830000877380371,451,0.49889135254988914,0.9555555555555555,0.6431623931623932,0.6363636363636364,0.5384615384615384,0.7777777777777778,C0_fixed0.50,0.5
ecoli,ADASYN,LGBM,2,4,0.0010001659393310547,0.03900003433227539,451,0.49889135254988914,0.9614814814814814,0.7693528693528693,0.6363636363636364,0.5384615384615384,0.7777777777777778,C0_fixed0.50,0.5
ecoli,ADASYN,MLP,2,4,0.0010001659393310547,0.9780001640319824,451,0.49889135254988914,0.9274074074074075,0.519973544973545,0.5,0.5714285714285714,0.4444444444444444,C0_fixed0.50,0.5
ecoli,ADASYN,RF,3,4,0.0010008811950683594,0.18100190162658691,457,0.5054704595185996,0.917037037037037,0.647961229946524,0.631578947368421,0.6,0.6666666666666666,C0_fixed0.50,0.5
ecoli,ADASYN,LGBM,3,4,0.0010008811950683594,0.037999868392944336,457,0.5054704595185996,0.9333333333333333,0.6648148148148147,0.631578947368421,0.6,0.6666666666666666,C0_fixed0.50,0.5
ecoli,ADASYN,MLP,3,4,0.0010008811950683594,1.00700044631958,457,0.5054704595185996,0.7851851851851852,0.4895776478232618,0.5882352941176471,0.625,0.5555555555555556,C0_fixed0.50,0.5
ecoli,G-SMOTE,RF,0,4,0.20900201797485352,0.18399786949157715,450,0.5,0.9621710526315789,0.7476190476190476,0.6,0.5,0.75,C0_fixed0.50,0.5
ecoli,G-SMOTE,LGBM,0,4,0.20900201797485352,0.04200005531311035,450,0.5,0.9490131578947368,0.7635918003565063,0.625,0.625,0.625,C0_fixed0.50,0.5
ecoli,G-SMOTE,MLP,0,4,0.20900201797485352,0.9770009517669678,450,0.5,0.9555921052631579,0.5480654761904762,0.631578947368421,0.5454545454545454,0.75,C0_fixed0.50,0.5
ecoli,G-SMOTE,RF,1,4,0.21000003814697266,0.2100064754486084,437,0.482837528604119,0.9540740740740741,0.7138749651907546,0.6,0.5454545454545454,0.6666666666666666,C0_fixed0.50,0.5
ecoli,G-SMOTE,LGBM,1,4,0.21000003814697266,0.03000020980834961,437,0.482837528604119,0.9555555555555556,0.6795695045695045,0.761904761904762,0.6666666666666666,0.8888888888888888,C0_fixed0.50,0.5
ecoli,G-SMOTE,MLP,1,4,0.21000003814697266,0.9600002765655518,437,0.482837528604119,0.9525925925925927,0.6690956704114599,0.6956521739130435,0.5714285714285714,0.8888888888888888,C0_fixed0.50,0.5
ecoli,G-SMOTE,RF,2,4,0.21799993515014648,0.20770549774169922,437,0.482837528604119,0.965925925925926,0.6888768638768639,0.761904761904762,0.6666666666666666,0.8888888888888888,C0_fixed0.50,0.5
ecoli,G-SMOTE,LGBM,2,4,0.21799993515014648,0.03600001335144043,437,0.482837528604119,0.9614814814814815,0.7309702643035976,0.6956521739130435,0.5714285714285714,0.8888888888888888,C0_fixed0.50,0.5
ecoli,G-SMOTE,MLP,2,4,0.21799993515014648,0.9770011901855469,437,0.482837528604119,0.9274074074074075,0.5169553012583703,0.5333333333333333,0.6666666666666666,0.4444444444444444,C0_fixed0.50,0.5
ecoli,G-SMOTE,RF,3,4,0.2109982967376709,0.185014009475708,452,0.5,0.8814814814814815,0.6023951973951973,0.631578947368421,0.6,0.6666666666666666,C0_fixed0.50,0.5
ecoli,G-SMOTE,LGBM,3,4,0.2109982967376709,0.03500032424926758,452,0.5,0.922962962962963,0.647130647130647,0.5263157894736842,0.5,0.5555555555555556,C0_fixed0.50,0.5
ecoli,G-SMOTE,MLP,3,4,0.2109982967376709,0.9790005683898926,452,0.5,0.802962962962963,0.5513098464317976,0.5882352941176471,0.625,0.5555555555555556,C0_fixed0.50,0.5
ecoli,CTGAN,RF,0,4,1.7840001583099365,0.17399907112121582,450,0.5,0.9490131578947368,0.7482207120365015,0.5454545454545454,1.0,0.375,C0_fixed0.50,0.5
ecoli,CTGAN,LGBM,0,4,1.7840001583099365,0.03600001335144043,450,0.5,0.9572368421052632,0.7357401370559264,0.5454545454545454,1.0,0.375,C0_fixed0.50,0.5
ecoli,CTGAN,MLP,0,4,1.7840001583099365,0.9920029640197754,450,0.5,0.9654605263157895,0.6220935314685315,0.7368421052631579,0.6363636363636364,0.875,C0_fixed0.50,0.5
ecoli,CTGAN,RF,1,4,1.473999261856079,0.1699986457824707,452,0.5,0.9644444444444444,0.7368788131946027,0.7999999999999999,0.7272727272727273,0.8888888888888888,C0_fixed0.50,0.5
ecoli,CTGAN,LGBM,1,4,1.473999261856079,0.043999671936035156,452,0.5,0.9688888888888889,0.7313423685972704,0.7368421052631577,0.7,0.7777777777777778,C0_fixed0.50,0.5
ecoli,CTGAN,MLP,1,4,1.473999261856079,1.0040004253387451,452,0.5,0.9274074074074073,0.4543009459676126,0.6956521739130435,0.5714285714285714,0.8888888888888888,C0_fixed0.50,0.5
ecoli,CTGAN,RF,2,4,1.6379990577697754,0.19099903106689453,452,0.5,0.9274074074074075,0.6197569204815581,0.4,0.5,0.3333333333333333,C0_fixed0.50,0.5
ecoli,CTGAN,LGBM,2,4,1.6379990577697754,0.03699851036071777,452,0.5,0.9525925925925925,0.6478822103822104,0.5,0.5714285714285714,0.4444444444444444,C0_fixed0.50,0.5
ecoli,CTGAN,MLP,2,4,1.6379990577697754,0.9710009098052979,452,0.5,0.9466666666666665,0.6237053070386405,0.47058823529411764,0.5,0.4444444444444444,C0_fixed0.50,0.5
ecoli,CTGAN,RF,3,4,1.4629998207092285,0.16840052604675293,452,0.5,0.9066666666666666,0.7088243546576879,0.5714285714285714,0.8,0.4444444444444444,C0_fixed0.50,0.5
ecoli,CTGAN,LGBM,3,4,1.4629998207092285,0.04000115394592285,452,0.5,0.9407407407407408,0.7324074074074074,0.5333333333333333,0.6666666666666666,0.4444444444444444,C0_fixed0.50,0.5
ecoli,CTGAN,MLP,3,4,1.4629998207092285,0.9880013465881348,452,0.5,0.8562962962962963,0.5162372148173365,0.47058823529411764,0.5,0.4444444444444444,C0_fixed0.50,0.5
ecoli,TVAE,RF,0,4,0.8029999732971191,0.1699998378753662,450,0.5,0.9572368421052632,0.7264423076923077,0.6153846153846154,0.8,0.5,C0_fixed0.50,0.5
ecoli,TVAE,LGBM,0,4,0.8029999732971191,0.032999277114868164,450,0.5,0.9523026315789473,0.67994227994228,0.3333333333333333,0.5,0.25,C0_fixed0.50,0.5
ecoli,TVAE,MLP,0,4,0.8029999732971191,0.9890012741088867,450,0.5,0.962171052631579,0.6190632284382285,0.7000000000000001,0.5833333333333334,0.875,C0_fixed0.50,0.5
ecoli,TVAE,RF,1,4,0.7409999370574951,0.17100024223327637,452,0.5,0.9496296296296296,0.6472943722943723,0.631578947368421,0.6,0.6666666666666666,C0_fixed0.50,0.5
ecoli,TVAE,LGBM,1,4,0.7409999370574951,0.02699732780456543,452,0.5,0.9585185185185185,0.7044853294853295,0.761904761904762,0.6666666666666666,0.8888888888888888,C0_fixed0.50,0.5
ecoli,TVAE,MLP,1,4,0.7409999370574951,0.9900004863739014,452,0.5,0.9481481481481482,0.6279100042257937,0.6956521739130435,0.5714285714285714,0.8888888888888888,C0_fixed0.50,0.5
ecoli,TVAE,RF,2,4,0.774000883102417,0.17399954795837402,452,0.5,0.9259259259259258,0.630228259394926,0.4,0.5,0.3333333333333333,C0_fixed0.50,0.5
ecoli,TVAE,LGBM,2,4,0.774000883102417,0.04000091552734375,452,0.5,0.9437037037037037,0.6564407814407816,0.5,0.5714285714285714,0.4444444444444444,C0_fixed0.50,0.5
ecoli,TVAE,MLP,2,4,0.774000883102417,0.9980006217956543,452,0.5,0.9407407407407407,0.6129818257269237,0.5333333333333333,0.6666666666666666,0.4444444444444444,C0_fixed0.50,0.5
ecoli,TVAE,RF,3,4,0.7580001354217529,0.17600131034851074,452,0.5,0.9199999999999999,0.617488198983297,0.5555555555555556,0.5555555555555556,0.5555555555555556,C0_fixed0.50,0.5
ecoli,TVAE,LGBM,3,4,0.7580001354217529,0.03300046920776367,452,0.5,0.9199999999999999,0.665760381593715,0.5,0.5714285714285714,0.4444444444444444,C0_fixed0.50,0.5
ecoli,TVAE,MLP,3,4,0.7580001354217529,0.9870011806488037,452,0.5,0.8103703703703703,0.503817013750421,0.5882352941176471,0.625,0.5555555555555556,C0_fixed0.50,0.5
ecoli,GMMSampling,RF,0,4,0.7669990062713623,0.1920003890991211,252,0.5,0.955592105263158,0.7519905533063428,0.5925925925925926,0.42105263157894735,1.0,C0_fixed0.50,
ecoli,GMMSampling,LGBM,0,4,0.7669990062713623,0.028000831604003906,252,0.5,0.975328947368421,0.8229166666666667,0.608695652173913,0.4666666666666667,0.875,C0_fixed0.50,
ecoli,GMMSampling,MLP,0,4,0.7669990062713623,0.5720014572143555,252,0.5,0.9654605263157895,0.6517857142857143,0.5517241379310345,0.38095238095238093,1.0,C0_fixed0.50,
ecoli,GMMSampling,RF,1,4,0.5609991550445557,0.21733665466308594,251,0.49800796812749004,0.9437037037037037,0.6109994943328276,0.6153846153846153,0.47058823529411764,0.8888888888888888,C0_fixed0.50,
ecoli,GMMSampling,LGBM,1,4,0.5609991550445557,0.025001049041748047,251,0.49800796812749004,0.9540740740740741,0.6283988957902,0.6153846153846153,0.47058823529411764,0.8888888888888888,C0_fixed0.50,
ecoli,GMMSampling,MLP,1,4,0.5609991550445557,0.27100133895874023,251,0.49800796812749004,0.9614814814814815,0.7886983386983388,0.5517241379310346,0.4,0.8888888888888888,C0_fixed0.50,
ecoli,GMMSampling,RF,2,4,0.8379995822906494,0.21100878715515137,251,0.49800796812749004,0.9481481481481481,0.6081487956487956,0.6206896551724138,0.45,1.0,C0_fixed0.50,
ecoli,GMMSampling,LGBM,2,4,0.8379995822906494,0.03099799156188965,251,0.49800796812749004,0.9555555555555555,0.5958004413886766,0.6206896551724138,0.45,1.0,C0_fixed0.50,
ecoli,GMMSampling,MLP,2,4,0.8379995822906494,0.3040010929107666,251,0.49800796812749004,0.9096296296296296,0.3965367965367965,0.5806451612903226,0.4090909090909091,1.0,C0_fixed0.50,
ecoli,GMMSampling,RF,3,4,0.4239993095397949,0.2110004425048828,252,0.5,0.9259259259259259,0.5963352007469653,0.5833333333333334,0.4666666666666667,0.7777777777777778,C0_fixed0.50,
ecoli,GMMSampling,LGBM,3,4,0.4239993095397949,0.02899909019470215,252,0.5,0.9251851851851851,0.5214233841684822,0.5833333333333334,0.4666666666666667,0.7777777777777778,C0_fixed0.50,
ecoli,GMMSampling,MLP,3,4,0.4239993095397949,0.31299781799316406,252,0.5,0.7718518518518518,0.5978161635024379,0.56,0.4375,0.7777777777777778,C0_fixed0.50,
ecoli,SMOTE,RF,0,4,0.0010001659393310547,0.1789999008178711,281,0.199288256227758,0.955592105263158,0.7364383971291866,0.631578947368421,0.5454545454545454,0.75,C1_grid,0.2
ecoli,SMOTE,LGBM,0,4,0.0010001659393310547,0.026000499725341797,281,0.199288256227758,0.9703947368421053,0.826388888888889,0.6666666666666665,0.6,0.75,C1_grid,0.2
ecoli,SMOTE,MLP,0,4,0.0010001659393310547,0.6339995861053467,281,0.199288256227758,0.9605263157894737,0.5838609307359307,0.6666666666666665,0.6,0.75,C1_grid,0.2
ecoli,SMOTE,RF,1,4,0.0009999275207519531,0.1930696964263916,282,0.19858156028368795,0.9466666666666667,0.7029008573126221,0.631578947368421,0.6,0.6666666666666666,C1_grid,0.2
ecoli,SMOTE,LGBM,1,4,0.0009999275207519531,0.025000333786010742,282,0.19858156028368795,0.9451851851851851,0.6433742183742184,0.7999999999999999,0.7272727272727273,0.8888888888888888,C1_grid,0.2
ecoli,SMOTE,MLP,1,4,0.0009999275207519531,0.6400010585784912,282,0.19858156028368795,0.9392592592592592,0.520316103649437,0.6666666666666666,0.5833333333333334,0.7777777777777778,C1_grid,0.2
ecoli,SMOTE,RF,2,4,0.0009999275207519531,0.1792163848876953,282,0.19858156028368795,0.9585185185185184,0.6300925925925926,0.7000000000000001,0.6363636363636364,0.7777777777777778,C1_grid,0.2
ecoli,SMOTE,LGBM,2,4,0.0009999275207519531,0.026000499725341797,282,0.19858156028368795,0.9555555555555555,0.5989977614977615,0.7272727272727274,0.6153846153846154,0.8888888888888888,C1_grid,0.2
ecoli,SMOTE,MLP,2,4,0.0009999275207519531,0.6500015258789062,282,0.19858156028368795,0.9377777777777777,0.5501122334455668,0.5,0.5714285714285714,0.4444444444444444,C1_grid,0.2
ecoli,SMOTE,RF,3,4,0.0010004043579101562,0.18099737167358398,282,0.19858156028368795,0.8488888888888888,0.5183597883597884,0.5263157894736842,0.5,0.5555555555555556,C1_grid,0.2
ecoli,SMOTE,LGBM,3,4,0.0010004043579101562,0.02199840545654297,282,0.19858156028368795,0.9111111111111111,0.6099240265906932,0.4210526315789474,0.4,0.4444444444444444,C1_grid,0.2
ecoli,SMOTE,MLP,3,4,0.0010004043579101562,0.6519989967346191,282,0.19858156028368795,0.8088888888888888,0.565263748597082,0.5,0.5714285714285714,0.4444444444444444,C1_grid,0.2
ecoli,SMOTE,RF,0,4,0.0,0.18599963188171387,321,0.29906542056074764,0.9588815789473684,0.7362502693385047,0.5555555555555556,0.5,0.625,C1_grid,0.3
ecoli,SMOTE,LGBM,0,4,0.0,0.03800010681152344,321,0.29906542056074764,0.9457236842105263,0.6930345695970697,0.5882352941176471,0.5555555555555556,0.625,C1_grid,0.3
ecoli,SMOTE,MLP,0,4,0.0,0.6650006771087646,321,0.29906542056074764,0.9523026315789473,0.5323232323232323,0.7368421052631579,0.6363636363636364,0.875,C1_grid,0.3
ecoli,SMOTE,RF,1,4,0.0010004043579101562,0.17834973335266113,322,0.2981366459627329,0.9407407407407408,0.6597481021394065,0.6,0.5454545454545454,0.6666666666666666,C1_grid,0.3
ecoli,SMOTE,LGBM,1,4,0.0010004043579101562,0.03399920463562012,322,0.2981366459627329,0.9422222222222222,0.5565832315832315,0.6956521739130435,0.5714285714285714,0.8888888888888888,C1_grid,0.3
ecoli,SMOTE,MLP,1,4,0.0010004043579101562,0.6690013408660889,322,0.2981366459627329,0.9362962962962963,0.506318989652323,0.6666666666666666,0.5833333333333334,0.7777777777777778,C1_grid,0.3
ecoli,SMOTE,RF,2,4,0.00099945068359375,0.17588281631469727,322,0.2981366459627329,0.951111111111111,0.6186914936914937,0.5714285714285715,0.5,0.6666666666666666,C1_grid,0.3
ecoli,SMOTE,LGBM,2,4,0.00099945068359375,0.04200029373168945,322,0.2981366459627329,0.9555555555555556,0.6907887921045817,0.6666666666666666,0.5833333333333334,0.7777777777777778,C1_grid,0.3
ecoli,SMOTE,MLP,2,4,0.00099945068359375,0.6690003871917725,322,0.2981366459627329,0.9274074074074075,0.5106740280653324,0.5,0.5714285714285714,0.4444444444444444,C1_grid,0.3
ecoli,SMOTE,RF,3,4,0.0010001659393310547,0.18085575103759766,322,0.2981366459627329,0.8992592592592592,0.5525169275169275,0.5555555555555556,0.5555555555555556,0.5555555555555556,C1_grid,0.3
ecoli,SMOTE,LGBM,3,4,0.0010001659393310547,0.031000852584838867,322,0.2981366459627329,0.9096296296296296,0.6025460136571248,0.5,0.45454545454545453,0.5555555555555556,C1_grid,0.3
ecoli,SMOTE,MLP,3,4,0.0010001659393310547,0.671001672744751,322,0.2981366459627329,0.791111111111111,0.5463570001581697,0.5333333333333333,0.6666666666666666,0.4444444444444444,C1_grid,0.3
ecoli,SMOTE,RF,0,4,0.0010001659393310547,0.18283295631408691,375,0.4,0.9605263157894737,0.7253434065934066,0.5882352941176471,0.5555555555555556,0.625,C1_grid,0.4
ecoli,SMOTE,LGBM,0,4,0.0010001659393310547,0.030999183654785156,375,0.4,0.9588815789473685,0.8002079619726679,0.625,0.625,0.625,C1_grid,0.4
ecoli,SMOTE,MLP,0,4,0.0010001659393310547,0.7519998550415039,375,0.4,0.9572368421052632,0.5579184704184704,0.6666666666666665,0.6,0.75,C1_grid,0.4
ecoli,SMOTE,RF,1,4,0.0009999275207519531,0.18491601943969727,376,0.39893617021276595,0.9422222222222222,0.692024827024827,0.6,0.5454545454545454,0.6666666666666666,C1_grid,0.4
ecoli,SMOTE,LGBM,1,4,0.0009999275207519531,0.03600025177001953,376,0.39893617021276595,0.9600000000000001,0.7211519961519961,0.761904761904762,0.6666666666666666,0.8888888888888888,C1_grid,0.4
ecoli,SMOTE,MLP,1,4,0.0009999275207519531,0.7530007362365723,376,0.39893617021276595,0.9422222222222222,0.5882413882413882,0.7272727272727274,0.6153846153846154,0.8888888888888888,C1_grid,0.4
ecoli,SMOTE,RF,2,4,0.0010001659393310547,0.18085932731628418,376,0.39893617021276595,0.954074074074074,0.6584267040149394,0.6,0.5454545454545454,0.6666666666666666,C1_grid,0.4
ecoli,SMOTE,LGBM,2,4,0.0010001659393310547,0.04099845886230469,376,0.39893617021276595,0.9614814814814815,0.7353174603174604,0.7499999999999999,0.6,1.0,C1_grid,0.4
ecoli,SMOTE,MLP,2,4,0.0010001659393310547,0.7430002689361572,376,0.39893617021276595,0.9288888888888889,0.5295889295889296,0.5,0.5714285714285714,0.4444444444444444,C1_grid,0.4
ecoli,SMOTE,RF,3,4,0.0010001659393310547,0.18400049209594727,376,0.39893617021276595,0.9066666666666666,0.5854617604617605,0.5555555555555556,0.5555555555555556,0.5555555555555556,C1_grid,0.4
ecoli,SMOTE,LGBM,3,4,0.0010001659393310547,0.026999235153198242,376,0.39893617021276595,0.917037037037037,0.6061623561623561,0.4210526315789474,0.4,0.4444444444444444,C1_grid,0.4
ecoli,SMOTE,MLP,3,4,0.0010001659393310547,0.7420015335083008,376,0.39893617021276595,0.7762962962962963,0.5411727718956634,0.5,0.5714285714285714,0.4444444444444444,C1_grid,0.4
ecoli,SMOTE,RF,0,4,0.0,0.18497467041015625,450,0.5,0.9572368421052632,0.703228021978022,0.5555555555555556,0.5,0.625,C1_grid,0.5
ecoli,SMOTE,LGBM,0,4,0.0,0.03399944305419922,450,0.5,0.9490131578947368,0.6597537878787878,0.5882352941176471,0.5555555555555556,0.625,C1_grid,0.5
ecoli,SMOTE,MLP,0,4,0.0,0.9940004348754883,450,0.5,0.9638157894736843,0.5993371212121212,0.6666666666666665,0.6,0.75,C1_grid,0.5
ecoli,SMOTE,RF,1,4,0.0,0.17799735069274902,452,0.5,0.9288888888888889,0.5933678286129266,0.631578947368421,0.6,0.6666666666666666,C1_grid,0.5
ecoli,SMOTE,LGBM,1,4,0.0,0.03700089454650879,452,0.5,0.9392592592592592,0.7089676527176527,0.6956521739130435,0.5714285714285714,0.8888888888888888,C1_grid,0.5
ecoli,SMOTE,MLP,1,4,0.0,1.002997875213623,452,0.5,0.9377777777777777,0.5086999420332754,0.6666666666666666,0.5833333333333334,0.7777777777777778,C1_grid,0.5
ecoli,SMOTE,RF,2,4,0.0009999275207519531,0.182999849319458,452,0.5,0.9466666666666667,0.6535575048732944,0.6,0.5454545454545454,0.6666666666666666,C1_grid,0.5
ecoli,SMOTE,LGBM,2,4,0.0009999275207519531,0.03499913215637207,452,0.5,0.9614814814814815,0.7366682700016034,0.6956521739130435,0.5714285714285714,0.8888888888888888,C1_grid,0.5
ecoli,SMOTE,MLP,2,4,0.0009999275207519531,0.9920001029968262,452,0.5,0.9244444444444445,0.492243250576584,0.5,0.5714285714285714,0.4444444444444444,C1_grid,0.5
ecoli,SMOTE,RF,3,4,0.0009999275207519531,0.1790001392364502,452,0.5,0.8903703703703704,0.5824314574314574,0.5555555555555556,0.5555555555555556,0.5555555555555556,C1_grid,0.5
ecoli,SMOTE,LGBM,3,4,0.0009999275207519531,0.03699946403503418,452,0.5,0.9214814814814815,0.6102109391583075,0.47058823529411764,0.5,0.4444444444444444,C1_grid,0.5
ecoli,SMOTE,MLP,3,4,0.0009999275207519531,0.9750022888183594,452,0.5,0.7896296296296296,0.5384013487080248,0.5,0.5714285714285714,0.4444444444444444,C1_grid,0.5
ecoli,ADASYN,RF,0,4,0.001997232437133789,0.17641997337341309,278,0.1906474820143885,0.9506578947368421,0.6648339598997494,0.6,0.5,0.75,C1_grid,0.2
ecoli,ADASYN,LGBM,0,4,0.001997232437133789,0.03099989891052246,278,0.1906474820143885,0.96875,0.6795454545454546,0.7058823529411765,0.6666666666666666,0.75,C1_grid,0.2
ecoli,ADASYN,MLP,0,4,0.001997232437133789,0.649000883102417,278,0.1906474820143885,0.9572368421052632,0.5675751332001332,0.625,0.625,0.625,C1_grid,0.2
ecoli,ADASYN,RF,1,4,0.0009999275207519531,0.1867213249206543,280,0.19285714285714287,0.9333333333333332,0.610343137254902,0.5714285714285715,0.5,0.6666666666666666,C1_grid,0.2
ecoli,ADASYN,LGBM,1,4,0.0009999275207519531,0.03299975395202637,280,0.19285714285714287,0.9451851851851851,0.6531625781625781,0.7272727272727274,0.6153846153846154,0.8888888888888888,C1_grid,0.2
ecoli,ADASYN,MLP,1,4,0.0009999275207519531,0.637000560760498,280,0.19285714285714287,0.9540740740740741,0.6537517550675445,0.7272727272727274,0.6153846153846154,0.8888888888888888,C1_grid,0.2
ecoli,ADASYN,RF,2,4,0.0009999275207519531,0.1790001392364502,275,0.1781818181818182,0.957037037037037,0.6664954870837223,0.6666666666666666,0.5833333333333334,0.7777777777777778,C1_grid,0.2
ecoli,ADASYN,LGBM,2,4,0.0009999275207519531,0.024998903274536133,275,0.1781818181818182,0.9525925925925925,0.6480417186299539,0.6666666666666667,0.5333333333333333,0.8888888888888888,C1_grid,0.2
ecoli,ADASYN,MLP,2,4,0.0009999275207519531,0.635000467300415,275,0.1781818181818182,0.9259259259259259,0.5043684710351377,0.5,0.5714285714285714,0.4444444444444444,C1_grid,0.2
ecoli,ADASYN,RF,3,4,0.0010001659393310547,0.16918540000915527,281,0.19572953736654805,0.9037037037037037,0.583089013383131,0.5,0.45454545454545453,0.5555555555555556,C1_grid,0.2
ecoli,ADASYN,LGBM,3,4,0.0010001659393310547,0.030001163482666016,281,0.19572953736654805,0.917037037037037,0.6362433862433863,0.5,0.45454545454545453,0.5555555555555556,C1_grid,0.2
ecoli,ADASYN,MLP,3,4,0.0010001659393310547,0.6540005207061768,281,0.19572953736654805,0.8044444444444444,0.5957157554379777,0.47058823529411764,0.5,0.4444444444444444,C1_grid,0.2
ecoli,ADASYN,RF,0,4,0.0019998550415039062,0.18074917793273926,320,0.296875,0.9638157894736843,0.7003434065934067,0.6,0.5,0.75,C1_grid,0.3
ecoli,ADASYN,LGBM,0,4,0.0019998550415039062,0.030001163482666016,320,0.296875,0.9703947368421053,0.7867997198879552,0.6666666666666665,0.6,0.75,C1_grid,0.3
ecoli,ADASYN,MLP,0,4,0.0019998550415039062,0.6759991645812988,320,0.296875,0.9539473684210527,0.5626945970695971,0.6666666666666667,0.5384615384615384,0.875,C1_grid,0.3
ecoli,ADASYN,RF,1,4,0.00099945068359375,0.17377352714538574,320,0.29375,0.9303703703703703,0.5625083794201442,0.5217391304347826,0.42857142857142855,0.6666666666666666,C1_grid,0.3
ecoli,ADASYN,LGBM,1,4,0.00099945068359375,0.025998830795288086,320,0.29375,0.9437037037037036,0.5825091575091574,0.6956521739130435,0.5714285714285714,0.8888888888888888,C1_grid,0.3
ecoli,ADASYN,MLP,1,4,0.00099945068359375,0.6790006160736084,320,0.29375,0.9496296296296296,0.6294270544270544,0.7000000000000001,0.6363636363636364,0.7777777777777778,C1_grid,0.3
ecoli,ADASYN,RF,2,4,0.0009999275207519531,0.16899991035461426,320,0.29375,0.9540740740740741,0.6335978835978836,0.6363636363636364,0.5384615384615384,0.7777777777777778,C1_grid,0.3
ecoli,ADASYN,LGBM,2,4,0.0009999275207519531,0.019999980926513672,320,0.29375,0.9614814814814815,0.7423520923520923,0.6363636363636364,0.5384615384615384,0.7777777777777778,C1_grid,0.3
ecoli,ADASYN,MLP,2,4,0.0009999275207519531,0.6780011653900146,320,0.29375,0.9259259259259259,0.4786874960788004,0.5,0.5714285714285714,0.4444444444444444,C1_grid,0.3
ecoli,ADASYN,RF,3,4,0.0010004043579101562,0.18200182914733887,321,0.29595015576323985,0.8925925925925925,0.6051587301587301,0.5555555555555556,0.5555555555555556,0.5555555555555556,C1_grid,0.3
ecoli,ADASYN,LGBM,3,4,0.0010004043579101562,0.029999732971191406,321,0.29595015576323985,0.92,0.6432057475535737,0.5263157894736842,0.5,0.5555555555555556,C1_grid,0.3
ecoli,ADASYN,MLP,3,4,0.0010004043579101562,0.6750011444091797,321,0.29595015576323985,0.8074074074074074,0.5742031040668905,0.5333333333333333,0.6666666666666666,0.4444444444444444,C1_grid,0.3
ecoli,ADASYN,RF,0,4,0.00099945068359375,0.18843889236450195,374,0.3983957219251337,0.9523026315789473,0.714883207070707,0.5714285714285714,0.46153846153846156,0.75,C1_grid,0.4
ecoli,ADASYN,LGBM,0,4,0.00099945068359375,0.03900003433227539,374,0.3983957219251337,0.9572368421052632,0.7000457875457876,0.75,0.75,0.75,C1_grid,0.4
ecoli,ADASYN,MLP,0,4,0.00099945068359375,0.7450006008148193,374,0.3983957219251337,0.9588815789473685,0.5601887695637695,0.7368421052631579,0.6363636363636364,0.875,C1_grid,0.4
ecoli,ADASYN,RF,1,4,0.0010006427764892578,0.17745375633239746,376,0.39893617021276595,0.9422222222222222,0.686914936914937,0.631578947368421,0.6,0.6666666666666666,C1_grid,0.4
ecoli,ADASYN,LGBM,1,4,0.0010006427764892578,0.03500032424926758,376,0.39893617021276595,0.954074074074074,0.6946176046176047,0.6956521739130435,0.5714285714285714,0.8888888888888888,C1_grid,0.4
ecoli,ADASYN,MLP,1,4,0.0010006427764892578,0.7430012226104736,376,0.39893617021276595,0.9451851851851852,0.5568341664832893,0.6666666666666666,0.5833333333333334,0.7777777777777778,C1_grid,0.4
ecoli,ADASYN,RF,2,4,0.0019998550415039062,0.18500018119812012,374,0.39572192513368987,0.9451851851851852,0.6358024691358024,0.6086956521739131,0.5,0.7777777777777778,C1_grid,0.4
ecoli,ADASYN,LGBM,2,4,0.0019998550415039062,0.03900003433227539,374,0.39572192513368987,0.962962962962963,0.7571669071669072,0.6,0.5454545454545454,0.6666666666666666,C1_grid,0.4
ecoli,ADASYN,MLP,2,4,0.0019998550415039062,0.7470006942749023,374,0.39572192513368987,0.922962962962963,0.5076757917337628,0.47058823529411764,0.5,0.4444444444444444,C1_grid,0.4
ecoli,ADASYN,RF,3,4,0.0009999275207519531,0.18799996376037598,378,0.4021164021164021,0.9051851851851852,0.5479824561403509,0.631578947368421,0.6,0.6666666666666666,C1_grid,0.4
ecoli,ADASYN,LGBM,3,4,0.0009999275207519531,0.029000043869018555,378,0.4021164021164021,0.9274074074074073,0.6327655677655677,0.631578947368421,0.6,0.6666666666666666,C1_grid,0.4
ecoli,ADASYN,MLP,3,4,0.0009999275207519531,0.7530007362365723,378,0.4021164021164021,0.7733333333333332,0.4831812995163444,0.5882352941176471,0.625,0.5555555555555556,C1_grid,0.4
ecoli,ADASYN,RF,0,4,0.0020003318786621094,0.1876695156097412,456,0.506578947368421,0.962171052631579,0.7559523809523809,0.5714285714285714,0.46153846153846156,0.75,C1_grid,0.5
ecoli,ADASYN,LGBM,0,4,0.0020003318786621094,0.03399777412414551,456,0.506578947368421,0.9555921052631579,0.7493235930735931,0.7058823529411765,0.6666666666666666,0.75,C1_grid,0.5
ecoli,ADASYN,MLP,0,4,0.0020003318786621094,0.9930005073547363,456,0.506578947368421,0.9539473684210527,0.5380612443112444,0.7000000000000001,0.5833333333333334,0.875,C1_grid,0.5
ecoli,ADASYN,RF,1,4,0.002000093460083008,0.1710038185119629,456,0.5043859649122807,0.9362962962962963,0.6821817615935264,0.5454545454545455,0.46153846153846156,0.6666666666666666,C1_grid,0.5
ecoli,ADASYN,LGBM,1,4,0.002000093460083008,0.030001163482666016,456,0.5043859649122807,0.9496296296296296,0.6307895807895808,0.7272727272727274,0.6153846153846154,0.8888888888888888,C1_grid,0.5
ecoli,ADASYN,MLP,1,4,0.002000093460083008,0.9869980812072754,456,0.5043859649122807,0.9362962962962962,0.5038159371492704,0.6666666666666666,0.5833333333333334,0.7777777777777778,C1_grid,0.5
ecoli,ADASYN,RF,2,4,0.002000093460083008,0.18335747718811035,451,0.49889135254988914,0.9555555555555555,0.6431623931623932,0.6363636363636364,0.5384615384615384,0.7777777777777778,C1_grid,0.5
ecoli,ADASYN,LGBM,2,4,0.002000093460083008,0.03295087814331055,451,0.49889135254988914,0.9614814814814814,0.7693528693528693,0.6363636363636364,0.5384615384615384,0.7777777777777778,C1_grid,0.5
ecoli,ADASYN,MLP,2,4,0.002000093460083008,0.9879992008209229,451,0.49889135254988914,0.9274074074074075,0.519973544973545,0.5,0.5714285714285714,0.4444444444444444,C1_grid,0.5
ecoli,ADASYN,RF,3,4,0.0009999275207519531,0.1921241283416748,457,0.5054704595185996,0.917037037037037,0.647961229946524,0.631578947368421,0.6,0.6666666666666666,C1_grid,0.5
ecoli,ADASYN,LGBM,3,4,0.0009999275207519531,0.029999732971191406,457,0.5054704595185996,0.9333333333333333,0.6648148148148147,0.631578947368421,0.6,0.6666666666666666,C1_grid,0.5
ecoli,ADASYN,MLP,3,4,0.0009999275207519531,0.9840006828308105,457,0.5054704595185996,0.7851851851851852,0.4895776478232618,0.5882352941176471,0.625,0.5555555555555556,C1_grid,0.5
ecoli,G-SMOTE,RF,0,4,0.17099881172180176,0.1829993724822998,281,0.199288256227758,0.9605263157894737,0.7308989621489621,0.631578947368421,0.5454545454545454,0.75,C1_grid,0.2
ecoli,G-SMOTE,LGBM,0,4,0.17099881172180176,0.03300023078918457,281,0.199288256227758,0.9720394736842106,0.85625,0.7777777777777777,0.7,0.875,C1_grid,0.2
ecoli,G-SMOTE,MLP,0,4,0.17099881172180176,0.6440002918243408,281,0.199288256227758,0.9605263157894737,0.6059794372294373,0.625,0.625,0.625,C1_grid,0.2
ecoli,G-SMOTE,RF,1,4,0.19099974632263184,0.19099998474121094,280,0.19285714285714287,0.9496296296296296,0.6630952380952382,0.631578947368421,0.6,0.6666666666666666,C1_grid,0.2
ecoli,G-SMOTE,LGBM,1,4,0.19099974632263184,0.026000261306762695,280,0.19285714285714287,0.9585185185185185,0.7271885521885522,0.761904761904762,0.6666666666666666,0.8888888888888888,C1_grid,0.2
ecoli,G-SMOTE,MLP,1,4,0.19099974632263184,0.6420004367828369,280,0.19285714285714287,0.9422222222222222,0.5849385182718516,0.7272727272727274,0.6153846153846154,0.8888888888888888,C1_grid,0.2
ecoli,G-SMOTE,RF,2,4,0.19700002670288086,0.2166764736175537,280,0.19285714285714287,0.9451851851851851,0.6223951973951973,0.5882352941176471,0.625,0.5555555555555556,C1_grid,0.2
ecoli,G-SMOTE,LGBM,2,4,0.19700002670288086,0.031000137329101562,280,0.19285714285714287,0.9481481481481481,0.6227092352092352,0.5263157894736842,0.5,0.5555555555555556,C1_grid,0.2
ecoli,G-SMOTE,MLP,2,4,0.19700002670288086,0.6390001773834229,280,0.19285714285714287,0.9333333333333333,0.5466917684948376,0.5,0.5714285714285714,0.4444444444444444,C1_grid,0.2
ecoli,G-SMOTE,RF,3,4,0.2370009422302246,0.17999911308288574,282,0.19858156028368795,0.9037037037037037,0.6270923520923521,0.6,0.5454545454545454,0.6666666666666666,C1_grid,0.2
ecoli,G-SMOTE,LGBM,3,4,0.2370009422302246,0.03099966049194336,282,0.19858156028368795,0.9333333333333332,0.7025291148098165,0.5,0.45454545454545453,0.5555555555555556,C1_grid,0.2
ecoli,G-SMOTE,MLP,3,4,0.2370009422302246,0.6400001049041748,282,0.19858156028368795,0.8118518518518518,0.49219910186296734,0.5333333333333333,0.6666666666666666,0.4444444444444444,C1_grid,0.2
ecoli,G-SMOTE,RF,0,4,0.24200105667114258,0.17571234703063965,321,0.29906542056074764,0.9490131578947368,0.7014880952380953,0.5555555555555556,0.5,0.625,C1_grid,0.3
ecoli,G-SMOTE,LGBM,0,4,0.24200105667114258,0.028998613357543945,321,0.29906542056074764,0.944078947368421,0.7111607142857143,0.6666666666666665,0.6,0.75,C1_grid,0.3
ecoli,G-SMOTE,MLP,0,4,0.24200105667114258,0.6640000343322754,321,0.29906542056074764,0.9572368421052632,0.5579184704184704,0.6666666666666665,0.6,0.75,C1_grid,0.3
ecoli,G-SMOTE,RF,1,4,0.2220001220703125,0.20316100120544434,317,0.2870662460567823,0.9540740740740741,0.7118131868131867,0.6,0.5454545454545454,0.6666666666666666,C1_grid,0.3
ecoli,G-SMOTE,LGBM,1,4,0.2220001220703125,0.025000572204589844,317,0.2870662460567823,0.9555555555555555,0.6999398749398749,0.7272727272727274,0.6153846153846154,0.8888888888888888,C1_grid,0.3
ecoli,G-SMOTE,MLP,1,4,0.2220001220703125,0.6590015888214111,317,0.2870662460567823,0.9466666666666667,0.6170915504248837,0.761904761904762,0.6666666666666666,0.8888888888888888,C1_grid,0.3
ecoli,G-SMOTE,RF,2,4,0.20099925994873047,0.2151644229888916,317,0.2870662460567823,0.957037037037037,0.666028361616597,0.631578947368421,0.6,0.6666666666666666,C1_grid,0.3
ecoli,G-SMOTE,LGBM,2,4,0.20099925994873047,0.03399944305419922,317,0.2870662460567823,0.962962962962963,0.7144179894179894,0.6363636363636364,0.5384615384615384,0.7777777777777778,C1_grid,0.3
ecoli,G-SMOTE,MLP,2,4,0.20099925994873047,0.6539993286132812,317,0.2870662460567823,0.9333333333333333,0.5311325818572196,0.5,0.5714285714285714,0.4444444444444444,C1_grid,0.3
ecoli,G-SMOTE,RF,3,4,0.21700119972229004,0.17699885368347168,322,0.2981366459627329,0.8962962962962961,0.6156524694683807,0.631578947368421,0.6,0.6666666666666666,C1_grid,0.3
ecoli,G-SMOTE,LGBM,3,4,0.21700119972229004,0.02599930763244629,322,0.2981366459627329,0.9274074074074073,0.6563823857302118,0.5,0.45454545454545453,0.5555555555555556,C1_grid,0.3
ecoli,G-SMOTE,MLP,3,4,0.21700119972229004,0.6680009365081787,322,0.2981366459627329,0.8118518518518518,0.5831835480958287,0.6250000000000001,0.7142857142857143,0.5555555555555556,C1_grid,0.3
ecoli,G-SMOTE,RF,0,4,0.19900083541870117,0.17756891250610352,375,0.4,0.9588815789473685,0.6751262626262626,0.5555555555555556,0.5,0.625,C1_grid,0.4
ecoli,G-SMOTE,LGBM,0,4,0.19900083541870117,0.03299999237060547,375,0.4,0.9276315789473685,0.6131216006216006,0.5263157894736842,0.45454545454545453,0.625,C1_grid,0.4
ecoli,G-SMOTE,MLP,0,4,0.19900083541870117,0.7520008087158203,375,0.4,0.962171052631579,0.5957656926406927,0.6666666666666665,0.6,0.75,C1_grid,0.4
ecoli,G-SMOTE,RF,1,4,0.17699956893920898,0.21616363525390625,366,0.3825136612021858,0.9481481481481481,0.6440476190476191,0.6,0.5454545454545454,0.6666666666666666,C1_grid,0.4
ecoli,G-SMOTE,LGBM,1,4,0.17699956893920898,0.027956008911132812,366,0.3825136612021858,0.9496296296296297,0.6673809523809524,0.761904761904762,0.6666666666666666,0.8888888888888888,C1_grid,0.4
ecoli,G-SMOTE,MLP,1,4,0.17699956893920898,0.7440009117126465,366,0.3825136612021858,0.9496296296296296,0.627409010742344,0.761904761904762,0.6666666666666666,0.8888888888888888,C1_grid,0.4
ecoli,G-SMOTE,RF,2,4,0.2370002269744873,0.2200000286102295,366,0.3825136612021858,0.9540740740740741,0.6404381112714446,0.631578947368421,0.6,0.6666666666666666,C1_grid,0.4
ecoli,G-SMOTE,LGBM,2,4,0.2370002269744873,0.02599954605102539,366,0.3825136612021858,0.951111111111111,0.6575857784191117,0.6666666666666666,0.5833333333333334,0.7777777777777778,C1_grid,0.4
ecoli,G-SMOTE,MLP,2,4,0.2370002269744873,0.760000467300415,366,0.3825136612021858,0.9288888888888889,0.5738812966263946,0.5333333333333333,0.6666666666666666,0.4444444444444444,C1_grid,0.4
ecoli,G-SMOTE,RF,3,4,0.2030012607574463,0.18699860572814941,376,0.39893617021276595,0.8533333333333334,0.5818783068783069,0.631578947368421,0.6,0.6666666666666666,C1_grid,0.4
ecoli,G-SMOTE,LGBM,3,4,0.2030012607574463,0.03699994087219238,376,0.39893617021276595,0.9244444444444444,0.667948717948718,0.5555555555555556,0.5555555555555556,0.5555555555555556,C1_grid,0.4
ecoli,G-SMOTE,MLP,3,4,0.2030012607574463,0.7490003108978271,376,0.39893617021276595,0.802962962962963,0.5645716167603992,0.5333333333333333,0.6666666666666666,0.4444444444444444,C1_grid,0.4
ecoli,G-SMOTE,RF,0,4,0.2760004997253418,0.17077922821044922,450,0.5,0.9621710526315789,0.7476190476190476,0.6,0.5,0.75,C1_grid,0.5
ecoli,G-SMOTE,LGBM,0,4,0.2760004997253418,0.05000042915344238,450,0.5,0.9490131578947368,0.7635918003565063,0.625,0.625,0.625,C1_grid,0.5
ecoli,G-SMOTE,MLP,0,4,0.2760004997253418,0.9880003929138184,450,0.5,0.9555921052631579,0.5480654761904762,0.631578947368421,0.5454545454545454,0.75,C1_grid,0.5
ecoli,G-SMOTE,RF,1,4,0.22499990463256836,0.20714473724365234,437,0.482837528604119,0.9540740740740741,0.7138749651907546,0.6,0.5454545454545454,0.6666666666666666,C1_grid,0.5
ecoli,G-SMOTE,LGBM,1,4,0.22499990463256836,0.03900003433227539,437,0.482837528604119,0.9555555555555556,0.6795695045695045,0.761904761904762,0.6666666666666666,0.8888888888888888,C1_grid,0.5
ecoli,G-SMOTE,MLP,1,4,0.22499990463256836,0.9640002250671387,437,0.482837528604119,0.9525925925925927,0.6690956704114599,0.6956521739130435,0.5714285714285714,0.8888888888888888,C1_grid,0.5
ecoli,G-SMOTE,RF,2,4,0.21499919891357422,0.2190108299255371,437,0.482837528604119,0.965925925925926,0.6888768638768639,0.761904761904762,0.6666666666666666,0.8888888888888888,C1_grid,0.5
ecoli,G-SMOTE,LGBM,2,4,0.21499919891357422,0.02895832061767578,437,0.482837528604119,0.9614814814814815,0.7309702643035976,0.6956521739130435,0.5714285714285714,0.8888888888888888,C1_grid,0.5
ecoli,G-SMOTE,MLP,2,4,0.21499919891357422,0.9660003185272217,437,0.482837528604119,0.9274074074074075,0.5169553012583703,0.5333333333333333,0.6666666666666666,0.4444444444444444,C1_grid,0.5
ecoli,G-SMOTE,RF,3,4,0.25300025939941406,0.17578911781311035,452,0.5,0.8814814814814815,0.6023951973951973,0.631578947368421,0.6,0.6666666666666666,C1_grid,0.5
ecoli,G-SMOTE,LGBM,3,4,0.25300025939941406,0.03299903869628906,452,0.5,0.922962962962963,0.647130647130647,0.5263157894736842,0.5,0.5555555555555556,C1_grid,0.5
ecoli,G-SMOTE,MLP,3,4,0.25300025939941406,0.9902384281158447,452,0.5,0.802962962962963,0.5513098464317976,0.5882352941176471,0.625,0.5555555555555556,C1_grid,0.5
ecoli,CTGAN,RF,0,4,1.6610000133514404,0.1789999008178711,281,0.199288256227758,0.9654605263157894,0.8036172161172161,0.6666666666666665,0.6,0.75,C1_grid,0.2
ecoli,CTGAN,LGBM,0,4,1.6610000133514404,0.03500080108642578,281,0.199288256227758,0.9736842105263157,0.8713235294117647,0.7058823529411765,0.6666666666666666,0.75,C1_grid,0.2
ecoli,CTGAN,MLP,0,4,1.6610000133514404,0.6400010585784912,281,0.199288256227758,0.9457236842105263,0.5412888071895425,0.6666666666666665,0.6,0.75,C1_grid,0.2
ecoli,CTGAN,RF,1,4,1.277001142501831,0.17599773406982422,282,0.19858156028368795,0.9437037037037038,0.5398148148148147,0.6,0.5454545454545454,0.6666666666666666,C1_grid,0.2
ecoli,CTGAN,LGBM,1,4,1.277001142501831,0.022998809814453125,282,0.19858156028368795,0.957037037037037,0.7105218855218856,0.7272727272727274,0.6153846153846154,0.8888888888888888,C1_grid,0.2
ecoli,CTGAN,MLP,1,4,1.277001142501831,0.6460011005401611,282,0.19858156028368795,0.9318518518518519,0.5485147568480901,0.6,0.5454545454545454,0.6666666666666666,C1_grid,0.2
ecoli,CTGAN,RF,2,4,1.2650024890899658,0.17099714279174805,282,0.19858156028368795,0.9555555555555556,0.6244569757727652,0.6666666666666666,0.6666666666666666,0.6666666666666666,C1_grid,0.2
ecoli,CTGAN,LGBM,2,4,1.2650024890899658,0.03095841407775879,282,0.19858156028368795,0.9540740740740741,0.6659391534391534,0.6,0.5454545454545454,0.6666666666666666,C1_grid,0.2
ecoli,CTGAN,MLP,2,4,1.2650024890899658,0.6570007801055908,282,0.19858156028368795,0.9392592592592592,0.6158678286129267,0.47058823529411764,0.5,0.4444444444444444,C1_grid,0.2
ecoli,CTGAN,RF,3,4,1.4569997787475586,0.17100024223327637,282,0.19858156028368795,0.8977777777777778,0.5625016958350291,0.5555555555555556,0.5555555555555556,0.5555555555555556,C1_grid,0.2
ecoli,CTGAN,LGBM,3,4,1.4569997787475586,0.032999277114868164,282,0.19858156028368795,0.9244444444444444,0.6735541310541311,0.6,0.5454545454545454,0.6666666666666666,C1_grid,0.2
ecoli,CTGAN,MLP,3,4,1.4569997787475586,0.6450004577636719,282,0.19858156028368795,0.845925925925926,0.5902148046884889,0.5555555555555556,0.5555555555555556,0.5555555555555556,C1_grid,0.2
ecoli,CTGAN,RF,0,4,1.4509994983673096,0.1830003261566162,321,0.29906542056074764,0.9490131578947368,0.697296626984127,0.625,0.625,0.625,C1_grid,0.3
ecoli,CTGAN,LGBM,0,4,1.4509994983673096,0.029999494552612305,321,0.29906542056074764,0.96875,0.8142676767676768,0.625,0.625,0.625,C1_grid,0.3
ecoli,CTGAN,MLP,0,4,1.4509994983673096,0.6700024604797363,321,0.29906542056074764,0.9375,0.4921875,0.6666666666666665,0.6,0.75,C1_grid,0.3
ecoli,CTGAN,RF,1,4,1.5209980010986328,0.1739978790283203,322,0.2981366459627329,0.9585185185185185,0.7277254951167995,0.7999999999999999,0.7272727272727273,0.8888888888888888,C1_grid,0.3
ecoli,CTGAN,LGBM,1,4,1.5209980010986328,0.03400015830993652,322,0.2981366459627329,0.9525925925925927,0.7366281866281867,0.7999999999999999,0.7272727272727273,0.8888888888888888,C1_grid,0.3
ecoli,CTGAN,MLP,1,4,1.5209980010986328,0.6740012168884277,322,0.2981366459627329,0.9274074074074075,0.5017402350735684,0.6363636363636364,0.5384615384615384,0.7777777777777778,C1_grid,0.3
ecoli,CTGAN,RF,2,4,1.5230023860931396,0.16399717330932617,322,0.2981366459627329,0.9259259259259259,0.5833703333703333,0.5,0.5714285714285714,0.4444444444444444,C1_grid,0.3
ecoli,CTGAN,LGBM,2,4,1.5230023860931396,0.03699970245361328,322,0.2981366459627329,0.9540740740740741,0.6662938912938914,0.6363636363636364,0.5384615384615384,0.7777777777777778,C1_grid,0.3
ecoli,CTGAN,MLP,2,4,1.5230023860931396,0.6640005111694336,322,0.2981366459627329,0.9348148148148148,0.5857984607984608,0.5,0.5714285714285714,0.4444444444444444,C1_grid,0.3
ecoli,CTGAN,RF,3,4,1.4920010566711426,0.17499852180480957,322,0.2981366459627329,0.8992592592592593,0.5546542691150533,0.375,0.42857142857142855,0.3333333333333333,C1_grid,0.3
ecoli,CTGAN,LGBM,3,4,1.4920010566711426,0.03799939155578613,322,0.2981366459627329,0.9081481481481481,0.6029795821462488,0.35294117647058826,0.375,0.3333333333333333,C1_grid,0.3
ecoli,CTGAN,MLP,3,4,1.4920010566711426,0.6750009059906006,322,0.2981366459627329,0.84,0.5055759262848816,0.4210526315789474,0.4,0.4444444444444444,C1_grid,0.3
ecoli,CTGAN,RF,0,4,1.489999532699585,0.17199993133544922,375,0.4,0.9605263157894737,0.7411151960784312,0.4615384615384615,0.6,0.375,C1_grid,0.4
ecoli,CTGAN,LGBM,0,4,1.489999532699585,0.035999298095703125,375,0.4,0.9407894736842105,0.6206871345029239,0.36363636363636365,0.6666666666666666,0.25,C1_grid,0.4
ecoli,CTGAN,MLP,0,4,1.489999532699585,0.7510011196136475,375,0.4,0.9358552631578947,0.4610060690943044,0.5882352941176471,0.5555555555555556,0.625,C1_grid,0.4
ecoli,CTGAN,RF,1,4,1.511000394821167,0.1809983253479004,376,0.39893617021276595,0.9688888888888889,0.7702682632507194,0.7999999999999999,0.7272727272727273,0.8888888888888888,C1_grid,0.4
ecoli,CTGAN,LGBM,1,4,1.511000394821167,0.02899909019470215,376,0.39893617021276595,0.96,0.7093314093314094,0.7999999999999999,0.7272727272727273,0.8888888888888888,C1_grid,0.4
ecoli,CTGAN,MLP,1,4,1.511000394821167,0.7520010471343994,376,0.39893617021276595,0.9466666666666667,0.5598725348725349,0.6956521739130435,0.5714285714285714,0.8888888888888888,C1_grid,0.4
ecoli,CTGAN,RF,2,4,1.4849977493286133,0.17400026321411133,376,0.39893617021276595,0.9466666666666667,0.5778520375011603,0.375,0.42857142857142855,0.3333333333333333,C1_grid,0.4
ecoli,CTGAN,LGBM,2,4,1.4849977493286133,0.032999515533447266,376,0.39893617021276595,0.9540740740740741,0.6149931858265192,0.47058823529411764,0.5,0.4444444444444444,C1_grid,0.4
ecoli,CTGAN,MLP,2,4,1.4849977493286133,0.7570009231567383,376,0.39893617021276595,0.9362962962962963,0.5812335812335812,0.4210526315789474,0.4,0.4444444444444444,C1_grid,0.4
ecoli,CTGAN,RF,3,4,1.5120010375976562,0.1699988842010498,376,0.39893617021276595,0.9318518518518518,0.7334369334369335,0.5555555555555556,0.5555555555555556,0.5555555555555556,C1_grid,0.4
ecoli,CTGAN,LGBM,3,4,1.5120010375976562,0.031000375747680664,376,0.39893617021276595,0.9348148148148148,0.7020689187355855,0.5555555555555556,0.5555555555555556,0.5555555555555556,C1_grid,0.4
ecoli,CTGAN,MLP,3,4,1.5120010375976562,0.7590000629425049,376,0.39893617021276595,0.8770370370370371,0.6703334154553666,0.6086956521739131,0.5,0.7777777777777778,C1_grid,0.4
ecoli,CTGAN,RF,0,4,1.4670023918151855,0.16899728775024414,450,0.5,0.9605263157894737,0.8202205882352941,0.5454545454545454,1.0,0.375,C1_grid,0.5
ecoli,CTGAN,LGBM,0,4,1.4670023918151855,0.04199934005737305,450,0.5,0.9588815789473685,0.7515899122807017,0.5,0.75,0.375,C1_grid,0.5
ecoli,CTGAN,MLP,0,4,1.4670023918151855,0.97300124168396,450,0.5,0.9457236842105263,0.5923800770308124,0.5263157894736842,0.45454545454545453,0.625,C1_grid,0.5
ecoli,CTGAN,RF,1,4,1.2720005512237549,0.17399930953979492,452,0.5,0.965925925925926,0.7060337266219618,0.7368421052631577,0.7,0.7777777777777778,C1_grid,0.5
ecoli,CTGAN,LGBM,1,4,1.2720005512237549,0.03200030326843262,452,0.5,0.9481481481481482,0.5458994708994709,0.761904761904762,0.6666666666666666,0.8888888888888888,C1_grid,0.5
ecoli,CTGAN,MLP,1,4,1.2720005512237549,1.0009989738464355,452,0.5,0.9303703703703703,0.48344335403158933,0.5833333333333334,0.4666666666666667,0.7777777777777778,C1_grid,0.5
ecoli,CTGAN,RF,2,4,1.2859997749328613,0.1790001392364502,452,0.5,0.9570370370370369,0.6778258291416186,0.5333333333333333,0.6666666666666666,0.4444444444444444,C1_grid,0.5
ecoli,CTGAN,LGBM,2,4,1.2859997749328613,0.02099919319152832,452,0.5,0.9703703703703703,0.7173992673992673,0.6250000000000001,0.7142857142857143,0.5555555555555556,C1_grid,0.5
ecoli,CTGAN,MLP,2,4,1.2859997749328613,0.995002269744873,452,0.5,0.9466666666666667,0.5348817304699658,0.631578947368421,0.6,0.6666666666666666,C1_grid,0.5
ecoli,CTGAN,RF,3,4,1.3879997730255127,0.18082070350646973,452,0.5,0.9311111111111111,0.7614994310116261,0.7058823529411765,0.75,0.6666666666666666,C1_grid,0.5
ecoli,CTGAN,LGBM,3,4,1.3879997730255127,0.03799891471862793,452,0.5,0.9214814814814816,0.7202566496684144,0.5333333333333333,0.6666666666666666,0.4444444444444444,C1_grid,0.5
ecoli,CTGAN,MLP,3,4,1.3879997730255127,0.9780008792877197,452,0.5,0.8933333333333333,0.6145762673540451,0.5714285714285715,0.5,0.6666666666666666,C1_grid,0.5
ecoli,TVAE,RF,0,4,0.9029972553253174,0.17400002479553223,281,0.199288256227758,0.955592105263158,0.6731672932330827,0.631578947368421,0.5454545454545454,0.75,C1_grid,0.2
ecoli,TVAE,LGBM,0,4,0.9029972553253174,0.02899956703186035,281,0.199288256227758,0.9654605263157895,0.7716269841269842,0.823529411764706,0.7777777777777778,0.875,C1_grid,0.2
ecoli,TVAE,MLP,0,4,0.9029972553253174,0.6380002498626709,281,0.199288256227758,0.962171052631579,0.6146645021645022,0.7000000000000001,0.5833333333333334,0.875,C1_grid,0.2
ecoli,TVAE,RF,1,4,0.8039999008178711,0.17528367042541504,282,0.19858156028368795,0.9481481481481481,0.6980565730565731,0.6,0.5454545454545454,0.6666666666666666,C1_grid,0.2
ecoli,TVAE,LGBM,1,4,0.8039999008178711,0.02599930763244629,282,0.19858156028368795,0.9525925925925925,0.6443843193843193,0.761904761904762,0.6666666666666666,0.8888888888888888,C1_grid,0.2
ecoli,TVAE,MLP,1,4,0.8039999008178711,0.6437842845916748,282,0.19858156028368795,0.9540740740740741,0.7281884781884782,0.7272727272727274,0.6153846153846154,0.8888888888888888,C1_grid,0.2
ecoli,TVAE,RF,2,4,0.8300001621246338,0.1679997444152832,282,0.19858156028368795,0.9437037037037037,0.6323001130276672,0.4,0.5,0.3333333333333333,C1_grid,0.2
ecoli,TVAE,LGBM,2,4,0.8300001621246338,0.031000375747680664,282,0.19858156028368795,0.9600000000000001,0.6605718355718355,0.7000000000000001,0.6363636363636364,0.7777777777777778,C1_grid,0.2
ecoli,TVAE,MLP,2,4,0.8300001621246338,0.6560013294219971,282,0.19858156028368795,0.9422222222222222,0.6197015947015947,0.5,0.5714285714285714,0.4444444444444444,C1_grid,0.2
ecoli,TVAE,RF,3,4,0.8559999465942383,0.1659998893737793,282,0.19858156028368795,0.8970370370370371,0.5843904633378317,0.5263157894736842,0.5,0.5555555555555556,C1_grid,0.2
ecoli,TVAE,LGBM,3,4,0.8559999465942383,0.031000137329101562,282,0.19858156028368795,0.922962962962963,0.6036660444706421,0.5454545454545455,0.46153846153846156,0.6666666666666666,C1_grid,0.2
ecoli,TVAE,MLP,3,4,0.8559999465942383,0.6520004272460938,282,0.19858156028368795,0.7896296296296296,0.5669620502953836,0.4444444444444444,0.4444444444444444,0.4444444444444444,C1_grid,0.2
ecoli,TVAE,RF,0,4,0.8630001544952393,0.1830000877380371,321,0.29906542056074764,0.9605263157894737,0.7625000000000001,0.625,0.625,0.625,C1_grid,0.3
ecoli,TVAE,LGBM,0,4,0.8630001544952393,0.03500032424926758,321,0.29906542056074764,0.9605263157894737,0.7207187001594896,0.625,0.625,0.625,C1_grid,0.3
ecoli,TVAE,MLP,0,4,0.8630001544952393,0.6750001907348633,321,0.29906542056074764,0.9539473684210527,0.5582993395493396,0.7000000000000001,0.5833333333333334,0.875,C1_grid,0.3
ecoli,TVAE,RF,1,4,0.8179998397827148,0.17400026321411133,322,0.2981366459627329,0.9555555555555556,0.5973054178936532,0.6666666666666666,0.5833333333333334,0.7777777777777778,C1_grid,0.3
ecoli,TVAE,LGBM,1,4,0.8179998397827148,0.037999629974365234,322,0.2981366459627329,0.957037037037037,0.6224747474747474,0.7999999999999999,0.7272727272727273,0.8888888888888888,C1_grid,0.3
ecoli,TVAE,MLP,1,4,0.8179998397827148,0.6650004386901855,322,0.2981366459627329,0.9525925925925925,0.7036494369827704,0.7272727272727274,0.6153846153846154,0.8888888888888888,C1_grid,0.3
ecoli,TVAE,RF,2,4,0.751000165939331,0.17100000381469727,322,0.2981366459627329,0.9377777777777779,0.6377285807110369,0.4,0.5,0.3333333333333333,C1_grid,0.3
ecoli,TVAE,LGBM,2,4,0.751000165939331,0.02900075912475586,322,0.2981366459627329,0.951111111111111,0.6584507540389892,0.5555555555555556,0.5555555555555556,0.5555555555555556,C1_grid,0.3
ecoli,TVAE,MLP,2,4,0.751000165939331,0.6690011024475098,322,0.2981366459627329,0.9407407407407407,0.6004615754615754,0.5,0.5714285714285714,0.4444444444444444,C1_grid,0.3
ecoli,TVAE,RF,3,4,0.7549996376037598,0.16700029373168945,322,0.2981366459627329,0.9244444444444444,0.5948949969783303,0.5263157894736842,0.5,0.5555555555555556,C1_grid,0.3
ecoli,TVAE,LGBM,3,4,0.7549996376037598,0.029000282287597656,322,0.2981366459627329,0.9259259259259259,0.6421475210948895,0.4444444444444444,0.4444444444444444,0.4444444444444444,C1_grid,0.3
ecoli,TVAE,MLP,3,4,0.7549996376037598,0.6650011539459229,322,0.2981366459627329,0.8044444444444444,0.5506850216191614,0.5882352941176471,0.625,0.5555555555555556,C1_grid,0.3
ecoli,TVAE,RF,0,4,0.8399984836578369,0.17099976539611816,375,0.4,0.9654605263157895,0.7756410256410257,0.6153846153846154,0.8,0.5,C1_grid,0.4
ecoli,TVAE,LGBM,0,4,0.8399984836578369,0.03500056266784668,375,0.4,0.9588815789473685,0.7422149122807018,0.7142857142857143,0.8333333333333334,0.625,C1_grid,0.4
ecoli,TVAE,MLP,0,4,0.8399984836578369,0.7520010471343994,375,0.4,0.9638157894736842,0.6182921245421246,0.7000000000000001,0.5833333333333334,0.875,C1_grid,0.4
ecoli,TVAE,RF,1,4,0.8469996452331543,0.17200016975402832,376,0.39893617021276595,0.9496296296296296,0.6954852554852555,0.631578947368421,0.6,0.6666666666666666,C1_grid,0.4
ecoli,TVAE,LGBM,1,4,0.8469996452331543,0.03500103950500488,376,0.39893617021276595,0.9540740740740741,0.6888287638287638,0.761904761904762,0.6666666666666666,0.8888888888888888,C1_grid,0.4
ecoli,TVAE,MLP,1,4,0.8469996452331543,0.7460005283355713,376,0.39893617021276595,0.9466666666666665,0.6574314574314575,0.6956521739130435,0.5714285714285714,0.8888888888888888,C1_grid,0.4
ecoli,TVAE,RF,2,4,0.8029999732971191,0.1770002841949463,376,0.39893617021276595,0.9318518518518518,0.6277764245794937,0.4,0.5,0.3333333333333333,C1_grid,0.4
ecoli,TVAE,LGBM,2,4,0.8029999732971191,0.029999971389770508,376,0.39893617021276595,0.9511111111111111,0.6576537115752803,0.5,0.5714285714285714,0.4444444444444444,C1_grid,0.4
ecoli,TVAE,MLP,2,4,0.8029999732971191,0.7640013694763184,376,0.39893617021276595,0.9481481481481482,0.6126394665610353,0.47058823529411764,0.5,0.4444444444444444,C1_grid,0.4
ecoli,TVAE,RF,3,4,0.9080004692077637,0.182997465133667,376,0.39893617021276595,0.8948148148148148,0.5985008818342151,0.5555555555555556,0.5555555555555556,0.5555555555555556,C1_grid,0.4
ecoli,TVAE,LGBM,3,4,0.9080004692077637,0.034998178482055664,376,0.39893617021276595,0.9155555555555556,0.6194753086419753,0.375,0.42857142857142855,0.3333333333333333,C1_grid,0.4
ecoli,TVAE,MLP,3,4,0.9080004692077637,0.7550010681152344,376,0.39893617021276595,0.8074074074074075,0.5331823133293722,0.5263157894736842,0.5,0.5555555555555556,C1_grid,0.4
ecoli,TVAE,RF,0,4,0.8470003604888916,0.17099738121032715,450,0.5,0.9638157894736843,0.7708333333333334,0.6153846153846154,0.8,0.5,C1_grid,0.5
ecoli,TVAE,LGBM,0,4,0.8470003604888916,0.03199911117553711,450,0.5,0.9654605263157895,0.8102002164502164,0.6666666666666666,0.7142857142857143,0.625,C1_grid,0.5
ecoli,TVAE,MLP,0,4,0.8470003604888916,0.9870011806488037,450,0.5,0.9638157894736842,0.6258814102564103,0.761904761904762,0.6153846153846154,1.0,C1_grid,0.5
ecoli,TVAE,RF,1,4,0.7359962463378906,0.18200039863586426,452,0.5,0.9525925925925927,0.6989635163548207,0.631578947368421,0.6,0.6666666666666666,C1_grid,0.5
ecoli,TVAE,LGBM,1,4,0.7359962463378906,0.03799939155578613,452,0.5,0.9585185185185185,0.7044853294853295,0.7999999999999999,0.7272727272727273,0.8888888888888888,C1_grid,0.5
ecoli,TVAE,MLP,1,4,0.7359962463378906,0.9930009841918945,452,0.5,0.9437037037037036,0.6389129389129389,0.6956521739130435,0.5714285714285714,0.8888888888888888,C1_grid,0.5
ecoli,TVAE,RF,2,4,0.7639997005462646,0.18799996376037598,452,0.5,0.922962962962963,0.61124295725745,0.4,0.5,0.3333333333333333,C1_grid,0.5
ecoli,TVAE,LGBM,2,4,0.7639997005462646,0.03999900817871094,452,0.5,0.9503703703703704,0.6668396418396418,0.5,0.5714285714285714,0.4444444444444444,C1_grid,0.5
ecoli,TVAE,MLP,2,4,0.7639997005462646,1.0000007152557373,452,0.5,0.9437037037037037,0.6074955908289241,0.5333333333333333,0.6666666666666666,0.4444444444444444,C1_grid,0.5
ecoli,TVAE,RF,3,4,0.8520004749298096,0.18199968338012695,452,0.5,0.9377777777777778,0.7358796296296297,0.5882352941176471,0.625,0.5555555555555556,C1_grid,0.5
ecoli,TVAE,LGBM,3,4,0.8520004749298096,0.026999950408935547,452,0.5,0.9318518518518518,0.7036243386243386,0.5882352941176471,0.625,0.5555555555555556,C1_grid,0.5
ecoli,TVAE,MLP,3,4,0.8520004749298096,0.9050009250640869,452,0.5,0.8059259259259259,0.5672198172198173,0.5263157894736842,0.5,0.5555555555555556,C1_grid,0.5
wine_quality,None,RF,0,5,0.0,0.24300003051757812,3918,0.037263910158244005,0.8994869737181508,0.28718725370465664,0.2592592592592593,0.4117647058823529,0.1891891891891892,C0_fixed0.50,
wine_quality,None,LGBM,0,5,0.0,0.07199931144714355,3918,0.037263910158244005,0.8806282422401193,0.3255761720842587,0.31683168316831684,0.25,0.43243243243243246,C0_fixed0.50,
wine_quality,None,MLP,0,5,0.0,8.125999689102173,3918,0.037263910158244005,0.8419363159554041,0.34244645700013804,0.38095238095238093,0.46153846153846156,0.32432432432432434,C0_fixed0.50,
wine_quality,None,RF,1,5,0.0,0.22899961471557617,3918,0.037263910158244005,0.892035195322576,0.43460010632769847,0.4,0.5217391304347826,0.32432432432432434,C0_fixed0.50,
wine_quality,None,LGBM,1,5,0.0,0.051000356674194336,3918,0.037263910158244005,0.8952165314837637,0.3817060289678196,0.47058823529411764,0.36923076923076925,0.6486486486486487,C0_fixed0.50,
wine_quality,None,MLP,1,5,0.0,7.629517078399658,3918,0.037263910158244005,0.829411596113611,0.41861983433882044,0.4927536231884059,0.53125,0.4594594594594595,C0_fixed0.50,
wine_quality,None,RF,2,5,0.0,0.22554850578308105,3918,0.037263910158244005,0.883465650167665,0.31825256739766994,0.24,0.46153846153846156,0.16216216216216217,C0_fixed0.50,
wine_quality,None,LGBM,2,5,0.0,0.053000688552856445,3918,0.037263910158244005,0.9087157146542089,0.38518231658330254,0.32911392405063294,0.30952380952380953,0.35135135135135137,C0_fixed0.50,
wine_quality,None,MLP,2,5,0.0,8.223726034164429,3918,0.037263910158244005,0.7361497234243789,0.244177161431271,0.2909090909090909,0.4444444444444444,0.21621621621621623,C0_fixed0.50,
wine_quality,None,RF,3,5,0.0,0.22700023651123047,3919,0.03750956876754274,0.836514669494521,0.3616472461887031,0.326530612244898,0.6153846153846154,0.2222222222222222,C0_fixed0.50,
wine_quality,None,LGBM,3,5,0.0,0.06299948692321777,3919,0.03750956876754274,0.832596912925651,0.3147675506556886,0.32911392405063294,0.3023255813953488,0.3611111111111111,C0_fixed0.50,
wine_quality,None,MLP,3,5,0.0,6.040000677108765,3919,0.03750956876754274,0.6478143042299989,0.1895418431312176,0.3018867924528302,0.47058823529411764,0.2222222222222222,C0_fixed0.50,
wine_quality,None,RF,4,5,0.0,0.21699976921081543,3919,0.03750956876754274,0.8401378579003181,0.4190932968041476,0.3846153846153846,0.625,0.2777777777777778,C0_fixed0.50,
wine_quality,None,LGBM,4,5,0.0,0.05599689483642578,3919,0.03750956876754274,0.8716566513491222,0.3710802541876739,0.4516129032258065,0.3684210526315789,0.5833333333333334,C0_fixed0.50,
wine_quality,None,MLP,4,5,0.0,7.426000595092773,3919,0.03750956876754274,0.825880758807588,0.2735536775249381,0.37931034482758624,0.5,0.3055555555555556,C0_fixed0.50,
wine_quality,SMOTE,RF,0,5,0.002000093460083008,0.33899950981140137,7544,0.5,0.8603364764552464,0.22328399706851637,0.26890756302521013,0.1951219512195122,0.43243243243243246,C0_fixed0.50,0.5
wine_quality,SMOTE,LGBM,0,5,0.002000093460083008,0.06299996376037598,7544,0.5,0.8619701355650455,0.24260251025394244,0.24074074074074076,0.18309859154929578,0.35135135135135137,C0_fixed0.50,0.5
wine_quality,SMOTE,MLP,0,5,0.002000093460083008,8.262000560760498,7544,0.5,0.7866211917113295,0.27882094297055204,0.3846153846153847,0.36585365853658536,0.40540540540540543,C0_fixed0.50,0.5
wine_quality,SMOTE,RF,1,5,0.0010001659393310547,0.3170003890991211,7544,0.5,0.8732911065890918,0.3641459624802469,0.33870967741935487,0.2413793103448276,0.5675675675675675,C0_fixed0.50,0.5
wine_quality,SMOTE,LGBM,1,5,0.0010001659393310547,0.09600019454956055,7544,0.5,0.8571838009801955,0.315690318434006,0.3877551020408163,0.3114754098360656,0.5135135135135135,C0_fixed0.50,0.5
wine_quality,SMOTE,MLP,1,5,0.0010001659393310547,8.269001483917236,7544,0.5,0.7736665615774841,0.3631688794698735,0.44155844155844154,0.425,0.4594594594594595,C0_fixed0.50,0.5
wine_quality,SMOTE,RF,2,5,0.002001047134399414,0.3229990005493164,7544,0.5,0.8634031698718867,0.2601830950398485,0.33707865168539325,0.28846153846153844,0.40540540540540543,C0_fixed0.50,0.5
wine_quality,SMOTE,LGBM,2,5,0.002001047134399414,0.07299995422363281,7544,0.5,0.8727465535524921,0.32588131334430287,0.3448275862068966,0.3,0.40540540540540543,C0_fixed0.50,0.5
wine_quality,SMOTE,MLP,2,5,0.002001047134399414,8.223000764846802,7544,0.5,0.7511106015878021,0.25177748215288037,0.4000000000000001,0.42424242424242425,0.3783783783783784,C0_fixed0.50,0.5
wine_quality,SMOTE,RF,3,5,0.002000093460083008,0.32200002670288086,7544,0.5,0.8414045010015317,0.29570932381777215,0.3063063063063063,0.22666666666666666,0.4722222222222222,C0_fixed0.50,0.5
wine_quality,SMOTE,LGBM,3,5,0.002000093460083008,0.0710000991821289,7544,0.5,0.8267350064804995,0.2838416725922183,0.33333333333333337,0.2777777777777778,0.4166666666666667,C0_fixed0.50,0.5
wine_quality,SMOTE,MLP,3,5,0.002000093460083008,9.754001140594482,7544,0.5,0.6562684105101921,0.19045002821996998,0.26229508196721313,0.32,0.2222222222222222,C0_fixed0.50,0.5
wine_quality,SMOTE,RF,4,5,0.0020003318786621094,0.3229973316192627,7544,0.5,0.8467361847531518,0.3654279054594084,0.4271844660194175,0.3283582089552239,0.6111111111111112,C0_fixed0.50,0.5
wine_quality,SMOTE,LGBM,4,5,0.0020003318786621094,0.06599926948547363,7544,0.5,0.8244962884411453,0.37449637603415553,0.43478260869565216,0.35714285714285715,0.5555555555555556,C0_fixed0.50,0.5
wine_quality,SMOTE,MLP,4,5,0.0020003318786621094,9.651752233505249,7544,0.5,0.7908271474019088,0.3033985013552648,0.37681159420289856,0.3939393939393939,0.3611111111111111,C0_fixed0.50,0.5
wine_quality,ADASYN,RF,0,5,0.012000083923339844,0.3209972381591797,7542,0.49986740917528505,0.8605371012582042,0.19300117913126957,0.2753623188405797,0.18811881188118812,0.5135135135135135,C0_fixed0.50,0.5
wine_quality,ADASYN,LGBM,0,5,0.012000083923339844,0.07000017166137695,7542,0.49986740917528505,0.8738643203118284,0.21451263950926214,0.2608695652173913,0.19230769230769232,0.40540540540540543,C0_fixed0.50,0.5
wine_quality,ADASYN,MLP,0,5,0.012000083923339844,9.150001049041748,7542,0.49986740917528505,0.7852741394628987,0.2544421176364988,0.3655913978494624,0.30357142857142855,0.4594594594594595,C0_fixed0.50,0.5
wine_quality,ADASYN,RF,1,5,0.012000799179077148,0.3359956741333008,7548,0.5002649708532061,0.8667851308360321,0.3276635366954213,0.32394366197183094,0.21904761904761905,0.6216216216216216,C0_fixed0.50,0.5
wine_quality,ADASYN,LGBM,1,5,0.012000799179077148,0.05599856376647949,7548,0.5002649708532061,0.8761858358889112,0.32685073592266634,0.42718446601941745,0.3333333333333333,0.5945945945945946,C0_fixed0.50,0.5
wine_quality,ADASYN,MLP,1,5,0.012000799179077148,10.29800033569336,7548,0.5002649708532061,0.8503052363073572,0.3937621803610028,0.42857142857142855,0.3829787234042553,0.4864864864864865,C0_fixed0.50,0.5
wine_quality,ADASYN,RF,2,5,0.01100015640258789,0.33899974822998047,7542,0.49986740917528505,0.8513083603221461,0.23189970335353452,0.3063063063063063,0.22972972972972974,0.4594594594594595,C0_fixed0.50,0.5
wine_quality,ADASYN,LGBM,2,5,0.01100015640258789,0.06300044059753418,7542,0.49986740917528505,0.855120231578344,0.32546515159515793,0.3181818181818182,0.27450980392156865,0.3783783783783784,C0_fixed0.50,0.5
wine_quality,ADASYN,MLP,2,5,0.01100015640258789,9.731000661849976,7542,0.49986740917528505,0.7522856897194119,0.26420806482689985,0.32876712328767127,0.3333333333333333,0.32432432432432434,C0_fixed0.50,0.5
wine_quality,ADASYN,RF,3,5,0.010999917984008789,0.33899998664855957,7569,0.5016514731140177,0.8421114645929069,0.31907419049211766,0.29508196721311475,0.20930232558139536,0.5,C0_fixed0.50,0.5
wine_quality,ADASYN,LGBM,3,5,0.010999917984008789,0.06399941444396973,7569,0.5016514731140177,0.8525097207493815,0.28887031067221575,0.32,0.25,0.4444444444444444,C0_fixed0.50,0.5
wine_quality,ADASYN,MLP,3,5,0.010999917984008789,8.946000814437866,7569,0.5016514731140177,0.6869918699186992,0.2183776761700926,0.27692307692307694,0.3103448275862069,0.25,C0_fixed0.50,0.5
wine_quality,ADASYN,RF,4,5,0.010999441146850586,0.33794641494750977,7603,0.5038800473497304,0.8282373041121716,0.33037210708956677,0.34545454545454546,0.25675675675675674,0.5277777777777778,C0_fixed0.50,0.5
wine_quality,ADASYN,LGBM,4,5,0.010999441146850586,0.06200075149536133,7603,0.5038800473497304,0.8153646753858843,0.3157629251072275,0.4077669902912622,0.31343283582089554,0.5833333333333334,C0_fixed0.50,0.5
wine_quality,ADASYN,MLP,4,5,0.010999441146850586,11.72400188446045,7603,0.5038800473497304,0.8228172499116295,0.2866983459289025,0.3661971830985915,0.37142857142857144,0.3611111111111111,C0_fixed0.50,0.5
wine_quality,G-SMOTE,RF,0,5,0.23399710655212402,0.3580000400543213,7544,0.5,0.8619701355650453,0.20856776871095203,0.22950819672131148,0.16470588235294117,0.3783783783783784,C0_fixed0.50,0.5
wine_quality,G-SMOTE,LGBM,0,5,0.23399710655212402,0.06600022315979004,7544,0.5,0.875240033246396,0.27379512655805327,0.2962962962962963,0.22535211267605634,0.43243243243243246,C0_fixed0.50,0.5
wine_quality,G-SMOTE,MLP,0,5,0.23399710655212402,9.242000579833984,7544,0.5,0.7856753890688143,0.281043241560956,0.4137931034482759,0.36,0.4864864864864865,C0_fixed0.50,0.5
wine_quality,G-SMOTE,RF,1,5,0.2650001049041748,0.35200023651123047,7544,0.5,0.866154595741022,0.3328027736495819,0.3484848484848485,0.24210526315789474,0.6216216216216216,C0_fixed0.50,0.5
wine_quality,G-SMOTE,LGBM,1,5,0.2650001049041748,0.0690000057220459,7544,0.5,0.873405749333639,0.3310934507579919,0.4,0.2948717948717949,0.6216216216216216,C0_fixed0.50,0.5
wine_quality,G-SMOTE,MLP,1,5,0.2650001049041748,8.200000762939453,7544,0.5,0.7636639821157318,0.379256030936929,0.41463414634146345,0.37777777777777777,0.4594594594594595,C0_fixed0.50,0.5
wine_quality,G-SMOTE,RF,2,5,0.26999974250793457,0.34400033950805664,7544,0.5,0.8587314780315841,0.2702020879124068,0.30612244897959184,0.2459016393442623,0.40540540540540543,C0_fixed0.50,0.5
wine_quality,G-SMOTE,LGBM,2,5,0.26999974250793457,0.06599998474121094,7544,0.5,0.8511650568914619,0.24895544916633258,0.3023255813953489,0.2653061224489796,0.35135135135135137,C0_fixed0.50,0.5
wine_quality,G-SMOTE,MLP,2,5,0.26999974250793457,8.37800121307373,7544,0.5,0.7606546100713651,0.28651634763245376,0.3655913978494624,0.30357142857142855,0.4594594594594595,C0_fixed0.50,0.5
wine_quality,G-SMOTE,RF,3,5,0.30699801445007324,0.3269996643066406,7544,0.5,0.8526864616472252,0.33639720925271266,0.34951456310679613,0.26865671641791045,0.5,C0_fixed0.50,0.5
wine_quality,G-SMOTE,LGBM,3,5,0.30699801445007324,0.06200122833251953,7544,0.5,0.8341286673736302,0.2521286446343719,0.33707865168539325,0.2830188679245283,0.4166666666666667,C0_fixed0.50,0.5
wine_quality,G-SMOTE,MLP,3,5,0.30699801445007324,7.07499885559082,7544,0.5,0.6387121479910451,0.2509414889070857,0.22535211267605634,0.22857142857142856,0.2222222222222222,C0_fixed0.50,0.5
wine_quality,G-SMOTE,RF,4,5,0.26000094413757324,0.3189990520477295,7544,0.5,0.8449982325910217,0.3900407185840747,0.4489795918367347,0.3548387096774194,0.6111111111111112,C0_fixed0.50,0.5
wine_quality,G-SMOTE,LGBM,4,5,0.26000094413757324,0.06800031661987305,7544,0.5,0.8278543655001767,0.33808909710914586,0.4158415841584158,0.3230769230769231,0.5833333333333334,C0_fixed0.50,0.5
wine_quality,G-SMOTE,MLP,4,5,0.26000094413757324,7.173999309539795,7544,0.5,0.7874985271591847,0.24480772389035965,0.36923076923076925,0.41379310344827586,0.3333333333333333,C0_fixed0.50,0.5
wine_quality,CTGAN,RF,0,5,2.319509267807007,0.2969999313354492,7544,0.5,0.7882118597919234,0.13015714432964492,0.07407407407407408,0.11764705882352941,0.05405405405405406,C0_fixed0.50,0.5
wine_quality,CTGAN,LGBM,0,5,2.319509267807007,0.06300020217895508,7544,0.5,0.8367773924507753,0.16877811763136558,0.1935483870967742,0.24,0.16216216216216217,C0_fixed0.50,0.5
wine_quality,CTGAN,MLP,0,5,2.319509267807007,11.890000581741333,7544,0.5,0.8303573987561262,0.21489013022978126,0.3157894736842105,0.3076923076923077,0.32432432432432434,C0_fixed0.50,0.5
wine_quality,CTGAN,RF,1,5,2.557997941970825,0.29199981689453125,7544,0.5,0.840374308560947,0.1835806952462804,0.14035087719298245,0.2,0.10810810810810811,C0_fixed0.50,0.5
wine_quality,CTGAN,LGBM,1,5,2.557997941970825,0.054000139236450195,7544,0.5,0.8751540511879855,0.32324645248880934,0.2950819672131148,0.375,0.24324324324324326,C0_fixed0.50,0.5
wine_quality,CTGAN,MLP,1,5,2.557997941970825,10.021000146865845,7544,0.5,0.8329655211945776,0.321661175897322,0.48571428571428577,0.5151515151515151,0.4594594594594595,C0_fixed0.50,0.5
wine_quality,CTGAN,RF,2,5,2.5135083198547363,0.2940030097961426,7544,0.5,0.8737783382534179,0.254473850626375,0.15384615384615385,0.26666666666666666,0.10810810810810811,C0_fixed0.50,0.5
wine_quality,CTGAN,LGBM,2,5,2.5135083198547363,0.06999945640563965,7544,0.5,0.8662119171132957,0.25348097258430846,0.1568627450980392,0.2857142857142857,0.10810810810810811,C0_fixed0.50,0.5
wine_quality,CTGAN,MLP,2,5,2.5135083198547363,11.453001499176025,7544,0.5,0.7556389899974205,0.14446785361201378,0.16949152542372883,0.22727272727272727,0.13513513513513514,C0_fixed0.50,0.5
wine_quality,CTGAN,RF,3,5,2.3910000324249268,0.29199981689453125,7544,0.5,0.7893543065865442,0.12007761307853565,0.0606060606060606,0.06666666666666667,0.05555555555555555,C0_fixed0.50,0.5
wine_quality,CTGAN,LGBM,3,5,2.3910000324249268,0.06399989128112793,7544,0.5,0.8307705903145988,0.1532933906259484,0.09836065573770492,0.12,0.08333333333333333,C0_fixed0.50,0.5
wine_quality,CTGAN,MLP,3,5,2.3910000324249268,11.464231014251709,7544,0.5,0.7575114881583598,0.15763378987176957,0.24657534246575344,0.24324324324324326,0.25,C0_fixed0.50,0.5
wine_quality,CTGAN,RF,4,5,2.4569997787475586,0.3100001811981201,7544,0.5,0.7730352303523035,0.1656235907873455,0.25,0.25,0.25,C0_fixed0.50,0.5
wine_quality,CTGAN,LGBM,4,5,2.4569997787475586,0.0670003890991211,7544,0.5,0.8285613290915519,0.19336865826812522,0.24657534246575344,0.24324324324324326,0.25,C0_fixed0.50,0.5
wine_quality,CTGAN,MLP,4,5,2.4569997787475586,11.113738059997559,7544,0.5,0.8051137033109462,0.2382980303629464,0.325,0.29545454545454547,0.3611111111111111,C0_fixed0.50,0.5
wine_quality,TVAE,RF,0,5,1.5239996910095215,0.34399986267089844,7544,0.5,0.8368060531369121,0.12426342067809537,0.19999999999999998,0.13592233009708737,0.3783783783783784,C0_fixed0.50,0.5
wine_quality,TVAE,LGBM,0,5,1.5239996910095215,0.06299996376037598,7544,0.5,0.8545470178556075,0.17315066417204003,0.27848101265822783,0.2619047619047619,0.2972972972972973,C0_fixed0.50,0.5
wine_quality,TVAE,MLP,0,5,1.5239996910095215,16.647000312805176,7544,0.5,0.8982259035281305,0.2183681852292234,0.35897435897435903,0.2625,0.5675675675675675,C0_fixed0.50,0.5
wine_quality,TVAE,RF,1,5,1.5840201377868652,0.32000088691711426,7544,0.5,0.8590180848929524,0.20252764363847692,0.2823529411764706,0.25,0.32432432432432434,C0_fixed0.50,0.5
wine_quality,TVAE,LGBM,1,5,1.5840201377868652,0.06100034713745117,7544,0.5,0.8634604912441605,0.2410847774444091,0.21621621621621623,0.21621621621621623,0.21621621621621623,C0_fixed0.50,0.5
wine_quality,TVAE,MLP,1,5,1.5840201377868652,13.14600133895874,7544,0.5,0.8635178126164341,0.33495235868945267,0.4554455445544554,0.359375,0.6216216216216216,C0_fixed0.50,0.5
wine_quality,TVAE,RF,2,5,1.5530002117156982,0.3269999027252197,7544,0.5,0.8349144478518815,0.16220815598563776,0.16666666666666666,0.14893617021276595,0.1891891891891892,C0_fixed0.50,0.5
wine_quality,TVAE,LGBM,2,5,1.5530002117156982,0.06000018119812012,7544,0.5,0.8582442463672582,0.15898909615053855,0.18666666666666668,0.18421052631578946,0.1891891891891892,C0_fixed0.50,0.5
wine_quality,TVAE,MLP,2,5,1.5530002117156982,12.599000692367554,7544,0.5,0.7426270384913015,0.18870988684919499,0.3,0.27906976744186046,0.32432432432432434,C0_fixed0.50,0.5
wine_quality,TVAE,RF,3,5,1.6040022373199463,0.3269975185394287,7544,0.5,0.7952456698480028,0.11641288020248715,0.12195121951219512,0.10869565217391304,0.1388888888888889,C0_fixed0.50,0.5
wine_quality,TVAE,LGBM,3,5,1.6040022373199463,0.059999942779541016,7544,0.5,0.7617238128903027,0.13276458632256247,0.19999999999999998,0.20588235294117646,0.19444444444444445,C0_fixed0.50,0.5
wine_quality,TVAE,MLP,3,5,1.6040022373199463,12.94900107383728,7544,0.5,0.6630729350771768,0.11551378235440679,0.22222222222222224,0.2,0.25,C0_fixed0.50,0.5
wine_quality,TVAE,RF,4,5,1.5099999904632568,0.3120005130767822,7544,0.5,0.7733592553316837,0.11406118388364109,0.1797752808988764,0.1509433962264151,0.2222222222222222,C0_fixed0.50,0.5
wine_quality,TVAE,LGBM,4,5,1.5099999904632568,0.07300043106079102,7544,0.5,0.8147460822434311,0.14800826966074082,0.12903225806451615,0.15384615384615385,0.1111111111111111,C0_fixed0.50,0.5
wine_quality,TVAE,MLP,4,5,1.5099999904632568,15.760000705718994,7544,0.5,0.7996641922940968,0.2567109203471607,0.3296703296703296,0.2727272727272727,0.4166666666666667,C0_fixed0.50,0.5
wine_quality,GMMSampling,RF,0,5,0.8979992866516113,0.2760000228881836,3917,0.499872351289252,0.8775615488234789,0.23353353432319976,0.25327510917030566,0.15104166666666666,0.7837837837837838,C0_fixed0.50,
wine_quality,GMMSampling,LGBM,0,5,0.8979992866516113,0.06600117683410645,3917,0.499872351289252,0.8945286750164798,0.28666731331535955,0.26976744186046514,0.16292134831460675,0.7837837837837838,C0_fixed0.50,
wine_quality,GMMSampling,MLP,0,5,0.8979992866516113,8.64400053024292,3917,0.499872351289252,0.8829210971310654,0.3384931856575581,0.2578125,0.1506849315068493,0.8918918918918919,C0_fixed0.50,
wine_quality,GMMSampling,RF,1,5,0.8160669803619385,0.2780001163482666,3917,0.499872351289252,0.8290963285661059,0.2441713890330637,0.2290748898678414,0.1368421052631579,0.7027027027027027,C0_fixed0.50,
wine_quality,GMMSampling,LGBM,1,5,0.8160669803619385,0.06200051307678223,3917,0.499872351289252,0.8277492763176751,0.22818913392581217,0.2254901960784314,0.1377245508982036,0.6216216216216216,C0_fixed0.50,
wine_quality,GMMSampling,MLP,1,5,0.8160669803619385,8.672000408172607,3917,0.499872351289252,0.8517382706141985,0.3038786160653599,0.21333333333333332,0.12167300380228137,0.8648648648648649,C0_fixed0.50,
wine_quality,GMMSampling,RF,2,5,0.6490001678466797,0.27300024032592773,3918,0.5,0.8482416669055057,0.22306403463760993,0.2549019607843137,0.15568862275449102,0.7027027027027027,C0_fixed0.50,
wine_quality,GMMSampling,LGBM,2,5,0.6490001678466797,0.06500005722045898,3918,0.5,0.8313891834570519,0.1762918231778406,0.2513089005235602,0.15584415584415584,0.6486486486486487,C0_fixed0.50,
wine_quality,GMMSampling,MLP,2,5,0.6490001678466797,8.458000421524048,3918,0.5,0.7757301309793356,0.18798978667025554,0.19753086419753088,0.11650485436893204,0.6486486486486487,C0_fixed0.50,
wine_quality,GMMSampling,RF,3,5,0.597998857498169,0.2700002193450928,3918,0.5,0.8250854247672912,0.1628096424157331,0.22105263157894736,0.13636363636363635,0.5833333333333334,C0_fixed0.50,
wine_quality,GMMSampling,LGBM,3,5,0.597998857498169,0.06299901008605957,3918,0.5,0.8142158595498998,0.1428031862834011,0.20105820105820107,0.12418300653594772,0.5277777777777778,C0_fixed0.50,
wine_quality,GMMSampling,MLP,3,5,0.597998857498169,7.3750011920928955,3918,0.5,0.7950983857664664,0.13751431457164093,0.21259842519685038,0.12385321100917432,0.75,C0_fixed0.50,
wine_quality,GMMSampling,RF,4,5,0.628000020980835,0.26400160789489746,3918,0.5,0.8250854247672911,0.25534525145376186,0.24615384615384617,0.1509433962264151,0.6666666666666666,C0_fixed0.50,
wine_quality,GMMSampling,LGBM,4,5,0.628000020980835,0.053999900817871094,3918,0.5,0.8154825026511134,0.19589320308370978,0.24615384615384617,0.1509433962264151,0.6666666666666666,C0_fixed0.50,
wine_quality,GMMSampling,MLP,4,5,0.628000020980835,8.717268466949463,3918,0.5,0.8041416283728056,0.15306640978845176,0.20491803278688522,0.1201923076923077,0.6944444444444444,C0_fixed0.50,
wine_quality,SMOTE,RF,0,5,0.0010004043579101562,0.2519991397857666,4715,0.2,0.8592760310681837,0.2063843457448952,0.205607476635514,0.15714285714285714,0.2972972972972973,C1_grid,0.2
wine_quality,SMOTE,LGBM,0,5,0.0010004043579101562,0.06299996376037598,4715,0.2,0.8657533461351065,0.23697974246696357,0.26785714285714285,0.2,0.40540540540540543,C1_grid,0.2
wine_quality,SMOTE,MLP,0,5,0.0010004043579101562,7.49576473236084,4715,0.2,0.7822361067323952,0.30982537512839126,0.425,0.3953488372093023,0.4594594594594595,C1_grid,0.2
wine_quality,SMOTE,RF,1,5,0.001999378204345703,0.25408220291137695,4715,0.2,0.8742655699177438,0.3775181797175765,0.3539823008849558,0.2631578947368421,0.5405405405405406,C1_grid,0.2
wine_quality,SMOTE,LGBM,1,5,0.001999378204345703,0.06500029563903809,4715,0.2,0.8924651056146284,0.4060959731064039,0.4424778761061947,0.32894736842105265,0.6756756756756757,C1_grid,0.2
wine_quality,SMOTE,MLP,1,5,0.001999378204345703,7.053000450134277,4715,0.2,0.7920667220773264,0.375709878473612,0.4,0.39473684210526316,0.40540540540540543,C1_grid,0.2
wine_quality,SMOTE,RF,2,5,0.0010001659393310547,0.24750685691833496,4715,0.2,0.8625146886016452,0.2568029637966561,0.25316455696202533,0.23809523809523808,0.2702702702702703,C1_grid,0.2
wine_quality,SMOTE,LGBM,2,5,0.0010001659393310547,0.056000709533691406,4715,0.2,0.8692786105299362,0.3342039974221453,0.34090909090909094,0.29411764705882354,0.40540540540540543,C1_grid,0.2
wine_quality,SMOTE,MLP,2,5,0.0010001659393310547,6.935014247894287,4715,0.2,0.774354418044768,0.29236559562901504,0.375,0.4444444444444444,0.32432432432432434,C1_grid,0.2
wine_quality,SMOTE,RF,3,5,0.0010001659393310547,0.24299979209899902,4715,0.2,0.8298574290090728,0.2910716151802132,0.3777777777777778,0.3148148148148148,0.4722222222222222,C1_grid,0.2
wine_quality,SMOTE,LGBM,3,5,0.0010001659393310547,0.054999351501464844,4715,0.2,0.8254683633792859,0.2673375525054453,0.34782608695652173,0.2857142857142857,0.4444444444444444,C1_grid,0.2
wine_quality,SMOTE,MLP,3,5,0.0010001659393310547,7.386998653411865,4715,0.2,0.6245728761635443,0.18167962214454172,0.2545454545454545,0.3684210526315789,0.19444444444444445,C1_grid,0.2
wine_quality,SMOTE,RF,4,5,0.0010004043579101562,0.25186848640441895,4715,0.2,0.8344821491693177,0.3414760483722191,0.43373493975903615,0.3829787234042553,0.5,C1_grid,0.2
wine_quality,SMOTE,LGBM,4,5,0.0010004043579101562,0.053999900817871094,4715,0.2,0.8423471191233651,0.36901804366591917,0.46153846153846156,0.35294117647058826,0.6666666666666666,C1_grid,0.2
wine_quality,SMOTE,MLP,4,5,0.0010004043579101562,7.693000316619873,4715,0.2,0.7519736066925888,0.24592567447229544,0.3278688524590164,0.4,0.2777777777777778,C1_grid,0.2
wine_quality,SMOTE,RF,0,5,0.0010004043579101562,0.27208733558654785,5388,0.29992576095025986,0.860221833710699,0.20734341190344466,0.23931623931623935,0.175,0.3783783783783784,C1_grid,0.3
wine_quality,SMOTE,LGBM,0,5,0.0010004043579101562,0.059001922607421875,5388,0.29992576095025986,0.8761571752027744,0.271995650758473,0.27586206896551724,0.20253164556962025,0.43243243243243246,C1_grid,0.3
wine_quality,SMOTE,MLP,0,5,0.0010004043579101562,7.808000564575195,5388,0.29992576095025986,0.8197529448855005,0.32337408560633435,0.42307692307692313,0.3283582089552239,0.5945945945945946,C1_grid,0.3
wine_quality,SMOTE,RF,1,5,0.0019998550415039062,0.26599764823913574,5388,0.29992576095025986,0.8740076237425125,0.34245429739381616,0.3636363636363636,0.2619047619047619,0.5945945945945946,C1_grid,0.3
wine_quality,SMOTE,LGBM,1,5,0.0019998550415039062,0.06600022315979004,5388,0.29992576095025986,0.8742082485454702,0.3664455728007707,0.43859649122807015,0.3246753246753247,0.6756756756756757,C1_grid,0.3
wine_quality,SMOTE,MLP,1,5,0.0019998550415039062,8.528000116348267,5388,0.29992576095025986,0.8010088561520163,0.403896937587639,0.40540540540540543,0.40540540540540543,0.40540540540540543,C1_grid,0.3
wine_quality,SMOTE,RF,2,5,0.0010006427764892578,0.2709996700286865,5388,0.29992576095025986,0.8578716574474793,0.2601102242615562,0.3023255813953489,0.2653061224489796,0.35135135135135137,C1_grid,0.3
wine_quality,SMOTE,LGBM,2,5,0.0010006427764892578,0.06300020217895508,5388,0.29992576095025986,0.8567252300020063,0.2908724058321184,0.29473684210526313,0.2413793103448276,0.3783783783783784,C1_grid,0.3
wine_quality,SMOTE,MLP,2,5,0.0010006427764892578,8.016000509262085,5388,0.29992576095025986,0.7361497234243788,0.24055358089092538,0.2898550724637681,0.3125,0.2702702702702703,C1_grid,0.3
wine_quality,SMOTE,RF,3,5,0.0019998550415039062,0.26800012588500977,5388,0.29992576095025986,0.8426711441027455,0.29226202805976575,0.3469387755102041,0.27419354838709675,0.4722222222222222,C1_grid,0.3
wine_quality,SMOTE,LGBM,3,5,0.0019998550415039062,0.06799983978271484,5388,0.29992576095025986,0.8179274184046189,0.26564803964862593,0.3146067415730337,0.2641509433962264,0.3888888888888889,C1_grid,0.3
wine_quality,SMOTE,MLP,3,5,0.0019998550415039062,7.9840006828308105,5388,0.29992576095025986,0.630670437139154,0.16940270069624064,0.26666666666666666,0.3333333333333333,0.2222222222222222,C1_grid,0.3
wine_quality,SMOTE,RF,4,5,0.0009984970092773438,0.27199673652648926,5388,0.29992576095025986,0.8405502533286202,0.34093065070766765,0.44680851063829785,0.3620689655172414,0.5833333333333334,C1_grid,0.3
wine_quality,SMOTE,LGBM,4,5,0.0009984970092773438,0.06100010871887207,5388,0.29992576095025986,0.8467067279368445,0.35241153306349177,0.411214953271028,0.30985915492957744,0.6111111111111112,C1_grid,0.3
wine_quality,SMOTE,MLP,4,5,0.0009984970092773438,7.072149276733398,5388,0.29992576095025986,0.7752739483916578,0.24490311841264845,0.3508771929824561,0.47619047619047616,0.2777777777777778,C1_grid,0.3
wine_quality,SMOTE,RF,0,5,0.002000093460083008,0.2909975051879883,6286,0.39993636652879416,0.8589894242068155,0.20049191142441536,0.25862068965517243,0.189873417721519,0.40540540540540543,C1_grid,0.4
wine_quality,SMOTE,LGBM,0,5,0.002000093460083008,0.06999969482421875,6286,0.39993636652879416,0.8619701355650454,0.23923381324926815,0.2641509433962264,0.2028985507246377,0.3783783783783784,C1_grid,0.4
wine_quality,SMOTE,MLP,0,5,0.002000093460083008,8.243000745773315,6286,0.39993636652879416,0.8111260783583157,0.34310863461143914,0.4395604395604396,0.37037037037037035,0.5405405405405406,C1_grid,0.4
wine_quality,SMOTE,RF,1,5,0.002000570297241211,0.28368282318115234,6286,0.39993636652879416,0.8728611962970394,0.33675194026580907,0.31746031746031744,0.2247191011235955,0.5405405405405406,C1_grid,0.4
wine_quality,SMOTE,LGBM,1,5,0.002000570297241211,0.06899571418762207,6286,0.39993636652879416,0.8635464733025708,0.3312116924989916,0.4150943396226415,0.3188405797101449,0.5945945945945946,C1_grid,0.4
wine_quality,SMOTE,MLP,1,5,0.002000570297241211,7.946000099182129,6286,0.39993636652879416,0.7945315410850936,0.3382601136563689,0.4473684210526316,0.4358974358974359,0.4594594594594595,C1_grid,0.4
wine_quality,SMOTE,RF,2,5,0.002000093460083008,0.2833261489868164,6286,0.39993636652879416,0.8588174600899946,0.2626742835650222,0.32323232323232326,0.25806451612903225,0.43243243243243246,C1_grid,0.4
wine_quality,SMOTE,LGBM,2,5,0.002000093460083008,0.06299829483032227,6286,0.39993636652879416,0.8555788025565332,0.2849682822560886,0.33707865168539325,0.28846153846153844,0.40540540540540543,C1_grid,0.4
wine_quality,SMOTE,MLP,2,5,0.002000093460083008,8.654000282287598,6286,0.39993636652879416,0.7645524633859735,0.23485858024064316,0.3333333333333333,0.43478260869565216,0.2702702702702703,C1_grid,0.4
wine_quality,SMOTE,RF,3,5,0.0010001659393310547,0.296999454498291,6286,0.39993636652879416,0.8393425238600212,0.2823211969256618,0.3269230769230769,0.25,0.4722222222222222,C1_grid,0.4
wine_quality,SMOTE,LGBM,3,5,0.0010001659393310547,0.0709986686706543,6286,0.39993636652879416,0.8174561093437022,0.242160529109138,0.36170212765957444,0.29310344827586204,0.4722222222222222,C1_grid,0.4
wine_quality,SMOTE,MLP,3,5,0.0010001659393310547,7.857001066207886,6286,0.39993636652879416,0.6617473783433487,0.21258674316571755,0.2711864406779661,0.34782608695652173,0.2222222222222222,C1_grid,0.4
wine_quality,SMOTE,RF,4,5,0.002000093460083008,0.2839999198913574,6286,0.39993636652879416,0.8396370920230942,0.35593004227834063,0.41904761904761906,0.3188405797101449,0.6111111111111112,C1_grid,0.4
wine_quality,SMOTE,LGBM,4,5,0.002000093460083008,0.07200026512145996,6286,0.39993636652879416,0.8334511605985626,0.3110729799267797,0.3962264150943397,0.3,0.5833333333333334,C1_grid,0.4
wine_quality,SMOTE,MLP,4,5,0.002000093460083008,8.071744680404663,6286,0.39993636652879416,0.7812831389183457,0.323225794763331,0.4126984126984127,0.48148148148148145,0.3611111111111111,C1_grid,0.4
wine_quality,SMOTE,RF,0,5,0.002000093460083008,0.32599973678588867,7544,0.5,0.8603364764552464,0.22328399706851637,0.26890756302521013,0.1951219512195122,0.43243243243243246,C1_grid,0.5
wine_quality,SMOTE,LGBM,0,5,0.002000093460083008,0.06299972534179688,7544,0.5,0.8619701355650455,0.24260251025394244,0.24074074074074076,0.18309859154929578,0.35135135135135137,C1_grid,0.5
wine_quality,SMOTE,MLP,0,5,0.002000093460083008,8.365145921707153,7544,0.5,0.7866211917113295,0.27882094297055204,0.3846153846153847,0.36585365853658536,0.40540540540540543,C1_grid,0.5
wine_quality,SMOTE,RF,1,5,0.0019998550415039062,0.3259999752044678,7544,0.5,0.8732911065890918,0.3641459624802469,0.33870967741935487,0.2413793103448276,0.5675675675675675,C1_grid,0.5
wine_quality,SMOTE,LGBM,1,5,0.0019998550415039062,0.0639955997467041,7544,0.5,0.8571838009801955,0.315690318434006,0.3877551020408163,0.3114754098360656,0.5135135135135135,C1_grid,0.5
wine_quality,SMOTE,MLP,1,5,0.0019998550415039062,8.212000608444214,7544,0.5,0.7736665615774841,0.3631688794698735,0.44155844155844154,0.425,0.4594594594594595,C1_grid,0.5
wine_quality,SMOTE,RF,2,5,0.00099945068359375,0.32200002670288086,7544,0.5,0.8634031698718867,0.2601830950398485,0.33707865168539325,0.28846153846153844,0.40540540540540543,C1_grid,0.5
wine_quality,SMOTE,LGBM,2,5,0.00099945068359375,0.07500028610229492,7544,0.5,0.8727465535524921,0.32588131334430287,0.3448275862068966,0.3,0.40540540540540543,C1_grid,0.5
wine_quality,SMOTE,MLP,2,5,0.00099945068359375,7.703001499176025,7544,0.5,0.7511106015878021,0.25177748215288037,0.4000000000000001,0.42424242424242425,0.3783783783783784,C1_grid,0.5
wine_quality,SMOTE,RF,3,5,0.0009996891021728516,0.33098864555358887,7544,0.5,0.8414045010015317,0.29570932381777215,0.3063063063063063,0.22666666666666666,0.4722222222222222,C1_grid,0.5
wine_quality,SMOTE,LGBM,3,5,0.0009996891021728516,0.06699943542480469,7544,0.5,0.8267350064804995,0.2838416725922183,0.33333333333333337,0.2777777777777778,0.4166666666666667,C1_grid,0.5
wine_quality,SMOTE,MLP,3,5,0.0009996891021728516,9.812000513076782,7544,0.5,0.6562684105101921,0.19045002821996998,0.26229508196721313,0.32,0.2222222222222222,C1_grid,0.5
wine_quality,SMOTE,RF,4,5,0.002000093460083008,0.3309972286224365,7544,0.5,0.8467361847531518,0.3654279054594084,0.4271844660194175,0.3283582089552239,0.6111111111111112,C1_grid,0.5
wine_quality,SMOTE,LGBM,4,5,0.002000093460083008,0.06899642944335938,7544,0.5,0.8244962884411453,0.37449637603415553,0.43478260869565216,0.35714285714285715,0.5555555555555556,C1_grid,0.5
wine_quality,SMOTE,MLP,4,5,0.002000093460083008,9.743000268936157,7544,0.5,0.7908271474019088,0.3033985013552648,0.37681159420289856,0.3939393939393939,0.3611111111111111,C1_grid,0.5
wine_quality,ADASYN,RF,0,5,0.010999917984008789,0.25002145767211914,4736,0.20354729729729729,0.8707116448367773,0.19441441702863338,0.288135593220339,0.20987654320987653,0.4594594594594595,C1_grid,0.2
wine_quality,ADASYN,LGBM,0,5,0.010999917984008789,0.056999921798706055,4736,0.20354729729729729,0.8729758390415867,0.22480878857948225,0.29565217391304344,0.21794871794871795,0.4594594594594595,C1_grid,0.2
wine_quality,ADASYN,MLP,0,5,0.010999917984008789,8.76500129699707,4736,0.20354729729729729,0.7824940529076266,0.30590137889454533,0.425,0.3953488372093023,0.4594594594594595,C1_grid,0.2
wine_quality,ADASYN,RF,1,5,0.01100015640258789,0.24200201034545898,4701,0.19761752818549244,0.8653234358430542,0.3515312223123091,0.3125,0.21978021978021978,0.5405405405405406,C1_grid,0.2
wine_quality,ADASYN,LGBM,1,5,0.01100015640258789,0.06200122833251953,4701,0.19761752818549244,0.8762718179473217,0.34942427408104965,0.4193548387096775,0.2988505747126437,0.7027027027027027,C1_grid,0.2
wine_quality,ADASYN,MLP,1,5,0.01100015640258789,8.414998769760132,4701,0.19761752818549244,0.8266601702444756,0.38643991216566137,0.4102564102564103,0.3902439024390244,0.43243243243243246,C1_grid,0.2
wine_quality,ADASYN,RF,2,5,0.010999679565429688,0.25800013542175293,4733,0.2030424677794211,0.8644636152589492,0.2650388107212932,0.27586206896551724,0.24,0.32432432432432434,C1_grid,0.2
wine_quality,ADASYN,LGBM,2,5,0.010999679565429688,0.0579986572265625,4733,0.2030424677794211,0.8804562781232983,0.3003715757691992,0.3333333333333333,0.26153846153846155,0.4594594594594595,C1_grid,0.2
wine_quality,ADASYN,MLP,2,5,0.010999679565429688,7.723117113113403,4733,0.2030424677794211,0.7452351609297527,0.24836115833055794,0.34782608695652173,0.375,0.32432432432432434,C1_grid,0.2
wine_quality,ADASYN,RF,3,5,0.012000322341918945,0.25499796867370605,4709,0.19898067530261201,0.8353363968422294,0.3879724119090316,0.3366336633663366,0.26153846153846155,0.4722222222222222,C1_grid,0.2
wine_quality,ADASYN,LGBM,3,5,0.012000322341918945,0.056000471115112305,4709,0.19898067530261201,0.8253210792977494,0.25613282948775856,0.2884615384615385,0.22058823529411764,0.4166666666666667,C1_grid,0.2
wine_quality,ADASYN,MLP,3,5,0.012000322341918945,8.461059808731079,4709,0.19898067530261201,0.6433663249675975,0.21535883778241036,0.3,0.375,0.25,C1_grid,0.2
wine_quality,ADASYN,RF,4,5,0.009999990463256836,0.24699997901916504,4676,0.19332763045337895,0.8426711441027455,0.36879607842804313,0.38383838383838387,0.30158730158730157,0.5277777777777778,C1_grid,0.2
wine_quality,ADASYN,LGBM,4,5,0.009999990463256836,0.057999610900878906,4676,0.19332763045337895,0.842023094143985,0.375104793393606,0.4035087719298245,0.2948717948717949,0.6388888888888888,C1_grid,0.2
wine_quality,ADASYN,MLP,4,5,0.009999990463256836,7.730000734329224,4676,0.19332763045337895,0.7808118298574291,0.31876122955816283,0.375,0.42857142857142855,0.3333333333333333,C1_grid,0.2
wine_quality,ADASYN,RF,0,5,0.011000394821166992,0.2689995765686035,5379,0.2987544153188325,0.8674156659310424,0.21371792509995732,0.2857142857142857,0.19791666666666666,0.5135135135135135,C1_grid,0.3
wine_quality,ADASYN,LGBM,0,5,0.011000394821166992,0.06100034713745117,5379,0.2987544153188325,0.8604797798859305,0.25098298690112447,0.3220338983050847,0.2345679012345679,0.5135135135135135,C1_grid,0.3
wine_quality,ADASYN,MLP,0,5,0.011000394821166992,7.9790003299713135,5379,0.2987544153188325,0.8150812530451981,0.3170078651636064,0.44,0.3492063492063492,0.5945945945945946,C1_grid,0.3
wine_quality,ADASYN,RF,1,5,0.010999917984008789,0.2719995975494385,5348,0.29468960359012714,0.8701384311140409,0.33294373660630244,0.3484848484848485,0.24210526315789474,0.6216216216216216,C1_grid,0.3
wine_quality,ADASYN,LGBM,1,5,0.010999917984008789,0.06100058555603027,5348,0.29468960359012714,0.883952881831991,0.33665022616976825,0.4,0.2891566265060241,0.6486486486486487,C1_grid,0.3
wine_quality,ADASYN,MLP,1,5,0.010999917984008789,8.326001167297363,5348,0.29468960359012714,0.8296982029749793,0.3912534958149954,0.4358974358974359,0.4146341463414634,0.4594594594594595,C1_grid,0.3
wine_quality,ADASYN,RF,2,5,0.011000633239746094,0.2700037956237793,5381,0.29901505296413305,0.8501905935628099,0.24389628676244915,0.26262626262626265,0.20967741935483872,0.35135135135135137,C1_grid,0.3
wine_quality,ADASYN,LGBM,2,5,0.011000633239746094,0.062000274658203125,5381,0.29901505296413305,0.8720013757129347,0.2830333295056555,0.3043478260869565,0.2545454545454545,0.3783783783783784,C1_grid,0.3
wine_quality,ADASYN,MLP,2,5,0.011000633239746094,8.954001426696777,5381,0.29901505296413305,0.7226218795677968,0.22627998832607968,0.2857142857142857,0.34615384615384615,0.24324324324324326,C1_grid,0.3
wine_quality,ADASYN,RF,3,5,0.01200103759765625,0.259995698928833,5353,0.2953484027648048,0.8429951690821256,0.31468754339754573,0.3063063063063063,0.22666666666666666,0.4722222222222222,C1_grid,0.3
wine_quality,ADASYN,LGBM,3,5,0.01200103759765625,0.06999993324279785,5353,0.2953484027648048,0.841728525980912,0.2849333017896019,0.3703703703703704,0.2777777777777778,0.5555555555555556,C1_grid,0.3
wine_quality,ADASYN,MLP,3,5,0.01200103759765625,7.663000583648682,5353,0.2953484027648048,0.6635737009544009,0.17034008652751434,0.23728813559322037,0.30434782608695654,0.19444444444444445,C1_grid,0.3
wine_quality,ADASYN,RF,4,5,0.011000394821166992,0.28499937057495117,5405,0.3021276595744681,0.8388123011664899,0.33071153783034324,0.36363636363636365,0.2702702702702703,0.5555555555555556,C1_grid,0.3
wine_quality,ADASYN,LGBM,4,5,0.011000394821166992,0.06800031661987305,5405,0.3021276595744681,0.8407859078590787,0.3166915905367899,0.38596491228070173,0.28205128205128205,0.6111111111111112,C1_grid,0.3
wine_quality,ADASYN,MLP,4,5,0.011000394821166992,9.044000625610352,5405,0.3021276595744681,0.7753328620242725,0.3125714086439136,0.42857142857142855,0.4411764705882353,0.4166666666666667,C1_grid,0.3
wine_quality,ADASYN,RF,0,5,0.010999917984008789,0.309999942779541,6334,0.40448373855383646,0.8637184374193918,0.20995440855621383,0.30075187969924816,0.20833333333333334,0.5405405405405406,C1_grid,0.4
wine_quality,ADASYN,LGBM,0,5,0.010999917984008789,0.07299995422363281,6334,0.40448373855383646,0.867988879653779,0.23500329935304723,0.2931034482758621,0.21518987341772153,0.4594594594594595,C1_grid,0.4
wine_quality,ADASYN,MLP,0,5,0.010999917984008789,9.855999231338501,6334,0.40448373855383646,0.7798572697830385,0.25875049859572574,0.36363636363636365,0.2903225806451613,0.4864864864864865,C1_grid,0.4
wine_quality,ADASYN,RF,1,5,0.010999917984008789,0.28999996185302734,6264,0.39782886334610473,0.862543349287782,0.3189956851605167,0.3283582089552239,0.2268041237113402,0.5945945945945946,C1_grid,0.4
wine_quality,ADASYN,LGBM,1,5,0.010999917984008789,0.069000244140625,6264,0.39782886334610473,0.8687053968071996,0.31835066174971516,0.4380952380952381,0.3382352941176471,0.6216216216216216,C1_grid,0.4
wine_quality,ADASYN,MLP,1,5,0.010999917984008789,7.716956615447998,6264,0.39782886334610473,0.8378664985239745,0.36155469943248275,0.4301075268817204,0.35714285714285715,0.5405405405405406,C1_grid,0.4
wine_quality,ADASYN,RF,2,5,0.012000083923339844,0.28504061698913574,6334,0.40448373855383646,0.8599638875354676,0.23709924450769318,0.28571428571428575,0.22058823529411764,0.40540540540540543,C1_grid,0.4
wine_quality,ADASYN,LGBM,2,5,0.012000083923339844,0.059999942779541016,6334,0.40448373855383646,0.8591613883236364,0.29556534117027533,0.2823529411764706,0.25,0.32432432432432434,C1_grid,0.4
wine_quality,ADASYN,MLP,2,5,0.012000083923339844,10.472001314163208,6334,0.40448373855383646,0.7483878364048036,0.2613861235518927,0.34375,0.4074074074074074,0.2972972972972973,C1_grid,0.4
wine_quality,ADASYN,RF,3,5,0.011999845504760742,0.29399991035461426,6279,0.3992673992673993,0.8380758807588076,0.3277768270611841,0.3025210084033613,0.21686746987951808,0.5,C1_grid,0.4
wine_quality,ADASYN,LGBM,3,5,0.011999845504760742,0.0670003890991211,6279,0.3992673992673993,0.8426416872864382,0.2871467741450237,0.3300970873786408,0.2537313432835821,0.4722222222222222,C1_grid,0.4
wine_quality,ADASYN,MLP,3,5,0.011999845504760742,7.824000597000122,6279,0.3992673992673993,0.6869624131023919,0.19076390440796862,0.2777777777777778,0.2777777777777778,0.2777777777777778,C1_grid,0.4
wine_quality,ADASYN,RF,4,5,0.01100015640258789,0.2999601364135742,6260,0.397444089456869,0.8293566631318489,0.3290717622041366,0.36697247706422015,0.273972602739726,0.5555555555555556,C1_grid,0.4
wine_quality,ADASYN,LGBM,4,5,0.01100015640258789,0.05999946594238281,6260,0.397444089456869,0.8352774832096146,0.3906049636331885,0.43137254901960786,0.3333333333333333,0.6111111111111112,C1_grid,0.4
wine_quality,ADASYN,MLP,4,5,0.01100015640258789,8.702005386352539,6260,0.397444089456869,0.7697066101095793,0.2714008673699972,0.3384615384615385,0.3793103448275862,0.3055555555555556,C1_grid,0.4
wine_quality,ADASYN,RF,0,5,0.011000394821166992,0.3429996967315674,7542,0.49986740917528505,0.8605371012582042,0.19300117913126957,0.2753623188405797,0.18811881188118812,0.5135135135135135,C1_grid,0.5
wine_quality,ADASYN,LGBM,0,5,0.011000394821166992,0.0559992790222168,7542,0.49986740917528505,0.8738643203118284,0.21451263950926214,0.2608695652173913,0.19230769230769232,0.40540540540540543,C1_grid,0.5
wine_quality,ADASYN,MLP,0,5,0.011000394821166992,9.178000450134277,7542,0.49986740917528505,0.7852741394628987,0.2544421176364988,0.3655913978494624,0.30357142857142855,0.4594594594594595,C1_grid,0.5
wine_quality,ADASYN,RF,1,5,0.010999202728271484,0.3419969081878662,7548,0.5002649708532061,0.8667851308360321,0.3276635366954213,0.32394366197183094,0.21904761904761905,0.6216216216216216,C1_grid,0.5
wine_quality,ADASYN,LGBM,1,5,0.010999202728271484,0.07199954986572266,7548,0.5002649708532061,0.8761858358889112,0.32685073592266634,0.42718446601941745,0.3333333333333333,0.5945945945945946,C1_grid,0.5
wine_quality,ADASYN,MLP,1,5,0.010999202728271484,10.316000938415527,7548,0.5002649708532061,0.8503052363073572,0.3937621803610028,0.42857142857142855,0.3829787234042553,0.4864864864864865,C1_grid,0.5
wine_quality,ADASYN,RF,2,5,0.012000083923339844,0.32599973678588867,7542,0.49986740917528505,0.8513083603221461,0.23189970335353452,0.3063063063063063,0.22972972972972974,0.4594594594594595,C1_grid,0.5
wine_quality,ADASYN,LGBM,2,5,0.012000083923339844,0.06099987030029297,7542,0.49986740917528505,0.855120231578344,0.32546515159515793,0.3181818181818182,0.27450980392156865,0.3783783783783784,C1_grid,0.5
wine_quality,ADASYN,MLP,2,5,0.012000083923339844,9.758001804351807,7542,0.49986740917528505,0.7522856897194119,0.26420806482689985,0.32876712328767127,0.3333333333333333,0.32432432432432434,C1_grid,0.5
wine_quality,ADASYN,RF,3,5,0.012000083923339844,0.328035831451416,7569,0.5016514731140177,0.8421114645929069,0.31907419049211766,0.29508196721311475,0.20930232558139536,0.5,C1_grid,0.5
wine_quality,ADASYN,LGBM,3,5,0.012000083923339844,0.06400132179260254,7569,0.5016514731140177,0.8525097207493815,0.28887031067221575,0.32,0.25,0.4444444444444444,C1_grid,0.5
wine_quality,ADASYN,MLP,3,5,0.012000083923339844,8.972640991210938,7569,0.5016514731140177,0.6869918699186992,0.2183776761700926,0.27692307692307694,0.3103448275862069,0.25,C1_grid,0.5
wine_quality,ADASYN,RF,4,5,0.01100015640258789,0.34599947929382324,7603,0.5038800473497304,0.8282373041121716,0.33037210708956677,0.34545454545454546,0.25675675675675674,0.5277777777777778,C1_grid,0.5
wine_quality,ADASYN,LGBM,4,5,0.01100015640258789,0.06300020217895508,7603,0.5038800473497304,0.8153646753858843,0.3157629251072275,0.4077669902912622,0.31343283582089554,0.5833333333333334,C1_grid,0.5
wine_quality,ADASYN,MLP,4,5,0.01100015640258789,11.753000736236572,7603,0.5038800473497304,0.8228172499116295,0.2866983459289025,0.3661971830985915,0.37142857142857144,0.3611111111111111,C1_grid,0.5
wine_quality,G-SMOTE,RF,0,5,0.24599957466125488,0.27300024032592773,4715,0.2,0.8636037946748445,0.22226528259321812,0.24528301886792453,0.18840579710144928,0.35135135135135137,C1_grid,0.2
wine_quality,G-SMOTE,LGBM,0,5,0.24599957466125488,0.0559999942779541,4715,0.2,0.8809721704737612,0.2712985361535415,0.29565217391304344,0.21794871794871795,0.4594594594594595,C1_grid,0.2
wine_quality,G-SMOTE,MLP,0,5,0.24599957466125488,8.080000400543213,4715,0.2,0.8042761743716145,0.33637149573562,0.45,0.4186046511627907,0.4864864864864865,C1_grid,0.2
wine_quality,G-SMOTE,RF,1,5,0.28099918365478516,0.269000768661499,4715,0.2,0.8644922759450862,0.3903220464494072,0.39639639639639646,0.2972972972972973,0.5945945945945946,C1_grid,0.2
wine_quality,G-SMOTE,LGBM,1,5,0.28099918365478516,0.06200075149536133,4715,0.2,0.8618268321343614,0.4081882858908639,0.3928571428571429,0.29333333333333333,0.5945945945945946,C1_grid,0.2
wine_quality,G-SMOTE,MLP,1,5,0.28099918365478516,8.280999898910522,4715,0.2,0.8213006219368891,0.38497907589986297,0.4675324675324675,0.45,0.4864864864864865,C1_grid,0.2
wine_quality,G-SMOTE,RF,2,5,0.26399898529052734,0.2750117778778076,4715,0.2,0.8598779054770571,0.26322060269051134,0.28571428571428575,0.2553191489361702,0.32432432432432434,C1_grid,0.2
wine_quality,G-SMOTE,LGBM,2,5,0.26399898529052734,0.05800008773803711,4715,0.2,0.8735203920781863,0.3378468539752506,0.38554216867469876,0.34782608695652173,0.43243243243243246,C1_grid,0.2
wine_quality,G-SMOTE,MLP,2,5,0.26399898529052734,6.887000799179077,4715,0.2,0.734430082256169,0.27474919291023336,0.2807017543859649,0.4,0.21621621621621623,C1_grid,0.2
wine_quality,G-SMOTE,RF,3,5,0.30700039863586426,0.2499988079071045,4714,0.19983029274501485,0.8386650170849534,0.33127560168975756,0.3655913978494624,0.2982456140350877,0.4722222222222222,C1_grid,0.2
wine_quality,G-SMOTE,LGBM,3,5,0.30700039863586426,0.059000492095947266,4714,0.19983029274501485,0.8356898786379168,0.2533199228503932,0.3296703296703296,0.2727272727272727,0.4166666666666667,C1_grid,0.2
wine_quality,G-SMOTE,MLP,3,5,0.30700039863586426,7.277000188827515,4714,0.19983029274501485,0.642305879580535,0.24271462753010978,0.2909090909090909,0.42105263157894735,0.2222222222222222,C1_grid,0.2
wine_quality,G-SMOTE,RF,4,5,0.2670011520385742,0.24499869346618652,4714,0.19983029274501485,0.8516849298927771,0.35985760723502314,0.39999999999999997,0.3469387755102041,0.4722222222222222,C1_grid,0.2
wine_quality,G-SMOTE,LGBM,4,5,0.2670011520385742,0.05800032615661621,4714,0.19983029274501485,0.8487097914457404,0.3868515864879717,0.4897959183673469,0.3870967741935484,0.6666666666666666,C1_grid,0.2
wine_quality,G-SMOTE,MLP,4,5,0.2670011520385742,5.504000663757324,4714,0.19983029274501485,0.7659066808059385,0.20683529234081544,0.3,0.375,0.25,C1_grid,0.2
wine_quality,G-SMOTE,RF,0,5,0.2649955749511719,0.28799986839294434,5388,0.29992576095025986,0.8557221059872173,0.21079540749147,0.2456140350877193,0.18181818181818182,0.3783783783783784,C1_grid,0.3
wine_quality,G-SMOTE,LGBM,0,5,0.2649955749511719,0.06599998474121094,5388,0.29992576095025986,0.8630019202659712,0.25428257578433083,0.27586206896551724,0.20253164556962025,0.43243243243243246,C1_grid,0.3
wine_quality,G-SMOTE,MLP,0,5,0.2649955749511719,7.276001214981079,5388,0.29992576095025986,0.8041042102547935,0.25508581642176553,0.34210526315789475,0.3333333333333333,0.35135135135135137,C1_grid,0.3
wine_quality,G-SMOTE,RF,1,5,0.2740001678466797,0.28799962997436523,5388,0.29992576095025986,0.8685907540626523,0.34837469505639,0.3577235772357724,0.2558139534883721,0.5945945945945946,C1_grid,0.3
wine_quality,G-SMOTE,LGBM,1,5,0.2740001678466797,0.06199955940246582,5388,0.29992576095025986,0.8735490527643232,0.36620283770220624,0.42857142857142855,0.32,0.6486486486486487,C1_grid,0.3
wine_quality,G-SMOTE,MLP,1,5,0.2740001678466797,6.597001075744629,5388,0.29992576095025986,0.8077441173941705,0.4097994056585905,0.4883720930232558,0.42857142857142855,0.5675675675675675,C1_grid,0.3
wine_quality,G-SMOTE,RF,2,5,0.28600001335144043,0.2990000247955322,5388,0.29992576095025986,0.872259321888166,0.27167562531857825,0.3146067415730337,0.2692307692307692,0.3783783783783784,C1_grid,0.3
wine_quality,G-SMOTE,LGBM,2,5,0.28600001335144043,0.0559999942779541,5388,0.29992576095025986,0.8610243329225302,0.28446304420037255,0.3595505617977528,0.3076923076923077,0.43243243243243246,C1_grid,0.3
wine_quality,G-SMOTE,MLP,2,5,0.28600001335144043,7.325000762939453,5388,0.29992576095025986,0.7560975609756097,0.23243905884595586,0.3188405797101449,0.34375,0.2972972972972973,C1_grid,0.3
wine_quality,G-SMOTE,RF,3,5,0.2830028533935547,0.2630014419555664,5389,0.3000556689552793,0.845440084835631,0.34676575958223493,0.3364485981308411,0.2535211267605634,0.5,C1_grid,0.3
wine_quality,G-SMOTE,LGBM,3,5,0.2830028533935547,0.06099724769592285,5389,0.3000556689552793,0.8239660657476141,0.2610305997261711,0.2916666666666667,0.23333333333333334,0.3888888888888889,C1_grid,0.3
wine_quality,G-SMOTE,MLP,3,5,0.2830028533935547,7.79500150680542,5389,0.3000556689552793,0.6520266289619417,0.21814018800604237,0.29508196721311475,0.36,0.25,C1_grid,0.3
wine_quality,G-SMOTE,RF,4,5,0.29000067710876465,0.26399898529052734,5388,0.29992576095025986,0.8448509485094851,0.34671663529919655,0.4255319148936171,0.3448275862068966,0.5555555555555556,C1_grid,0.3
wine_quality,G-SMOTE,LGBM,4,5,0.29000067710876465,0.06800031661987305,5388,0.29992576095025986,0.835012371862849,0.38985091326420057,0.4077669902912622,0.31343283582089554,0.5833333333333334,C1_grid,0.3
wine_quality,G-SMOTE,MLP,4,5,0.29000067710876465,6.3020007610321045,5388,0.29992576095025986,0.8080593849416755,0.2837861775910214,0.358974358974359,0.3333333333333333,0.3888888888888889,C1_grid,0.3
wine_quality,G-SMOTE,RF,0,5,0.3639998435974121,0.3059999942779541,6286,0.39993636652879416,0.8465220257372962,0.18917656774719604,0.23140495867768593,0.16666666666666666,0.3783783783783784,C1_grid,0.4
wine_quality,G-SMOTE,LGBM,0,5,0.3639998435974121,0.0690000057220459,6286,0.39993636652879416,0.8538305007021869,0.2329743054877696,0.247787610619469,0.18421052631578946,0.3783783783783784,C1_grid,0.4
wine_quality,G-SMOTE,MLP,0,5,0.3639998435974121,8.524001121520996,6286,0.39993636652879416,0.8094924192485168,0.2772537270826537,0.40476190476190477,0.3617021276595745,0.4594594594594595,C1_grid,0.4
wine_quality,G-SMOTE,RF,1,5,0.29399919509887695,0.3119997978210449,6286,0.39993636652879416,0.870281734544725,0.3575646231789766,0.359375,0.25274725274725274,0.6216216216216216,C1_grid,0.4
wine_quality,G-SMOTE,LGBM,1,5,0.29399919509887695,0.0639963150024414,6286,0.39993636652879416,0.8524261270814824,0.29809386155783857,0.42592592592592593,0.323943661971831,0.6216216216216216,C1_grid,0.4
wine_quality,G-SMOTE,MLP,1,5,0.29399919509887695,10.09200143814087,6286,0.39993636652879416,0.7943595769682726,0.3521949089980121,0.43902439024390244,0.4,0.4864864864864865,C1_grid,0.4
wine_quality,G-SMOTE,RF,2,5,0.30699777603149414,0.3079996109008789,6286,0.39993636652879416,0.8646929007480441,0.25375380986609514,0.2916666666666667,0.23728813559322035,0.3783783783783784,C1_grid,0.4
wine_quality,G-SMOTE,LGBM,2,5,0.30699777603149414,0.06100010871887207,6286,0.39993636652879416,0.8638044194778024,0.3183459720013406,0.3146067415730337,0.2692307692307692,0.3783783783783784,C1_grid,0.4
wine_quality,G-SMOTE,MLP,2,5,0.30699777603149414,9.04800033569336,6286,0.39993636652879416,0.7416525751626493,0.19903861895640262,0.27692307692307694,0.32142857142857145,0.24324324324324326,C1_grid,0.4
wine_quality,G-SMOTE,RF,3,5,0.3020014762878418,0.29999828338623047,6287,0.40003181167488466,0.8509779663014022,0.3526426009887044,0.32075471698113206,0.24285714285714285,0.4722222222222222,C1_grid,0.4
wine_quality,G-SMOTE,LGBM,3,5,0.3020014762878418,0.06499671936035156,6287,0.40003181167488466,0.8496229527512666,0.2405085511126978,0.35051546391752575,0.2786885245901639,0.4722222222222222,C1_grid,0.4
wine_quality,G-SMOTE,MLP,3,5,0.3020014762878418,7.371004104614258,6287,0.40003181167488466,0.6476670201484623,0.2469808032611509,0.29850746268656714,0.3225806451612903,0.2777777777777778,C1_grid,0.4
wine_quality,G-SMOTE,RF,4,5,0.2530019283294678,0.2929980754852295,6286,0.39993636652879416,0.8405797101449275,0.3400403389441826,0.40816326530612246,0.3225806451612903,0.5555555555555556,C1_grid,0.4
wine_quality,G-SMOTE,LGBM,4,5,0.2530019283294678,0.07400012016296387,6286,0.39993636652879416,0.8209320136679626,0.3204112732313178,0.41379310344827586,0.35294117647058826,0.5,C1_grid,0.4
wine_quality,G-SMOTE,MLP,4,5,0.2530019283294678,8.760000467300415,6286,0.39993636652879416,0.7727995758218451,0.2851504933915704,0.3714285714285714,0.38235294117647056,0.3611111111111111,C1_grid,0.4
wine_quality,G-SMOTE,RF,0,5,0.261995792388916,0.3510000705718994,7544,0.5,0.8619701355650453,0.20856776871095203,0.22950819672131148,0.16470588235294117,0.3783783783783784,C1_grid,0.5
wine_quality,G-SMOTE,LGBM,0,5,0.261995792388916,0.06900215148925781,7544,0.5,0.875240033246396,0.27379512655805327,0.2962962962962963,0.22535211267605634,0.43243243243243246,C1_grid,0.5
wine_quality,G-SMOTE,MLP,0,5,0.261995792388916,9.361998558044434,7544,0.5,0.7856753890688143,0.281043241560956,0.4137931034482759,0.36,0.4864864864864865,C1_grid,0.5
wine_quality,G-SMOTE,RF,1,5,0.3379995822906494,0.36099958419799805,7544,0.5,0.866154595741022,0.3328027736495819,0.3484848484848485,0.24210526315789474,0.6216216216216216,C1_grid,0.5
wine_quality,G-SMOTE,LGBM,1,5,0.3379995822906494,0.060999393463134766,7544,0.5,0.873405749333639,0.3310934507579919,0.4,0.2948717948717949,0.6216216216216216,C1_grid,0.5
wine_quality,G-SMOTE,MLP,1,5,0.3379995822906494,8.173999309539795,7544,0.5,0.7636639821157318,0.379256030936929,0.41463414634146345,0.37777777777777777,0.4594594594594595,C1_grid,0.5
wine_quality,G-SMOTE,RF,2,5,0.23999977111816406,0.3529999256134033,7544,0.5,0.8587314780315841,0.2702020879124068,0.30612244897959184,0.2459016393442623,0.40540540540540543,C1_grid,0.5
wine_quality,G-SMOTE,LGBM,2,5,0.23999977111816406,0.05899691581726074,7544,0.5,0.8511650568914619,0.24895544916633258,0.3023255813953489,0.2653061224489796,0.35135135135135137,C1_grid,0.5
wine_quality,G-SMOTE,MLP,2,5,0.23999977111816406,8.319000720977783,7544,0.5,0.7606546100713651,0.28651634763245376,0.3655913978494624,0.30357142857142855,0.4594594594594595,C1_grid,0.5
wine_quality,G-SMOTE,RF,3,5,0.3280007839202881,0.31099939346313477,7544,0.5,0.8526864616472252,0.33639720925271266,0.34951456310679613,0.26865671641791045,0.5,C1_grid,0.5
wine_quality,G-SMOTE,LGBM,3,5,0.3280007839202881,0.06495261192321777,7544,0.5,0.8341286673736302,0.2521286446343719,0.33707865168539325,0.2830188679245283,0.4166666666666667,C1_grid,0.5
wine_quality,G-SMOTE,MLP,3,5,0.3280007839202881,7.108043432235718,7544,0.5,0.6387121479910451,0.2509414889070857,0.22535211267605634,0.22857142857142856,0.2222222222222222,C1_grid,0.5
wine_quality,G-SMOTE,RF,4,5,0.2830014228820801,0.32399845123291016,7544,0.5,0.8449982325910217,0.3900407185840747,0.4489795918367347,0.3548387096774194,0.6111111111111112,C1_grid,0.5
wine_quality,G-SMOTE,LGBM,4,5,0.2830014228820801,0.07000017166137695,7544,0.5,0.8278543655001767,0.33808909710914586,0.4158415841584158,0.3230769230769231,0.5833333333333334,C1_grid,0.5
wine_quality,G-SMOTE,MLP,4,5,0.2830014228820801,7.1659996509552,7544,0.5,0.7874985271591847,0.24480772389035965,0.36923076923076925,0.41379310344827586,0.3333333333333333,C1_grid,0.5
wine_quality,CTGAN,RF,0,5,2.1900033950805664,0.2449965476989746,4715,0.2,0.8688773609240206,0.24318373923001202,0.2857142857142857,0.34615384615384615,0.24324324324324326,C1_grid,0.2
wine_quality,CTGAN,LGBM,0,5,2.1900033950805664,0.0619969367980957,4715,0.2,0.8715141440486085,0.29441460223899235,0.36585365853658536,0.3333333333333333,0.40540540540540543,C1_grid,0.2
wine_quality,CTGAN,MLP,0,5,2.1900033950805664,6.823000907897949,4715,0.2,0.8593620131265943,0.24536683472721668,0.2647058823529412,0.2903225806451613,0.24324324324324326,C1_grid,0.2
wine_quality,CTGAN,RF,1,5,2.4489998817443848,0.24100017547607422,4715,0.2,0.8887965377891147,0.3771379966855108,0.3870967741935484,0.48,0.32432432432432434,C1_grid,0.2
wine_quality,CTGAN,LGBM,1,5,2.4489998817443848,0.061000823974609375,4715,0.2,0.891060731993924,0.350957873314179,0.4383561643835616,0.4444444444444444,0.43243243243243246,C1_grid,0.2
wine_quality,CTGAN,MLP,1,5,2.4489998817443848,6.869000434875488,4715,0.2,0.8342265913845978,0.35344650046333115,0.47887323943661975,0.5,0.4594594594594595,C1_grid,0.2
wine_quality,CTGAN,RF,2,5,2.3550047874450684,0.23899531364440918,4715,0.2,0.8771602992175632,0.2323971847159156,0.14545454545454545,0.2222222222222222,0.10810810810810811,C1_grid,0.2
wine_quality,CTGAN,LGBM,2,5,2.3550047874450684,0.05199885368347168,4715,0.2,0.8846407382992749,0.29380458015978506,0.35135135135135137,0.35135135135135137,0.35135135135135137,C1_grid,0.2
wine_quality,CTGAN,MLP,2,5,2.3550047874450684,9.103000402450562,4715,0.2,0.7869364592588346,0.26622002565671365,0.3142857142857143,0.3333333333333333,0.2972972972972973,C1_grid,0.2
wine_quality,CTGAN,RF,3,5,2.489003896713257,0.23399639129638672,4715,0.2,0.7976316719688937,0.22023647726832646,0.2173913043478261,0.5,0.1388888888888889,C1_grid,0.2
wine_quality,CTGAN,LGBM,3,5,2.489003896713257,0.05499672889709473,4715,0.2,0.8123600801225404,0.28513392062529924,0.30769230769230765,0.5,0.2222222222222222,C1_grid,0.2
wine_quality,CTGAN,MLP,3,5,2.489003896713257,9.017000436782837,4715,0.2,0.6906150583244963,0.2259459762064833,0.3333333333333333,0.5,0.25,C1_grid,0.2
wine_quality,CTGAN,RF,4,5,2.371000051498413,0.2370002269744873,4715,0.2,0.8325674561093437,0.390460670338867,0.47887323943661975,0.4857142857142857,0.4722222222222222,C1_grid,0.2
wine_quality,CTGAN,LGBM,4,5,2.371000051498413,0.05200004577636719,4715,0.2,0.8728938376340285,0.3654211861627473,0.4761904761904762,0.4166666666666667,0.5555555555555556,C1_grid,0.2
wine_quality,CTGAN,MLP,4,5,2.371000051498413,7.019000291824341,4715,0.2,0.8272357723577235,0.38125070113472515,0.5,0.5714285714285714,0.4444444444444444,C1_grid,0.2
wine_quality,CTGAN,RF,0,5,2.622525453567505,0.24700093269348145,5388,0.29992576095025986,0.8160557163738499,0.21739324257982912,0.25,0.2962962962962963,0.21621621621621623,C1_grid,0.3
wine_quality,CTGAN,LGBM,0,5,2.622525453567505,0.06099748611450195,5388,0.29992576095025986,0.8556647846149438,0.2736870514022369,0.2777777777777778,0.2857142857142857,0.2702702702702703,C1_grid,0.3
wine_quality,CTGAN,MLP,0,5,2.622525453567505,9.081003427505493,5388,0.29992576095025986,0.8246252615287613,0.29017582747458565,0.39473684210526316,0.38461538461538464,0.40540540540540543,C1_grid,0.3
wine_quality,CTGAN,RF,1,5,2.4859983921051025,0.26099562644958496,5388,0.29992576095025986,0.8699378063110831,0.2462006866958216,0.25806451612903225,0.32,0.21621621621621623,C1_grid,0.3
wine_quality,CTGAN,LGBM,1,5,2.4859983921051025,0.056999921798706055,5388,0.29992576095025986,0.89154796365825,0.3381927471735989,0.43478260869565216,0.46875,0.40540540540540543,C1_grid,0.3
wine_quality,CTGAN,MLP,1,5,2.4859983921051025,8.724000453948975,5388,0.29992576095025986,0.8401306927287839,0.4045973659176592,0.44705882352941173,0.3958333333333333,0.5135135135135135,C1_grid,0.3
wine_quality,CTGAN,RF,2,5,2.192999839782715,0.2569999694824219,5388,0.29992576095025986,0.8331661459975352,0.1966357914707079,0.25396825396825395,0.3076923076923077,0.21621621621621623,C1_grid,0.3
wine_quality,CTGAN,LGBM,2,5,2.192999839782715,0.059999942779541016,5388,0.29992576095025986,0.870138431114041,0.23007503555665068,0.3116883116883117,0.3,0.32432432432432434,C1_grid,0.3
wine_quality,CTGAN,MLP,2,5,2.192999839782715,7.988000869750977,5388,0.29992576095025986,0.785073514659941,0.21637056108746483,0.208955223880597,0.23333333333333334,0.1891891891891892,C1_grid,0.3
wine_quality,CTGAN,RF,3,5,2.4590001106262207,0.256000280380249,5388,0.29992576095025986,0.7715623895369389,0.24707140984678322,0.25,0.5,0.16666666666666666,C1_grid,0.3
wine_quality,CTGAN,LGBM,3,5,2.4590001106262207,0.05399823188781738,5388,0.29992576095025986,0.8090020030635088,0.2709252292853112,0.24561403508771928,0.3333333333333333,0.19444444444444445,C1_grid,0.3
wine_quality,CTGAN,MLP,3,5,2.4590001106262207,7.966000556945801,5388,0.29992576095025986,0.7269942264640037,0.1731284349517729,0.3283582089552239,0.3548387096774194,0.3055555555555556,C1_grid,0.3
wine_quality,CTGAN,RF,4,5,2.3440043926239014,0.23899579048156738,5388,0.29992576095025986,0.8229939908094733,0.2954496180606166,0.20338983050847456,0.2608695652173913,0.16666666666666666,C1_grid,0.3
wine_quality,CTGAN,LGBM,4,5,2.3440043926239014,0.0560002326965332,5388,0.29992576095025986,0.8634676564156947,0.2625840667212564,0.3243243243243243,0.3157894736842105,0.3333333333333333,C1_grid,0.3
wine_quality,CTGAN,MLP,4,5,2.3440043926239014,8.13100266456604,5388,0.29992576095025986,0.8226110521974784,0.3252681513897821,0.4776119402985074,0.5161290322580645,0.4444444444444444,C1_grid,0.3
wine_quality,CTGAN,RF,0,5,2.0949952602386475,0.2650001049041748,6286,0.39993636652879416,0.8690349946977731,0.27721939065761586,0.3384615384615385,0.39285714285714285,0.2972972972972973,C1_grid,0.4
wine_quality,CTGAN,LGBM,0,5,2.0949952602386475,0.06300020217895508,6286,0.39993636652879416,0.8805995815539824,0.29645086884543115,0.3125,0.37037037037037035,0.2702702702702703,C1_grid,0.4
wine_quality,CTGAN,MLP,0,5,2.0949952602386475,9.192000150680542,6286,0.39993636652879416,0.8560660342208593,0.3173153401303323,0.31746031746031744,0.38461538461538464,0.2702702702702703,C1_grid,0.4
wine_quality,CTGAN,RF,1,5,2.3470003604888916,0.2969996929168701,6286,0.39993636652879416,0.8357456077498495,0.3142764678553665,0.375,0.3488372093023256,0.40540540540540543,C1_grid,0.4
wine_quality,CTGAN,LGBM,1,5,2.3470003604888916,0.06699967384338379,6286,0.39993636652879416,0.8424808689920037,0.3049421098448358,0.28125,0.3333333333333333,0.24324324324324326,C1_grid,0.4
wine_quality,CTGAN,MLP,1,5,2.3470003604888916,9.284000635147095,6286,0.39993636652879416,0.8543463930526497,0.3555469920403066,0.45333333333333337,0.4473684210526316,0.4594594594594595,C1_grid,0.4
wine_quality,CTGAN,RF,2,5,2.0800020694732666,0.2749974727630615,6286,0.39993636652879416,0.8445730990799921,0.17466076382648973,0.17857142857142858,0.2631578947368421,0.13513513513513514,C1_grid,0.4
wine_quality,CTGAN,LGBM,2,5,2.0800020694732666,0.06800007820129395,6286,0.39993636652879416,0.883293686050844,0.21652403100376014,0.14814814814814817,0.23529411764705882,0.10810810810810811,C1_grid,0.4
wine_quality,CTGAN,MLP,2,5,2.0800020694732666,10.313999891281128,6286,0.39993636652879416,0.677423977530022,0.22325248840012493,0.23076923076923078,0.4,0.16216216216216217,C1_grid,0.4
wine_quality,CTGAN,RF,3,5,2.4130022525787354,0.28699731826782227,6286,0.39993636652879416,0.7772475550842465,0.13674056190303682,0.15384615384615383,0.25,0.1111111111111111,C1_grid,0.4
wine_quality,CTGAN,LGBM,3,5,2.4130022525787354,0.062000274658203125,6286,0.39993636652879416,0.8305349357841404,0.20904278081030167,0.13793103448275862,0.18181818181818182,0.1111111111111111,C1_grid,0.4
wine_quality,CTGAN,MLP,3,5,2.4130022525787354,10.210309505462646,6286,0.39993636652879416,0.780811829857429,0.1857682633235795,0.28571428571428575,0.3333333333333333,0.25,C1_grid,0.4
wine_quality,CTGAN,RF,4,5,2.380997896194458,0.27300000190734863,6286,0.39993636652879416,0.7896488747496171,0.17687037252025464,0.17857142857142858,0.25,0.1388888888888889,C1_grid,0.4
wine_quality,CTGAN,LGBM,4,5,2.380997896194458,0.05900120735168457,6286,0.39993636652879416,0.8349240014139273,0.28337354940788134,0.303030303030303,0.3333333333333333,0.2777777777777778,C1_grid,0.4
wine_quality,CTGAN,MLP,4,5,2.380997896194458,10.369001388549805,6286,0.39993636652879416,0.8847060209732531,0.29732097733989843,0.3380281690140845,0.34285714285714286,0.3333333333333333,C1_grid,0.4
wine_quality,CTGAN,RF,0,5,2.3099968433380127,0.30300021171569824,7544,0.5,0.795720959559772,0.2237702826438959,0.2181818181818182,0.3333333333333333,0.16216216216216217,C1_grid,0.5
wine_quality,CTGAN,LGBM,0,5,2.3099968433380127,0.06300020217895508,7544,0.5,0.8719153936545241,0.28480473636191056,0.2641509433962264,0.4375,0.1891891891891892,C1_grid,0.5
wine_quality,CTGAN,MLP,0,5,2.3099968433380127,11.62999939918518,7544,0.5,0.8520248774755667,0.3851567025765139,0.3888888888888889,0.4,0.3783783783783784,C1_grid,0.5
wine_quality,CTGAN,RF,1,5,2.4809985160827637,0.2869994640350342,7544,0.5,0.8534579117824082,0.30419563794804905,0.3050847457627119,0.4090909090909091,0.24324324324324326,C1_grid,0.5
wine_quality,CTGAN,LGBM,1,5,2.4809985160827637,0.059999942779541016,7544,0.5,0.8756986042245852,0.35434489864923624,0.3728813559322034,0.5,0.2972972972972973,C1_grid,0.5
wine_quality,CTGAN,MLP,1,5,2.4809985160827637,11.552000284194946,7544,0.5,0.8735777134504601,0.402924647562346,0.5,0.44680851063829785,0.5675675675675675,C1_grid,0.5
wine_quality,CTGAN,RF,2,5,2.5440022945404053,0.2989981174468994,7544,0.5,0.8148519675561032,0.21854978150571908,0.24561403508771934,0.35,0.1891891891891892,C1_grid,0.5
wine_quality,CTGAN,LGBM,2,5,2.5440022945404053,0.06299924850463867,7544,0.5,0.8553495170674387,0.22233678889027725,0.23728813559322035,0.3181818181818182,0.1891891891891892,C1_grid,0.5
wine_quality,CTGAN,MLP,2,5,2.5440022945404053,12.352062463760376,7544,0.5,0.75194176148577,0.23702733567090406,0.3692307692307692,0.42857142857142855,0.32432432432432434,C1_grid,0.5
wine_quality,CTGAN,RF,3,5,2.6540002822875977,0.30900001525878906,7544,0.5,0.7509131613055261,0.10273946813494954,0.13157894736842105,0.125,0.1388888888888889,C1_grid,0.5
wine_quality,CTGAN,LGBM,3,5,2.6540002822875977,0.0690004825592041,7544,0.5,0.8120655119594675,0.11411735891439244,0.14285714285714288,0.14705882352941177,0.1388888888888889,C1_grid,0.5
wine_quality,CTGAN,MLP,3,5,2.6540002822875977,9.389614582061768,7544,0.5,0.7216625427123836,0.15608793444884272,0.21538461538461537,0.2413793103448276,0.19444444444444445,C1_grid,0.5
wine_quality,CTGAN,RF,4,5,2.382002592086792,0.30127882957458496,7544,0.5,0.8227877930953222,0.18473920011556558,0.24615384615384614,0.27586206896551724,0.2222222222222222,C1_grid,0.5
wine_quality,CTGAN,LGBM,4,5,2.382002592086792,0.0690004825592041,7544,0.5,0.8305349357841405,0.18829281462583183,0.14705882352941177,0.15625,0.1388888888888889,C1_grid,0.5
wine_quality,CTGAN,MLP,4,5,2.382002592086792,10.513123035430908,7544,0.5,0.7600742311770945,0.1971783560598722,0.25396825396825395,0.2962962962962963,0.2222222222222222,C1_grid,0.5
wine_quality,TVAE,RF,0,5,1.6589996814727783,0.2539997100830078,4715,0.2,0.8497893439568944,0.14069038442003454,0.2105263157894737,0.15584415584415584,0.32432432432432434,C1_grid,0.2
wine_quality,TVAE,LGBM,0,5,1.6589996814727783,0.05200004577636719,4715,0.2,0.8642343297698547,0.17714457721305366,0.33628318584070793,0.25,0.5135135135135135,C1_grid,0.2
wine_quality,TVAE,MLP,0,5,1.6589996814727783,9.371999979019165,4715,0.2,0.8024705511449943,0.18520747239918223,0.2666666666666667,0.22641509433962265,0.32432432432432434,C1_grid,0.2
wine_quality,TVAE,RF,1,5,1.7100000381469727,0.24499988555908203,4715,0.2,0.8693645925883466,0.21745244421253948,0.2727272727272727,0.23529411764705882,0.32432432432432434,C1_grid,0.2
wine_quality,TVAE,LGBM,1,5,1.7100000381469727,0.0710000991821289,4715,0.2,0.8823765440944656,0.29897943632271207,0.3157894736842105,0.25862068965517243,0.40540540540540543,C1_grid,0.2
wine_quality,TVAE,MLP,1,5,1.7100000381469727,10.114000797271729,4715,0.2,0.8838668997735806,0.3635156364963297,0.4883720930232558,0.42857142857142855,0.5675675675675675,C1_grid,0.2
wine_quality,TVAE,RF,2,5,1.5950002670288086,0.24200034141540527,4715,0.2,0.8734344100197758,0.18961339500641944,0.22222222222222227,0.20454545454545456,0.24324324324324326,C1_grid,0.2
wine_quality,TVAE,LGBM,2,5,1.5950002670288086,0.06500029563903809,4715,0.2,0.8694219139606203,0.18526480441193807,0.24719101123595508,0.21153846153846154,0.2972972972972973,C1_grid,0.2
wine_quality,TVAE,MLP,2,5,1.5950002670288086,10.07500171661377,4715,0.2,0.7838984265283311,0.22194053696956323,0.31746031746031744,0.38461538461538464,0.2702702702702703,C1_grid,0.2
wine_quality,TVAE,RF,3,5,1.6600000858306885,0.24300003051757812,4715,0.2,0.7989277718864144,0.15655820683791985,0.25316455696202533,0.23255813953488372,0.2777777777777778,C1_grid,0.2
wine_quality,TVAE,LGBM,3,5,1.6600000858306885,0.06400012969970703,4715,0.2,0.7854365500176741,0.2036179138244736,0.2857142857142857,0.23636363636363636,0.3611111111111111,C1_grid,0.2
wine_quality,TVAE,MLP,3,5,1.6600000858306885,9.069001197814941,4715,0.2,0.6388594320725816,0.11210116372047577,0.22784810126582278,0.20930232558139536,0.25,C1_grid,0.2
wine_quality,TVAE,RF,4,5,1.63100004196167,0.24099946022033691,4715,0.2,0.8172204548132438,0.16063649988467027,0.2222222222222222,0.2222222222222222,0.2222222222222222,C1_grid,0.2
wine_quality,TVAE,LGBM,4,5,1.63100004196167,0.06200003623962402,4715,0.2,0.8282667609284787,0.20709978007739835,0.2926829268292683,0.2608695652173913,0.3333333333333333,C1_grid,0.2
wine_quality,TVAE,MLP,4,5,1.63100004196167,10.354002714157104,4715,0.2,0.8001355013550135,0.24959622001299336,0.35294117647058826,0.375,0.3333333333333333,C1_grid,0.2
wine_quality,TVAE,RF,0,5,1.4219956398010254,0.2689998149871826,5388,0.29992576095025986,0.8476111318104955,0.13535109448701582,0.21739130434782608,0.1485148514851485,0.40540540540540543,C1_grid,0.3
wine_quality,TVAE,LGBM,0,5,1.4219956398010254,0.06000089645385742,5388,0.29992576095025986,0.859734602046373,0.17153591445648902,0.2830188679245283,0.21739130434782608,0.40540540540540543,C1_grid,0.3
wine_quality,TVAE,MLP,0,5,1.4219956398010254,11.395440340042114,5388,0.29992576095025986,0.8497033618984838,0.24401249333725283,0.3373493975903615,0.30434782608695654,0.3783783783783784,C1_grid,0.3
wine_quality,TVAE,RF,1,5,1.6489994525909424,0.277998685836792,5388,0.29992576095025986,0.8685620933765155,0.2172295142910216,0.27586206896551724,0.24,0.32432432432432434,C1_grid,0.3
wine_quality,TVAE,LGBM,1,5,1.6489994525909424,0.05399942398071289,5388,0.29992576095025986,0.8730904817861339,0.279920510927235,0.2790697674418604,0.24489795918367346,0.32432432432432434,C1_grid,0.3
wine_quality,TVAE,MLP,1,5,1.6489994525909424,10.400001287460327,5388,0.29992576095025986,0.8777621736264367,0.31664167305531365,0.4666666666666667,0.39622641509433965,0.5675675675675675,C1_grid,0.3
wine_quality,TVAE,RF,2,5,1.6140000820159912,0.2630000114440918,5388,0.29992576095025986,0.8647502221203176,0.16774132203543876,0.18604651162790697,0.16326530612244897,0.21621621621621623,C1_grid,0.3
wine_quality,TVAE,LGBM,2,5,1.6140000820159912,0.06600093841552734,5388,0.29992576095025986,0.8633171878134762,0.18378282927766582,0.23809523809523814,0.2127659574468085,0.2702702702702703,C1_grid,0.3
wine_quality,TVAE,MLP,2,5,1.6140000820159912,10.701000690460205,5388,0.29992576095025986,0.7873377088647503,0.206518134870651,0.33333333333333337,0.34285714285714286,0.32432432432432434,C1_grid,0.3
wine_quality,TVAE,RF,3,5,1.5359997749328613,0.26599979400634766,5388,0.29992576095025986,0.7974843878873571,0.12687371698196184,0.17721518987341772,0.16279069767441862,0.19444444444444445,C1_grid,0.3
wine_quality,TVAE,LGBM,3,5,1.5359997749328613,0.059999942779541016,5388,0.29992576095025986,0.7786320254506893,0.15058566046241226,0.26666666666666666,0.2222222222222222,0.3333333333333333,C1_grid,0.3
wine_quality,TVAE,MLP,3,5,1.5359997749328613,11.666266679763794,5388,0.29992576095025986,0.6496995404736656,0.11148879847291573,0.2077922077922078,0.1951219512195122,0.2222222222222222,C1_grid,0.3
wine_quality,TVAE,RF,4,5,1.6410002708435059,0.31099987030029297,5388,0.29992576095025986,0.7911217155649818,0.14002325665954327,0.1791044776119403,0.1935483870967742,0.16666666666666666,C1_grid,0.3
wine_quality,TVAE,LGBM,4,5,1.6410002708435059,0.1049962043762207,5388,0.29992576095025986,0.7988394014374927,0.1838609361361045,0.22857142857142856,0.23529411764705882,0.2222222222222222,C1_grid,0.3
wine_quality,TVAE,MLP,4,5,1.6410002708435059,12.140998363494873,5388,0.29992576095025986,0.8057617532697066,0.21586835430169884,0.26666666666666666,0.2564102564102564,0.2777777777777778,C1_grid,0.3
wine_quality,TVAE,RF,0,5,1.6929998397827148,0.29600024223327637,6286,0.39993636652879416,0.8558940701040383,0.13877092130110788,0.2097902097902098,0.14150943396226415,0.40540540540540543,C1_grid,0.4
wine_quality,TVAE,LGBM,0,5,1.6929998397827148,0.06799960136413574,6286,0.39993636652879416,0.8592187096959101,0.16760818749430081,0.26262626262626265,0.20967741935483872,0.35135135135135137,C1_grid,0.4
wine_quality,TVAE,MLP,0,5,1.6929998397827148,13.511000156402588,6286,0.39993636652879416,0.836175518041902,0.2387365187551241,0.30612244897959184,0.2459016393442623,0.40540540540540543,C1_grid,0.4
wine_quality,TVAE,RF,1,5,1.7169976234436035,0.2930009365081787,6286,0.39993636652879416,0.8642056690837179,0.20300895123076582,0.24719101123595508,0.21153846153846154,0.2972972972972973,C1_grid,0.4
wine_quality,TVAE,LGBM,1,5,1.7169976234436035,0.07999944686889648,6286,0.39993636652879416,0.8733484279613655,0.2658920560724028,0.25316455696202533,0.23809523809523808,0.2702702702702703,C1_grid,0.4
wine_quality,TVAE,MLP,1,5,1.7169976234436035,14.04800009727478,6286,0.39993636652879416,0.8531139835487662,0.36112734106005523,0.4444444444444445,0.3548387096774194,0.5945945945945946,C1_grid,0.4
wine_quality,TVAE,RF,2,5,1.505000114440918,0.2850003242492676,6286,0.39993636652879416,0.853658536585366,0.19119067110492385,0.21782178217821785,0.171875,0.2972972972972973,C1_grid,0.4
wine_quality,TVAE,LGBM,2,5,1.505000114440918,0.07599997520446777,6286,0.39993636652879416,0.8592187096959101,0.18418556084036597,0.22222222222222227,0.20454545454545456,0.24324324324324326,C1_grid,0.4
wine_quality,TVAE,MLP,2,5,1.505000114440918,12.831000328063965,6286,0.39993636652879416,0.7487604253245823,0.1985571900742086,0.3294117647058824,0.2916666666666667,0.3783783783783784,C1_grid,0.4
wine_quality,TVAE,RF,3,5,1.7219994068145752,0.3020000457763672,6286,0.39993636652879416,0.797572758336279,0.1343219342532731,0.21686746987951808,0.19148936170212766,0.25,C1_grid,0.4
wine_quality,TVAE,LGBM,3,5,1.7219994068145752,0.07200050354003906,6286,0.39993636652879416,0.7881171203016378,0.1503695670325629,0.21951219512195125,0.1956521739130435,0.25,C1_grid,0.4
wine_quality,TVAE,MLP,3,5,1.7219994068145752,14.372000217437744,6286,0.39993636652879416,0.7270531400966184,0.12884222748392396,0.24615384615384614,0.27586206896551724,0.2222222222222222,C1_grid,0.4
wine_quality,TVAE,RF,4,5,1.4830000400543213,0.2980000972747803,6286,0.39993636652879416,0.7926829268292682,0.12830006578087932,0.1951219512195122,0.17391304347826086,0.2222222222222222,C1_grid,0.4
wine_quality,TVAE,LGBM,4,5,1.4830000400543213,0.07599782943725586,6286,0.39993636652879416,0.8262636974195828,0.16852447492655698,0.2058823529411765,0.21875,0.19444444444444445,C1_grid,0.4
wine_quality,TVAE,MLP,4,5,1.4830000400543213,12.543000936508179,6286,0.39993636652879416,0.7834629433250855,0.21959896706196497,0.32,0.3076923076923077,0.3333333333333333,C1_grid,0.4
wine_quality,TVAE,RF,0,5,1.5870225429534912,0.34400010108947754,7544,0.5,0.837665873721017,0.12543949676241697,0.21621621621621623,0.14414414414414414,0.43243243243243246,C1_grid,0.5
wine_quality,TVAE,LGBM,0,5,1.5870225429534912,0.07500004768371582,7544,0.5,0.8263449026969705,0.17458410305492603,0.24719101123595508,0.21153846153846154,0.2972972972972973,C1_grid,0.5
wine_quality,TVAE,MLP,0,5,1.5870225429534912,14.947997808456421,7544,0.5,0.8260869565217391,0.22682734833859455,0.27450980392156865,0.2153846153846154,0.3783783783783784,C1_grid,0.5
wine_quality,TVAE,RF,1,5,1.7880003452301025,0.31800007820129395,7544,0.5,0.8462927402482014,0.18812648336032564,0.26373626373626374,0.2222222222222222,0.32432432432432434,C1_grid,0.5
wine_quality,TVAE,LGBM,1,5,1.7880003452301025,0.06399965286254883,7544,0.5,0.8568398727465536,0.20293449186405174,0.2077922077922078,0.2,0.21621621621621623,C1_grid,0.5
wine_quality,TVAE,MLP,1,5,1.7880003452301025,13.594001770019531,7544,0.5,0.8225330314407726,0.29111763724814627,0.44444444444444453,0.4090909090909091,0.4864864864864865,C1_grid,0.5
wine_quality,TVAE,RF,2,5,1.631998062133789,0.32200026512145996,7544,0.5,0.8478404172995901,0.17810622293095632,0.23655913978494622,0.19642857142857142,0.2972972972972973,C1_grid,0.5
wine_quality,TVAE,LGBM,2,5,1.631998062133789,0.06800007820129395,7544,0.5,0.8534865724685449,0.16959874341927947,0.20512820512820515,0.1951219512195122,0.21621621621621623,C1_grid,0.5
wine_quality,TVAE,MLP,2,5,1.631998062133789,13.015000343322754,7544,0.5,0.747814622682067,0.1647097212519194,0.24390243902439024,0.2222222222222222,0.2702702702702703,C1_grid,0.5
wine_quality,TVAE,RF,3,5,1.8390002250671387,0.31799960136413574,7544,0.5,0.7940084835630965,0.11309112769549458,0.15555555555555556,0.12962962962962962,0.19444444444444445,C1_grid,0.5
wine_quality,TVAE,LGBM,3,5,1.8390002250671387,0.06100106239318848,7544,0.5,0.7646105808884176,0.14433886376320063,0.19999999999999998,0.18181818181818182,0.2222222222222222,C1_grid,0.5
wine_quality,TVAE,MLP,3,5,1.8390002250671387,14.181554555892944,7544,0.5,0.7090550253328621,0.09915007192331142,0.2,0.16666666666666666,0.25,C1_grid,0.5
wine_quality,TVAE,RF,4,5,1.5990021228790283,0.32999539375305176,7544,0.5,0.7810769412041947,0.11865683328238767,0.20224719101123595,0.16981132075471697,0.25,C1_grid,0.5
wine_quality,TVAE,LGBM,4,5,1.5990021228790283,0.06800055503845215,7544,0.5,0.8051431601272534,0.1453946574150548,0.15873015873015875,0.18518518518518517,0.1388888888888889,C1_grid,0.5
wine_quality,TVAE,MLP,4,5,1.5990021228790283,14.079788446426392,7544,0.5,0.7898256156474608,0.1987192982979937,0.2820512820512821,0.2619047619047619,0.3055555555555556,C1_grid,0.5
yeast_me2,None,RF,0,5,0.0,0.19300055503845215,1187,0.03454085930918281,0.9505226480836237,0.5375022446689113,0.5,0.6666666666666666,0.4,C0_fixed0.50,
yeast_me2,None,LGBM,0,5,0.0,0.04900026321411133,1187,0.03454085930918281,0.9031358885017421,0.3427279500311537,0.28571428571428564,0.2727272727272727,0.3,C0_fixed0.50,
yeast_me2,None,MLP,0,5,0.0,2.2300000190734863,1187,0.03454085930918281,0.862020905923345,0.3880218609182804,0.18181818181818182,1.0,0.1,C0_fixed0.50,
yeast_me2,None,RF,1,5,0.0,0.1930675506591797,1187,0.03454085930918281,0.9059233449477351,0.25764157940107485,0.3157894736842105,0.3333333333333333,0.3,C0_fixed0.50,
yeast_me2,None,LGBM,1,5,0.0,0.04999876022338867,1187,0.03454085930918281,0.8881533101045297,0.21385499133483002,0.24,0.2,0.3,C0_fixed0.50,
yeast_me2,None,MLP,1,5,0.0,2.1910006999969482,1187,0.03454085930918281,0.8641114982578398,0.1599551537786832,0.10526315789473685,0.1111111111111111,0.1,C0_fixed0.50,
yeast_me2,None,RF,2,5,0.0,0.2050001621246338,1187,0.03454085930918281,0.9449477351916377,0.45517698532404405,0.45454545454545453,0.4166666666666667,0.5,C0_fixed0.50,
yeast_me2,None,LGBM,2,5,0.0,0.03799748420715332,1187,0.03454085930918281,0.9519163763066202,0.5427247763882563,0.4666666666666667,0.35,0.7,C0_fixed0.50,
yeast_me2,None,MLP,2,5,0.0,2.2099990844726562,1187,0.03454085930918281,0.9181184668989547,0.6219993620575324,0.5555555555555556,0.625,0.5,C0_fixed0.50,
yeast_me2,None,RF,3,5,0.0,0.19281291961669922,1187,0.03369839932603201,0.9383343928798473,0.4669762690114217,0.4210526315789474,0.5,0.36363636363636365,C0_fixed0.50,
yeast_me2,None,LGBM,3,5,0.0,0.04600024223327637,1187,0.03369839932603201,0.9364272091544819,0.5492924229766336,0.36363636363636365,0.36363636363636365,0.36363636363636365,C0_fixed0.50,
yeast_me2,None,MLP,3,5,0.0,2.2540013790130615,1187,0.03369839932603201,0.8897012078830261,0.5730322233497116,0.47619047619047616,0.5,0.45454545454545453,C0_fixed0.50,
yeast_me2,None,RF,4,5,0.0,0.18700432777404785,1188,0.034511784511784514,0.9377622377622378,0.5230618294748729,0.5555555555555556,0.625,0.5,C0_fixed0.50,
yeast_me2,None,LGBM,4,5,0.0,0.03899955749511719,1188,0.034511784511784514,0.9038461538461539,0.41179833285971396,0.3076923076923077,0.25,0.4,C0_fixed0.50,
yeast_me2,None,MLP,4,5,0.0,2.2540011405944824,1188,0.034511784511784514,0.8409090909090909,0.3997333000276717,0.37499999999999994,0.5,0.3,C0_fixed0.50,
yeast_me2,SMOTE,RF,0,5,0.0009999275207519531,0.2097024917602539,2292,0.5,0.9362369337979095,0.4401630632997092,0.41666666666666663,0.35714285714285715,0.5,C0_fixed0.50,0.5
yeast_me2,SMOTE,LGBM,0,5,0.0009999275207519531,0.0579988956451416,2292,0.5,0.9397212543554007,0.3263243338699051,0.2608695652173913,0.23076923076923078,0.3,C0_fixed0.50,0.5
yeast_me2,SMOTE,MLP,0,5,0.0009999275207519531,4.303000211715698,2292,0.5,0.8292682926829268,0.5226865998924822,0.45454545454545453,0.4166666666666667,0.5,C0_fixed0.50,0.5
yeast_me2,SMOTE,RF,1,5,0.0009996891021728516,0.20299983024597168,2292,0.5,0.8996515679442508,0.28535597735597734,0.3076923076923077,0.25,0.4,C0_fixed0.50,0.5
yeast_me2,SMOTE,LGBM,1,5,0.0009996891021728516,0.058999061584472656,2292,0.5,0.856794425087108,0.2636824855546083,0.32,0.26666666666666666,0.4,C0_fixed0.50,0.5
yeast_me2,SMOTE,MLP,1,5,0.0009996891021728516,3.401000499725342,2292,0.5,0.8627177700348433,0.17981151158782738,0.28571428571428564,0.2727272727272727,0.3,C0_fixed0.50,0.5
yeast_me2,SMOTE,RF,2,5,0.001001119613647461,0.20599818229675293,2292,0.5,0.9379790940766549,0.50338051212489,0.4615384615384615,0.375,0.6,C0_fixed0.50,0.5
yeast_me2,SMOTE,LGBM,2,5,0.001001119613647461,0.051999568939208984,2292,0.5,0.9407665505226481,0.5611943907156672,0.42857142857142855,0.3333333333333333,0.6,C0_fixed0.50,0.5
yeast_me2,SMOTE,MLP,2,5,0.001001119613647461,3.440000295639038,2292,0.5,0.8947735191637631,0.5523333266863418,0.48,0.4,0.6,C0_fixed0.50,0.5
yeast_me2,SMOTE,RF,3,5,0.0009999275207519531,0.2069997787475586,2294,0.5,0.9144945963127782,0.44907699368142406,0.41379310344827586,0.3333333333333333,0.5454545454545454,C0_fixed0.50,0.5
yeast_me2,SMOTE,LGBM,3,5,0.0009999275207519531,0.05499887466430664,2294,0.5,0.9399237126509854,0.49286316707074057,0.5,0.5555555555555556,0.45454545454545453,C0_fixed0.50,0.5
yeast_me2,SMOTE,MLP,3,5,0.0009999275207519531,4.196000814437866,2294,0.5,0.8684043229497775,0.5415671767101041,0.5217391304347826,0.5,0.5454545454545454,C0_fixed0.50,0.5
yeast_me2,SMOTE,RF,4,5,0.0010006427764892578,0.20499944686889648,2294,0.5,0.9461538461538461,0.5866910499139415,0.3448275862068966,0.2631578947368421,0.5,C0_fixed0.50,0.5
yeast_me2,SMOTE,LGBM,4,5,0.0010006427764892578,0.04599881172180176,2294,0.5,0.9447552447552447,0.5562084841038127,0.4615384615384615,0.375,0.6,C0_fixed0.50,0.5
yeast_me2,SMOTE,MLP,4,5,0.0010006427764892578,3.879000663757324,2294,0.5,0.83006993006993,0.4007218231278446,0.4000000000000001,0.4,0.4,C0_fixed0.50,0.5
yeast_me2,ADASYN,RF,0,5,0.003000020980834961,0.20169329643249512,2292,0.5,0.9459930313588851,0.4611684961065765,0.5185185185185185,0.4117647058823529,0.7,C0_fixed0.50,0.5
yeast_me2,ADASYN,LGBM,0,5,0.003000020980834961,0.04999947547912598,2292,0.5,0.9435540069686411,0.3375457854199451,0.3333333333333333,0.2857142857142857,0.4,C0_fixed0.50,0.5
yeast_me2,ADASYN,MLP,0,5,0.003000020980834961,3.9880011081695557,2292,0.5,0.8418118466898955,0.34509822886293473,0.45454545454545453,0.4166666666666667,0.5,C0_fixed0.50,0.5
yeast_me2,ADASYN,RF,1,5,0.003000974655151367,0.20499968528747559,2291,0.4997817546922741,0.9013937282229966,0.27533034276512536,0.3333333333333333,0.25,0.5,C0_fixed0.50,0.5
yeast_me2,ADASYN,LGBM,1,5,0.003000974655151367,0.05399942398071289,2291,0.4997817546922741,0.845644599303136,0.24954375692089903,0.32,0.26666666666666666,0.4,C0_fixed0.50,0.5
yeast_me2,ADASYN,MLP,1,5,0.003000974655151367,4.333000898361206,2291,0.4997817546922741,0.8717770034843205,0.18524079537771218,0.28571428571428564,0.2727272727272727,0.3,C0_fixed0.50,0.5
yeast_me2,ADASYN,RF,2,5,0.002000093460083008,0.20300006866455078,2279,0.4971478718736288,0.937630662020906,0.48994944948815256,0.41379310344827586,0.3157894736842105,0.6,C0_fixed0.50,0.5
yeast_me2,ADASYN,LGBM,2,5,0.002000093460083008,0.05200076103210449,2279,0.4971478718736288,0.9463414634146342,0.6248611711072538,0.5384615384615384,0.4375,0.7,C0_fixed0.50,0.5
yeast_me2,ADASYN,MLP,2,5,0.002000093460083008,4.1150007247924805,2279,0.4971478718736288,0.8843205574912892,0.5220309429132959,0.5,0.42857142857142855,0.6,C0_fixed0.50,0.5
yeast_me2,ADASYN,RF,3,5,0.0030002593994140625,0.21105265617370605,2290,0.49912663755458514,0.9062301335028607,0.4221356545112977,0.31249999999999994,0.23809523809523808,0.45454545454545453,C0_fixed0.50,0.5
yeast_me2,ADASYN,LGBM,3,5,0.0030002593994140625,0.058999061584472656,2290,0.49912663755458514,0.9354736172917991,0.4640419563774895,0.3703703703703703,0.3125,0.45454545454545453,C0_fixed0.50,0.5
yeast_me2,ADASYN,MLP,3,5,0.0030002593994140625,4.342914342880249,2290,0.49912663755458514,0.8744437380801017,0.4709737785518557,0.4799999999999999,0.42857142857142855,0.5454545454545454,C0_fixed0.50,0.5
yeast_me2,ADASYN,RF,4,5,0.0019998550415039062,0.20799875259399414,2294,0.5,0.9451048951048951,0.5484737854737854,0.37499999999999994,0.2727272727272727,0.6,C0_fixed0.50,0.5
yeast_me2,ADASYN,LGBM,4,5,0.0019998550415039062,0.055001258850097656,2294,0.5,0.9283216783216782,0.4053882928665537,0.42857142857142855,0.3333333333333333,0.6,C0_fixed0.50,0.5
yeast_me2,ADASYN,MLP,4,5,0.0019998550415039062,4.292253017425537,2294,0.5,0.8531468531468532,0.43356898467554206,0.41666666666666663,0.35714285714285715,0.5,C0_fixed0.50,0.5
yeast_me2,G-SMOTE,RF,0,5,0.27899980545043945,0.21100401878356934,2266,0.4942630185348632,0.9459930313588851,0.43962314942408615,0.5,0.42857142857142855,0.6,C0_fixed0.50,0.5
yeast_me2,G-SMOTE,LGBM,0,5,0.27899980545043945,0.05700087547302246,2266,0.4942630185348632,0.9529616724738675,0.4310868496582782,0.5833333333333334,0.5,0.7,C0_fixed0.50,0.5
yeast_me2,G-SMOTE,MLP,0,5,0.27899980545043945,3.4210011959075928,2266,0.4942630185348632,0.8452961672473869,0.4058213251534547,0.45454545454545453,0.4166666666666667,0.5,C0_fixed0.50,0.5
yeast_me2,G-SMOTE,RF,1,5,0.24400091171264648,0.21899914741516113,2265,0.49403973509933774,0.8982578397212544,0.30663265954741925,0.3448275862068966,0.2631578947368421,0.5,C0_fixed0.50,0.5
yeast_me2,G-SMOTE,LGBM,1,5,0.24400091171264648,0.06999921798706055,2265,0.49403973509933774,0.8331010452961672,0.23239475259878167,0.3333333333333333,0.2857142857142857,0.4,C0_fixed0.50,0.5
yeast_me2,G-SMOTE,MLP,1,5,0.24400091171264648,4.3180012702941895,2265,0.49403973509933774,0.89198606271777,0.1757498961072925,0.28571428571428564,0.2727272727272727,0.3,C0_fixed0.50,0.5
yeast_me2,G-SMOTE,RF,2,5,0.22600054740905762,0.21199965476989746,2292,0.5,0.9390243902439025,0.4935593740169013,0.38461538461538464,0.3125,0.5,C0_fixed0.50,0.5
yeast_me2,G-SMOTE,LGBM,2,5,0.22600054740905762,0.05100131034851074,2292,0.5,0.9348432055749128,0.5787009803921568,0.5,0.42857142857142855,0.6,C0_fixed0.50,0.5
yeast_me2,G-SMOTE,MLP,2,5,0.22600054740905762,4.16900110244751,2292,0.5,0.886411149825784,0.38328565046824087,0.4347826086956522,0.38461538461538464,0.5,C0_fixed0.50,0.5
yeast_me2,G-SMOTE,RF,3,5,0.22300100326538086,0.20327091217041016,2294,0.5,0.9291163382072474,0.43761980545682355,0.4666666666666667,0.3684210526315789,0.6363636363636364,C0_fixed0.50,0.5
yeast_me2,G-SMOTE,LGBM,3,5,0.22300100326538086,0.05900144577026367,2294,0.5,0.9342021614748887,0.5178758690482735,0.4,0.35714285714285715,0.45454545454545453,C0_fixed0.50,0.5
yeast_me2,G-SMOTE,MLP,3,5,0.22300100326538086,4.3529627323150635,2294,0.5,0.8706293706293706,0.5024568628194447,0.4999999999999999,0.46153846153846156,0.5454545454545454,C0_fixed0.50,0.5
yeast_me2,G-SMOTE,RF,4,5,0.27300119400024414,0.21157550811767578,2295,0.5002178649237473,0.9454545454545454,0.5794535416274547,0.38461538461538464,0.3125,0.5,C0_fixed0.50,0.5
yeast_me2,G-SMOTE,LGBM,4,5,0.27300119400024414,0.053999900817871094,2295,0.5002178649237473,0.9437062937062937,0.40955055909003274,0.380952380952381,0.36363636363636365,0.4,C0_fixed0.50,0.5
yeast_me2,G-SMOTE,MLP,4,5,0.27300119400024414,4.304052829742432,2295,0.5002178649237473,0.8241258741258741,0.3818805263940973,0.4000000000000001,0.4,0.4,C0_fixed0.50,0.5
yeast_me2,CTGAN,RF,0,5,1.6630024909973145,0.21199703216552734,2292,0.5,0.9348432055749128,0.3637621326042379,0.0,0.0,0.0,C0_fixed0.50,0.5
yeast_me2,CTGAN,LGBM,0,5,1.6630024909973145,0.052997589111328125,2292,0.5,0.951567944250871,0.4599906514612397,0.28571428571428575,0.5,0.2,C0_fixed0.50,0.5
yeast_me2,CTGAN,MLP,0,5,1.6630024909973145,4.291369438171387,2292,0.5,0.8668989547038328,0.27488414986691756,0.28571428571428564,0.2727272727272727,0.3,C0_fixed0.50,0.5
yeast_me2,CTGAN,RF,1,5,1.6209967136383057,0.20199990272521973,2292,0.5,0.8505226480836237,0.19018900489488721,0.0,0.0,0.0,C0_fixed0.50,0.5
yeast_me2,CTGAN,LGBM,1,5,1.6209967136383057,0.0540003776550293,2292,0.5,0.90801393728223,0.18584504611028937,0.11111111111111112,0.125,0.1,C0_fixed0.50,0.5
yeast_me2,CTGAN,MLP,1,5,1.6209967136383057,4.369000434875488,2292,0.5,0.8501742160278746,0.138618822221511,0.18749999999999997,0.13636363636363635,0.3,C0_fixed0.50,0.5
yeast_me2,CTGAN,RF,2,5,1.571000099182129,0.20799994468688965,2292,0.5,0.9547038327526133,0.6470717604723474,0.0,0.0,0.0,C0_fixed0.50,0.5
yeast_me2,CTGAN,LGBM,2,5,1.571000099182129,0.04500102996826172,2292,0.5,0.9585365853658536,0.49896862782277357,0.5,0.6666666666666666,0.4,C0_fixed0.50,0.5
yeast_me2,CTGAN,MLP,2,5,1.571000099182129,4.38800048828125,2292,0.5,0.9289198606271777,0.4605653207551942,0.3870967741935483,0.2857142857142857,0.6,C0_fixed0.50,0.5
yeast_me2,CTGAN,RF,3,5,1.5590040683746338,0.20099568367004395,2294,0.5,0.9300699300699301,0.5691991533096268,0.42857142857142855,1.0,0.2727272727272727,C0_fixed0.50,0.5
yeast_me2,CTGAN,LGBM,3,5,1.5590040683746338,0.05199909210205078,2294,0.5,0.9494596312778132,0.568907938277993,0.5333333333333333,1.0,0.36363636363636365,C0_fixed0.50,0.5
yeast_me2,CTGAN,MLP,3,5,1.5590040683746338,3.565999984741211,2294,0.5,0.8931977113795295,0.4278019299976126,0.3225806451612903,0.25,0.45454545454545453,C0_fixed0.50,0.5
yeast_me2,CTGAN,RF,4,5,1.681004285812378,0.19099688529968262,2294,0.5,0.9646853146853147,0.5318698830409356,0.33333333333333337,1.0,0.2,C0_fixed0.50,0.5
yeast_me2,CTGAN,LGBM,4,5,1.681004285812378,0.05199790000915527,2294,0.5,0.9248251748251748,0.5165860070564238,0.4285714285714285,0.75,0.3,C0_fixed0.50,0.5
yeast_me2,CTGAN,MLP,4,5,1.681004285812378,3.897001028060913,2294,0.5,0.8181818181818181,0.316319464505661,0.29629629629629634,0.23529411764705882,0.4,C0_fixed0.50,0.5
yeast_me2,TVAE,RF,0,5,0.9909987449645996,0.2070002555847168,2292,0.5,0.967595818815331,0.46354752350083417,0.16666666666666669,0.5,0.1,C0_fixed0.50,0.5
yeast_me2,TVAE,LGBM,0,5,0.9909987449645996,0.04500150680541992,2292,0.5,0.9613240418118467,0.5313081363081363,0.15384615384615383,0.3333333333333333,0.1,C0_fixed0.50,0.5
yeast_me2,TVAE,MLP,0,5,0.9909987449645996,3.072998285293579,2292,0.5,0.8560975609756099,0.5428292437232469,0.47619047619047616,0.45454545454545453,0.5,C0_fixed0.50,0.5
yeast_me2,TVAE,RF,1,5,1.0049998760223389,0.21200013160705566,2292,0.5,0.8867595818815333,0.2330438211778295,0.15384615384615383,0.3333333333333333,0.1,C0_fixed0.50,0.5
yeast_me2,TVAE,LGBM,1,5,1.0049998760223389,0.05299854278564453,2292,0.5,0.9031358885017422,0.22738714793578352,0.22222222222222224,0.25,0.2,C0_fixed0.50,0.5
yeast_me2,TVAE,MLP,1,5,1.0049998760223389,3.1429996490478516,2292,0.5,0.8909407665505227,0.2283868115103813,0.25,0.21428571428571427,0.3,C0_fixed0.50,0.5
yeast_me2,TVAE,RF,2,5,0.9440000057220459,0.21500015258789062,2292,0.5,0.9595818815331011,0.5679691233359881,0.0,0.0,0.0,C0_fixed0.50,0.5
yeast_me2,TVAE,LGBM,2,5,0.9440000057220459,0.04600024223327637,2292,0.5,0.9585365853658536,0.5015108992314875,0.5,0.6666666666666666,0.4,C0_fixed0.50,0.5
yeast_me2,TVAE,MLP,2,5,0.9440000057220459,3.1810007095336914,2292,0.5,0.9094076655052266,0.5101028769361875,0.34285714285714286,0.24,0.6,C0_fixed0.50,0.5
yeast_me2,TVAE,RF,3,5,1.0480029582977295,0.20699572563171387,2294,0.5,0.9329307056579783,0.5251161021172279,0.3076923076923077,1.0,0.18181818181818182,C0_fixed0.50,0.5
yeast_me2,TVAE,LGBM,3,5,1.0480029582977295,0.05499625205993652,2294,0.5,0.9297520661157025,0.5064234476073314,0.3076923076923077,1.0,0.18181818181818182,C0_fixed0.50,0.5
yeast_me2,TVAE,MLP,3,5,1.0480029582977295,4.322000980377197,2294,0.5,0.8690400508582327,0.364858184448259,0.2962962962962963,0.25,0.36363636363636365,C0_fixed0.50,0.5
yeast_me2,TVAE,RF,4,5,1.0479979515075684,0.19800066947937012,2294,0.5,0.9681818181818181,0.45963827838827837,0.16666666666666669,0.5,0.1,C0_fixed0.50,0.5
yeast_me2,TVAE,LGBM,4,5,1.0479979515075684,0.05199623107910156,2294,0.5,0.9465034965034965,0.388667636711115,0.4,0.6,0.3,C0_fixed0.50,0.5
yeast_me2,TVAE,MLP,4,5,1.0479979515075684,2.1760010719299316,2294,0.5,0.8755244755244757,0.5387732612877697,0.4444444444444445,0.35294117647058826,0.6,C0_fixed0.50,0.5
yeast_me2,GMMSampling,RF,0,5,0.6551172733306885,0.22075724601745605,1185,0.49957805907173,0.9470383275261324,0.4483275386198568,0.4,0.3333333333333333,0.5,C0_fixed0.50,
yeast_me2,GMMSampling,LGBM,0,5,0.6551172733306885,0.043000221252441406,1185,0.49957805907173,0.9414634146341463,0.3420636240636241,0.4347826086956522,0.38461538461538464,0.5,C0_fixed0.50,
yeast_me2,GMMSampling,MLP,0,5,0.6551172733306885,2.2476389408111572,1185,0.49957805907173,0.9017421602787457,0.24946472200267064,0.2641509433962264,0.16279069767441862,0.7,C0_fixed0.50,
yeast_me2,GMMSampling,RF,1,5,0.8761420249938965,0.20839810371398926,1185,0.49957805907173,0.8829268292682926,0.23971943221064757,0.30303030303030304,0.21739130434782608,0.5,C0_fixed0.50,
yeast_me2,GMMSampling,LGBM,1,5,0.8761420249938965,0.0429995059967041,1185,0.49957805907173,0.90801393728223,0.19364152841671908,0.30303030303030304,0.21739130434782608,0.5,C0_fixed0.50,
yeast_me2,GMMSampling,MLP,1,5,0.8761420249938965,2.216001033782959,1185,0.49957805907173,0.8484320557491289,0.17971945312321572,0.2295081967213115,0.13725490196078433,0.7,C0_fixed0.50,
yeast_me2,GMMSampling,RF,2,5,0.4629998207092285,0.2220005989074707,1186,0.5,0.9494773519163764,0.5225517177857603,0.4102564102564103,0.27586206896551724,0.8,C0_fixed0.50,
yeast_me2,GMMSampling,LGBM,2,5,0.4629998207092285,0.05399656295776367,1186,0.5,0.9609756097560975,0.5129124579124579,0.3888888888888889,0.2692307692307692,0.7,C0_fixed0.50,
yeast_me2,GMMSampling,MLP,2,5,0.4629998207092285,2.00600004196167,1186,0.5,0.9327526132404181,0.38848333621634085,0.2727272727272727,0.17647058823529413,0.6,C0_fixed0.50,
yeast_me2,GMMSampling,RF,3,5,0.6579995155334473,0.21500015258789062,1185,0.49957805907173,0.9224411951684678,0.4662653267200079,0.3255813953488372,0.21875,0.6363636363636364,C0_fixed0.50,
yeast_me2,GMMSampling,LGBM,3,5,0.6579995155334473,0.04099917411804199,1185,0.49957805907173,0.9370629370629371,0.30086017398161613,0.36363636363636365,0.24242424242424243,0.7272727272727273,C0_fixed0.50,
yeast_me2,GMMSampling,MLP,3,5,0.6579995155334473,2.213000535964966,1185,0.49957805907173,0.8893833439287985,0.26338912323834796,0.2807017543859649,0.17391304347826086,0.7272727272727273,C0_fixed0.50,
yeast_me2,GMMSampling,RF,4,5,0.42600011825561523,0.21569442749023438,1188,0.5,0.9611888111888112,0.34228648638942755,0.48275862068965514,0.3684210526315789,0.7,C0_fixed0.50,
yeast_me2,GMMSampling,LGBM,4,5,0.42600011825561523,0.05000042915344238,1188,0.5,0.9458041958041958,0.3771996336996337,0.3448275862068966,0.2631578947368421,0.5,C0_fixed0.50,
yeast_me2,GMMSampling,MLP,4,5,0.42600011825561523,2.264000654220581,1188,0.5,0.868881118881119,0.4329112524147637,0.28125,0.16666666666666666,0.9,C0_fixed0.50,
yeast_me2,SMOTE,RF,0,5,0.0009999275207519531,0.2070004940032959,1432,0.19972067039106145,0.951219512195122,0.4505986496972788,0.3636363636363636,0.3333333333333333,0.4,C1_grid,0.2
yeast_me2,SMOTE,LGBM,0,5,0.0009999275207519531,0.05200052261352539,1432,0.19972067039106145,0.9386759581881532,0.39244663382594414,0.41666666666666663,0.35714285714285715,0.5,C1_grid,0.2
yeast_me2,SMOTE,MLP,0,5,0.0009999275207519531,2.7130002975463867,1432,0.19972067039106145,0.8616724738675958,0.404550560799161,0.4444444444444445,0.5,0.4,C1_grid,0.2
yeast_me2,SMOTE,RF,1,5,0.0009999275207519531,0.20299792289733887,1432,0.19972067039106145,0.9062717770034842,0.2989448974892437,0.32,0.26666666666666666,0.4,C1_grid,0.2
yeast_me2,SMOTE,LGBM,1,5,0.0009999275207519531,0.04699969291687012,1432,0.19972067039106145,0.9261324041811847,0.2625961538461538,0.3333333333333333,0.2857142857142857,0.4,C1_grid,0.2
yeast_me2,SMOTE,MLP,1,5,0.0009999275207519531,2.7320005893707275,1432,0.19972067039106145,0.8822299651567945,0.19621266906050658,0.3157894736842105,0.3333333333333333,0.3,C1_grid,0.2
yeast_me2,SMOTE,RF,2,5,0.0009999275207519531,0.20599985122680664,1432,0.19972067039106145,0.9372822299651568,0.4361957486957487,0.4615384615384615,0.375,0.6,C1_grid,0.2
yeast_me2,SMOTE,LGBM,2,5,0.0009999275207519531,0.048000335693359375,1432,0.19972067039106145,0.9456445993031359,0.5438080827399713,0.37499999999999994,0.2727272727272727,0.6,C1_grid,0.2
yeast_me2,SMOTE,MLP,2,5,0.0009999275207519531,2.597196102142334,1432,0.19972067039106145,0.8954703832752614,0.5013733379944801,0.45454545454545453,0.4166666666666667,0.5,C1_grid,0.2
yeast_me2,SMOTE,RF,3,5,0.0010001659393310547,0.21381473541259766,1433,0.19958129797627355,0.9243483788938335,0.3286522223016684,0.35714285714285715,0.29411764705882354,0.45454545454545453,C1_grid,0.2
yeast_me2,SMOTE,LGBM,3,5,0.0010001659393310547,0.04600024223327637,1433,0.19958129797627355,0.9408773045136682,0.49584763369118556,0.41666666666666663,0.38461538461538464,0.45454545454545453,C1_grid,0.2
yeast_me2,SMOTE,MLP,3,5,0.0010001659393310547,2.8590011596679688,1433,0.19958129797627355,0.8804831532104258,0.5448008655058539,0.5714285714285713,0.6,0.5454545454545454,C1_grid,0.2
yeast_me2,SMOTE,RF,4,5,0.0009982585906982422,0.20423507690429688,1433,0.19958129797627355,0.9444055944055944,0.5146662173115122,0.42857142857142855,0.3333333333333333,0.6,C1_grid,0.2
yeast_me2,SMOTE,LGBM,4,5,0.0009982585906982422,0.04799818992614746,1433,0.19958129797627355,0.9325174825174826,0.47563456367054563,0.37037037037037035,0.29411764705882354,0.5,C1_grid,0.2
yeast_me2,SMOTE,MLP,4,5,0.0009982585906982422,2.588000774383545,1433,0.19958129797627355,0.8433566433566434,0.4261254232760585,0.45454545454545453,0.4166666666666667,0.5,C1_grid,0.2
yeast_me2,SMOTE,RF,0,5,0.0010001659393310547,0.1987781524658203,1637,0.2999389126450825,0.9365853658536586,0.43438410619295165,0.3636363636363636,0.3333333333333333,0.4,C1_grid,0.3
yeast_me2,SMOTE,LGBM,0,5,0.0010001659393310547,0.04999947547912598,1637,0.2999389126450825,0.9317073170731708,0.33114825212508564,0.4615384615384615,0.375,0.6,C1_grid,0.3
yeast_me2,SMOTE,MLP,0,5,0.0010001659393310547,3.188002347946167,1637,0.2999389126450825,0.8445993031358885,0.4894303344644428,0.37499999999999994,0.5,0.3,C1_grid,0.3
yeast_me2,SMOTE,RF,1,5,0.0009996891021728516,0.20599985122680664,1637,0.2999389126450825,0.9132404181184669,0.3200207351614001,0.29629629629629634,0.23529411764705882,0.4,C1_grid,0.3
yeast_me2,SMOTE,LGBM,1,5,0.0009996891021728516,0.053999900817871094,1637,0.2999389126450825,0.8515679442508712,0.24703637777926313,0.3333333333333333,0.2857142857142857,0.4,C1_grid,0.3
yeast_me2,SMOTE,MLP,1,5,0.0009996891021728516,2.9930002689361572,1637,0.2999389126450825,0.8804878048780489,0.1965928395114381,0.3,0.3,0.3,C1_grid,0.3
yeast_me2,SMOTE,RF,2,5,0.0009996891021728516,0.2069997787475586,1637,0.2999389126450825,0.9452961672473867,0.5062199142364301,0.37037037037037035,0.29411764705882354,0.5,C1_grid,0.3
yeast_me2,SMOTE,LGBM,2,5,0.0009996891021728516,0.05099987983703613,1637,0.2999389126450825,0.9536585365853658,0.5833760683760684,0.4666666666666667,0.35,0.7,C1_grid,0.3
yeast_me2,SMOTE,MLP,2,5,0.0009996891021728516,2.8000011444091797,1637,0.2999389126450825,0.9017421602787457,0.548923962777554,0.5,0.42857142857142855,0.6,C1_grid,0.3
yeast_me2,SMOTE,RF,3,5,0.0,0.21300053596496582,1638,0.29975579975579975,0.9329307056579784,0.4380802482818278,0.4827586206896552,0.3888888888888889,0.6363636363636364,C1_grid,0.3
yeast_me2,SMOTE,LGBM,3,5,0.0,0.046999454498291016,1638,0.29975579975579975,0.938652256834075,0.4752217791034485,0.5217391304347826,0.5,0.5454545454545454,C1_grid,0.3
yeast_me2,SMOTE,MLP,3,5,0.0,3.204817533493042,1638,0.29975579975579975,0.8779402415766051,0.5247727044161163,0.6,0.6666666666666666,0.5454545454545454,C1_grid,0.3
yeast_me2,SMOTE,RF,4,5,0.0010004043579101562,0.21199774742126465,1638,0.29975579975579975,0.9433566433566435,0.5523713548084258,0.42857142857142855,0.3333333333333333,0.6,C1_grid,0.3
yeast_me2,SMOTE,LGBM,4,5,0.0010004043579101562,0.048000335693359375,1638,0.29975579975579975,0.9286713286713287,0.3773516524126281,0.41379310344827586,0.3157894736842105,0.6,C1_grid,0.3
yeast_me2,SMOTE,MLP,4,5,0.0010004043579101562,3.1914734840393066,1638,0.29975579975579975,0.834965034965035,0.3718623567858993,0.380952380952381,0.36363636363636365,0.4,C1_grid,0.3
yeast_me2,SMOTE,RF,0,5,0.0009996891021728516,0.20221996307373047,1910,0.4,0.9477351916376308,0.46275973894974676,0.4000000000000001,0.4,0.4,C1_grid,0.4
yeast_me2,SMOTE,LGBM,0,5,0.0009996891021728516,0.05200004577636719,1910,0.4,0.9442508710801394,0.32917175759281025,0.4444444444444445,0.35294117647058826,0.6,C1_grid,0.4
yeast_me2,SMOTE,MLP,0,5,0.0009996891021728516,3.630156993865967,1910,0.4,0.8529616724738676,0.48104317165462673,0.5263157894736842,0.5555555555555556,0.5,C1_grid,0.4
yeast_me2,SMOTE,RF,1,5,0.0010001659393310547,0.20601248741149902,1910,0.4,0.9066202090592334,0.2843851042748102,0.29629629629629634,0.23529411764705882,0.4,C1_grid,0.4
yeast_me2,SMOTE,LGBM,1,5,0.0010001659393310547,0.05199861526489258,1910,0.4,0.932404181184669,0.2638896403539867,0.3333333333333333,0.2857142857142857,0.4,C1_grid,0.4
yeast_me2,SMOTE,MLP,1,5,0.0010001659393310547,3.6720008850097656,1910,0.4,0.878397212543554,0.19953095118063482,0.3,0.3,0.3,C1_grid,0.4
yeast_me2,SMOTE,RF,2,5,0.0010001659393310547,0.19832992553710938,1910,0.4,0.937979094076655,0.5028573709177158,0.4444444444444445,0.35294117647058826,0.6,C1_grid,0.4
yeast_me2,SMOTE,LGBM,2,5,0.0010001659393310547,0.0559995174407959,1910,0.4,0.9337979094076656,0.604520122954443,0.5,0.3888888888888889,0.7,C1_grid,0.4
yeast_me2,SMOTE,MLP,2,5,0.0010001659393310547,3.646969795227051,1910,0.4,0.8846689895470383,0.5119217701131694,0.5,0.42857142857142855,0.6,C1_grid,0.4
yeast_me2,SMOTE,RF,3,5,0.0009999275207519531,0.20999979972839355,1911,0.3997906855049712,0.919262555626192,0.44841760626450405,0.4444444444444444,0.375,0.5454545454545454,C1_grid,0.4
yeast_me2,SMOTE,LGBM,3,5,0.0009999275207519531,0.04500126838684082,1911,0.3997906855049712,0.9392879847425302,0.5127401902624964,0.4999999999999999,0.46153846153846156,0.5454545454545454,C1_grid,0.4
yeast_me2,SMOTE,MLP,3,5,0.0009999275207519531,3.6157126426696777,1911,0.3997906855049712,0.8782581055308328,0.5625738111153631,0.6,0.6666666666666666,0.5454545454545454,C1_grid,0.4
yeast_me2,SMOTE,RF,4,5,0.0009999275207519531,0.20099806785583496,1911,0.3997906855049712,0.9454545454545455,0.5872148634984833,0.3448275862068966,0.2631578947368421,0.5,C1_grid,0.4
yeast_me2,SMOTE,LGBM,4,5,0.0009999275207519531,0.046000003814697266,1911,0.3997906855049712,0.9374125874125875,0.5288257778730396,0.42857142857142855,0.3333333333333333,0.6,C1_grid,0.4
yeast_me2,SMOTE,MLP,4,5,0.0009999275207519531,3.6080009937286377,1911,0.3997906855049712,0.8419580419580419,0.38857181849536104,0.4347826086956522,0.38461538461538464,0.5,C1_grid,0.4
yeast_me2,SMOTE,RF,0,5,0.0009996891021728516,0.21099591255187988,2292,0.5,0.9362369337979095,0.4401630632997092,0.41666666666666663,0.35714285714285715,0.5,C1_grid,0.5
yeast_me2,SMOTE,LGBM,0,5,0.0009996891021728516,0.04999995231628418,2292,0.5,0.9397212543554007,0.3263243338699051,0.2608695652173913,0.23076923076923078,0.3,C1_grid,0.5
yeast_me2,SMOTE,MLP,0,5,0.0009996891021728516,4.325856924057007,2292,0.5,0.8292682926829268,0.5226865998924822,0.45454545454545453,0.4166666666666667,0.5,C1_grid,0.5
yeast_me2,SMOTE,RF,1,5,0.0009999275207519531,0.2109975814819336,2292,0.5,0.8996515679442508,0.28535597735597734,0.3076923076923077,0.25,0.4,C1_grid,0.5
yeast_me2,SMOTE,LGBM,1,5,0.0009999275207519531,0.05000042915344238,2292,0.5,0.856794425087108,0.2636824855546083,0.32,0.26666666666666666,0.4,C1_grid,0.5
yeast_me2,SMOTE,MLP,1,5,0.0009999275207519531,3.4320008754730225,2292,0.5,0.8627177700348433,0.17981151158782738,0.28571428571428564,0.2727272727272727,0.3,C1_grid,0.5
yeast_me2,SMOTE,RF,2,5,0.0010001659393310547,0.21333003044128418,2292,0.5,0.9379790940766549,0.50338051212489,0.4615384615384615,0.375,0.6,C1_grid,0.5
yeast_me2,SMOTE,LGBM,2,5,0.0010001659393310547,0.0520014762878418,2292,0.5,0.9407665505226481,0.5611943907156672,0.42857142857142855,0.3333333333333333,0.6,C1_grid,0.5
yeast_me2,SMOTE,MLP,2,5,0.0010001659393310547,3.456997871398926,2292,0.5,0.8947735191637631,0.5523333266863418,0.48,0.4,0.6,C1_grid,0.5
yeast_me2,SMOTE,RF,3,5,0.0009999275207519531,0.2142331600189209,2294,0.5,0.9144945963127782,0.44907699368142406,0.41379310344827586,0.3333333333333333,0.5454545454545454,C1_grid,0.5
yeast_me2,SMOTE,LGBM,3,5,0.0009999275207519531,0.05099773406982422,2294,0.5,0.9399237126509854,0.49286316707074057,0.5,0.5555555555555556,0.45454545454545453,C1_grid,0.5
yeast_me2,SMOTE,MLP,3,5,0.0009999275207519531,4.140000820159912,2294,0.5,0.8684043229497775,0.5415671767101041,0.5217391304347826,0.5,0.5454545454545454,C1_grid,0.5
yeast_me2,SMOTE,RF,4,5,0.0010006427764892578,0.20317554473876953,2294,0.5,0.9461538461538461,0.5866910499139415,0.3448275862068966,0.2631578947368421,0.5,C1_grid,0.5
yeast_me2,SMOTE,LGBM,4,5,0.0010006427764892578,0.04600071907043457,2294,0.5,0.9447552447552447,0.5562084841038127,0.4615384615384615,0.375,0.6,C1_grid,0.5
yeast_me2,SMOTE,MLP,4,5,0.0010006427764892578,3.9380006790161133,2294,0.5,0.83006993006993,0.4007218231278446,0.4000000000000001,0.4,0.4,C1_grid,0.5
yeast_me2,ADASYN,RF,0,5,0.003002166748046875,0.21455645561218262,1446,0.2074688796680498,0.9536585365853658,0.40942481127190156,0.48,0.4,0.6,C1_grid,0.2
yeast_me2,ADASYN,LGBM,0,5,0.003002166748046875,0.051999807357788086,1446,0.2074688796680498,0.9404181184668989,0.34982633078596354,0.4444444444444445,0.35294117647058826,0.6,C1_grid,0.2
yeast_me2,ADASYN,MLP,0,5,0.003002166748046875,2.8487093448638916,1446,0.2074688796680498,0.8494773519163764,0.3949323730199539,0.33333333333333326,0.375,0.3,C1_grid,0.2
yeast_me2,ADASYN,RF,1,5,0.0029997825622558594,0.1960301399230957,1433,0.2002791346824843,0.9191637630662021,0.3003802759149769,0.3076923076923077,0.25,0.4,C1_grid,0.2
yeast_me2,ADASYN,LGBM,1,5,0.0029997825622558594,0.052999019622802734,1433,0.2002791346824843,0.854006968641115,0.27269070010449326,0.4347826086956522,0.38461538461538464,0.5,C1_grid,0.2
yeast_me2,ADASYN,MLP,1,5,0.0029997825622558594,2.8100008964538574,1433,0.2002791346824843,0.8825783972125435,0.21510447951835512,0.33333333333333326,0.375,0.3,C1_grid,0.2
yeast_me2,ADASYN,RF,2,5,0.0030002593994140625,0.20800018310546875,1433,0.2002791346824843,0.9418118466898955,0.5647527618397455,0.38461538461538464,0.3125,0.5,C1_grid,0.2
yeast_me2,ADASYN,LGBM,2,5,0.0030002593994140625,0.057999610900878906,1433,0.2002791346824843,0.9540069686411149,0.6645473716285198,0.45161290322580644,0.3333333333333333,0.7,C1_grid,0.2
yeast_me2,ADASYN,MLP,2,5,0.0030002593994140625,2.8370978832244873,1433,0.2002791346824843,0.9024390243902439,0.6206174544710455,0.5217391304347826,0.46153846153846156,0.6,C1_grid,0.2
yeast_me2,ADASYN,RF,3,5,0.0029997825622558594,0.20373106002807617,1429,0.1973407977606718,0.924666242848061,0.4483143735351495,0.4444444444444444,0.375,0.5454545454545454,C1_grid,0.2
yeast_me2,ADASYN,LGBM,3,5,0.0029997825622558594,0.05300021171569824,1429,0.1973407977606718,0.9405594405594405,0.5208733510191487,0.4,0.35714285714285715,0.45454545454545453,C1_grid,0.2
yeast_me2,ADASYN,MLP,3,5,0.0029997825622558594,2.716000556945801,1429,0.1973407977606718,0.884297520661157,0.4852135940897409,0.5454545454545454,0.5454545454545454,0.5454545454545454,C1_grid,0.2
yeast_me2,ADASYN,RF,4,5,0.002000093460083008,0.19800019264221191,1439,0.2029186935371786,0.9486013986013987,0.5658419282057147,0.3870967741935483,0.2857142857142857,0.6,C1_grid,0.2
yeast_me2,ADASYN,LGBM,4,5,0.002000093460083008,0.0540003776550293,1439,0.2029186935371786,0.9458041958041958,0.513846570568702,0.4444444444444445,0.35294117647058826,0.6,C1_grid,0.2
yeast_me2,ADASYN,MLP,4,5,0.002000093460083008,2.839999198913574,1439,0.2029186935371786,0.8370629370629371,0.4081165542449147,0.4347826086956522,0.38461538461538464,0.5,C1_grid,0.2
yeast_me2,ADASYN,RF,0,5,0.003000020980834961,0.19626522064208984,1640,0.30121951219512194,0.9418118466898954,0.5063467765896301,0.4444444444444445,0.35294117647058826,0.6,C1_grid,0.3
yeast_me2,ADASYN,LGBM,0,5,0.003000020980834961,0.04600071907043457,1640,0.30121951219512194,0.9358885017421603,0.37711458657537084,0.37037037037037035,0.29411764705882354,0.5,C1_grid,0.3
yeast_me2,ADASYN,MLP,0,5,0.003000020980834961,3.211998224258423,1640,0.30121951219512194,0.8491289198606272,0.3108152501506932,0.47619047619047616,0.45454545454545453,0.5,C1_grid,0.3
yeast_me2,ADASYN,RF,1,5,0.003000020980834961,0.196000337600708,1637,0.2999389126450825,0.9142857142857143,0.29870381930105133,0.4375,0.3181818181818182,0.7,C1_grid,0.3
yeast_me2,ADASYN,LGBM,1,5,0.003000020980834961,0.0520014762878418,1637,0.2999389126450825,0.8533101045296168,0.2599008510037922,0.32,0.26666666666666666,0.4,C1_grid,0.3
yeast_me2,ADASYN,MLP,1,5,0.003000020980834961,3.161367416381836,1637,0.2999389126450825,0.8857142857142857,0.19940255922497876,0.28571428571428564,0.2727272727272727,0.3,C1_grid,0.3
yeast_me2,ADASYN,RF,2,5,0.0029993057250976562,0.20399975776672363,1639,0.3007931665649786,0.9348432055749128,0.4464016113687166,0.41379310344827586,0.3157894736842105,0.6,C1_grid,0.3
yeast_me2,ADASYN,LGBM,2,5,0.0029993057250976562,0.0579988956451416,1639,0.3007931665649786,0.9505226480836236,0.6004690696965739,0.4666666666666667,0.35,0.7,C1_grid,0.3
yeast_me2,ADASYN,MLP,2,5,0.0029993057250976562,3.259000778198242,1639,0.3007931665649786,0.8923344947735192,0.5809307860813885,0.45454545454545453,0.4166666666666667,0.5,C1_grid,0.3
yeast_me2,ADASYN,RF,3,5,0.0030002593994140625,0.19999957084655762,1646,0.3031591737545565,0.9125874125874126,0.38349558314585447,0.30303030303030304,0.22727272727272727,0.45454545454545453,C1_grid,0.3
yeast_me2,ADASYN,LGBM,3,5,0.0030002593994140625,0.06695365905761719,1646,0.3031591737545565,0.9446916719643992,0.47562930953310234,0.34782608695652173,0.3333333333333333,0.36363636363636365,C1_grid,0.3
yeast_me2,ADASYN,MLP,3,5,0.0030002593994140625,3.242999315261841,1646,0.3031591737545565,0.864907819453274,0.48333233600734093,0.5217391304347826,0.5,0.5454545454545454,C1_grid,0.3
yeast_me2,ADASYN,RF,4,5,0.003000020980834961,0.2090003490447998,1635,0.2984709480122324,0.9486013986013987,0.554076074332172,0.37499999999999994,0.2727272727272727,0.6,C1_grid,0.3
yeast_me2,ADASYN,LGBM,4,5,0.003000020980834961,0.04500079154968262,1635,0.2984709480122324,0.9440559440559441,0.3885213977861036,0.38461538461538464,0.3125,0.5,C1_grid,0.3
yeast_me2,ADASYN,MLP,4,5,0.003000020980834961,3.1760010719299316,1635,0.2984709480122324,0.8510489510489511,0.42655158081177225,0.5454545454545454,0.5,0.6,C1_grid,0.3
yeast_me2,ADASYN,RF,0,5,0.003000020980834961,0.19899988174438477,1906,0.3987408184679958,0.943205574912892,0.4641517303438788,0.5185185185185185,0.4117647058823529,0.7,C1_grid,0.4
yeast_me2,ADASYN,LGBM,0,5,0.003000020980834961,0.05000019073486328,1906,0.3987408184679958,0.9376306620209058,0.3371717736779849,0.24,0.2,0.3,C1_grid,0.4
yeast_me2,ADASYN,MLP,0,5,0.003000020980834961,3.652000665664673,1906,0.3987408184679958,0.8442508710801394,0.31879407060177556,0.45454545454545453,0.4166666666666667,0.5,C1_grid,0.4
yeast_me2,ADASYN,RF,1,5,0.003000020980834961,0.20686125755310059,1905,0.3984251968503937,0.891637630662021,0.27360494593226076,0.36363636363636365,0.2608695652173913,0.6,C1_grid,0.4
yeast_me2,ADASYN,LGBM,1,5,0.003000020980834961,0.05299830436706543,1905,0.3984251968503937,0.9080139372822299,0.25473186464188524,0.37037037037037035,0.29411764705882354,0.5,C1_grid,0.4
yeast_me2,ADASYN,MLP,1,5,0.003000020980834961,3.541001081466675,1905,0.3984251968503937,0.8871080139372822,0.20346941058058476,0.3,0.3,0.3,C1_grid,0.4
yeast_me2,ADASYN,RF,2,5,0.0020003318786621094,0.19699954986572266,1911,0.4003139717425432,0.937979094076655,0.4729645044766528,0.41379310344827586,0.3157894736842105,0.6,C1_grid,0.4
yeast_me2,ADASYN,LGBM,2,5,0.0020003318786621094,0.0449986457824707,1911,0.4003139717425432,0.9526132404181185,0.6763512812532418,0.5185185185185185,0.4117647058823529,0.7,C1_grid,0.4
yeast_me2,ADASYN,MLP,2,5,0.0020003318786621094,3.640000581741333,1911,0.4003139717425432,0.889547038327526,0.5077740754056543,0.5,0.42857142857142855,0.6,C1_grid,0.4
yeast_me2,ADASYN,RF,3,5,0.0030002593994140625,0.1979961395263672,1914,0.4007314524555904,0.9116338207247299,0.43402326667624197,0.3888888888888889,0.28,0.6363636363636364,C1_grid,0.4
yeast_me2,ADASYN,LGBM,3,5,0.0030002593994140625,0.04599595069885254,1914,0.4007314524555904,0.9367450731087095,0.5845682378769028,0.3703703703703703,0.3125,0.45454545454545453,C1_grid,0.4
yeast_me2,ADASYN,MLP,3,5,0.0030002593994140625,3.6140012741088867,1914,0.4007314524555904,0.8703115066751429,0.5178127743468652,0.4799999999999999,0.42857142857142855,0.5454545454545454,C1_grid,0.4
yeast_me2,ADASYN,RF,4,5,0.0019998550415039062,0.20000004768371582,1913,0.40041819132253004,0.9503496503496504,0.5801838235294117,0.47058823529411764,0.3333333333333333,0.8,C1_grid,0.4
yeast_me2,ADASYN,LGBM,4,5,0.0019998550415039062,0.05399727821350098,1913,0.40041819132253004,0.9440559440559441,0.46721121471121474,0.4615384615384615,0.375,0.6,C1_grid,0.4
yeast_me2,ADASYN,MLP,4,5,0.0019998550415039062,3.2299997806549072,1913,0.40041819132253004,0.8475524475524475,0.4052858974077358,0.5217391304347826,0.46153846153846156,0.6,C1_grid,0.4
yeast_me2,ADASYN,RF,0,5,0.002000093460083008,0.20836639404296875,2292,0.5,0.9459930313588851,0.4611684961065765,0.5185185185185185,0.4117647058823529,0.7,C1_grid,0.5
yeast_me2,ADASYN,LGBM,0,5,0.002000093460083008,0.05499911308288574,2292,0.5,0.9435540069686411,0.3375457854199451,0.3333333333333333,0.2857142857142857,0.4,C1_grid,0.5
yeast_me2,ADASYN,MLP,0,5,0.002000093460083008,4.051000118255615,2292,0.5,0.8418118466898955,0.34509822886293473,0.45454545454545453,0.4166666666666667,0.5,C1_grid,0.5
yeast_me2,ADASYN,RF,1,5,0.0030002593994140625,0.21564507484436035,2291,0.4997817546922741,0.9013937282229966,0.27533034276512536,0.3333333333333333,0.25,0.5,C1_grid,0.5
yeast_me2,ADASYN,LGBM,1,5,0.0030002593994140625,0.05399894714355469,2291,0.4997817546922741,0.845644599303136,0.24954375692089903,0.32,0.26666666666666666,0.4,C1_grid,0.5
yeast_me2,ADASYN,MLP,1,5,0.0030002593994140625,4.312999248504639,2291,0.4997817546922741,0.8717770034843205,0.18524079537771218,0.28571428571428564,0.2727272727272727,0.3,C1_grid,0.5
yeast_me2,ADASYN,RF,2,5,0.0029997825622558594,0.21052837371826172,2279,0.4971478718736288,0.937630662020906,0.48994944948815256,0.41379310344827586,0.3157894736842105,0.6,C1_grid,0.5
yeast_me2,ADASYN,LGBM,2,5,0.0029997825622558594,0.054999351501464844,2279,0.4971478718736288,0.9463414634146342,0.6248611711072538,0.5384615384615384,0.4375,0.7,C1_grid,0.5
yeast_me2,ADASYN,MLP,2,5,0.0029997825622558594,4.139000654220581,2279,0.4971478718736288,0.8843205574912892,0.5220309429132959,0.5,0.42857142857142855,0.6,C1_grid,0.5
yeast_me2,ADASYN,RF,3,5,0.0029973983764648438,0.20399999618530273,2290,0.49912663755458514,0.9062301335028607,0.4221356545112977,0.31249999999999994,0.23809523809523808,0.45454545454545453,C1_grid,0.5
yeast_me2,ADASYN,LGBM,3,5,0.0029973983764648438,0.057999610900878906,2290,0.49912663755458514,0.9354736172917991,0.4640419563774895,0.3703703703703703,0.3125,0.45454545454545453,C1_grid,0.5
yeast_me2,ADASYN,MLP,3,5,0.0029973983764648438,4.3060009479522705,2290,0.49912663755458514,0.8744437380801017,0.4709737785518557,0.4799999999999999,0.42857142857142855,0.5454545454545454,C1_grid,0.5
yeast_me2,ADASYN,RF,4,5,0.0029993057250976562,0.2059485912322998,2294,0.5,0.9451048951048951,0.5484737854737854,0.37499999999999994,0.2727272727272727,0.6,C1_grid,0.5
yeast_me2,ADASYN,LGBM,4,5,0.0029993057250976562,0.05099892616271973,2294,0.5,0.9283216783216782,0.4053882928665537,0.42857142857142855,0.3333333333333333,0.6,C1_grid,0.5
yeast_me2,ADASYN,MLP,4,5,0.0029993057250976562,4.315000534057617,2294,0.5,0.8531468531468532,0.43356898467554206,0.41666666666666663,0.35714285714285715,0.5,C1_grid,0.5
yeast_me2,G-SMOTE,RF,0,5,0.26000213623046875,0.19899749755859375,1427,0.19691660826909602,0.9470383275261325,0.4108635853643701,0.5,0.42857142857142855,0.6,C1_grid,0.2
yeast_me2,G-SMOTE,LGBM,0,5,0.26000213623046875,0.053999900817871094,1427,0.19691660826909602,0.9341463414634147,0.3763698176962915,0.34782608695652173,0.3076923076923077,0.4,C1_grid,0.2
yeast_me2,G-SMOTE,MLP,0,5,0.26000213623046875,2.6850013732910156,1427,0.19691660826909602,0.878397212543554,0.4644092085051338,0.5555555555555556,0.625,0.5,C1_grid,0.2
yeast_me2,G-SMOTE,RF,1,5,0.2840003967285156,0.1852405071258545,1426,0.19635343618513323,0.9101045296167247,0.26850917635758637,0.34782608695652173,0.3076923076923077,0.4,C1_grid,0.2
yeast_me2,G-SMOTE,LGBM,1,5,0.2840003967285156,0.04699969291687012,1426,0.19635343618513323,0.8445993031358885,0.23328563926210014,0.32,0.26666666666666666,0.4,C1_grid,0.2
yeast_me2,G-SMOTE,MLP,1,5,0.2840003967285156,2.6970021724700928,1426,0.19635343618513323,0.8905923344947736,0.19885932942211407,0.28571428571428564,0.2727272727272727,0.3,C1_grid,0.2
yeast_me2,G-SMOTE,RF,2,5,0.21799850463867188,0.19499897956848145,1432,0.19972067039106145,0.9418118466898955,0.4544729076281102,0.38461538461538464,0.3125,0.5,C1_grid,0.2
yeast_me2,G-SMOTE,LGBM,2,5,0.21799850463867188,0.05899763107299805,1432,0.19972067039106145,0.9456445993031358,0.5227282152249694,0.5,0.3888888888888889,0.7,C1_grid,0.2
yeast_me2,G-SMOTE,MLP,2,5,0.21799850463867188,2.607351064682007,1432,0.19972067039106145,0.8832752613240418,0.45315568269250744,0.41666666666666663,0.35714285714285715,0.5,C1_grid,0.2
yeast_me2,G-SMOTE,RF,3,5,0.2200014591217041,0.20090556144714355,1433,0.19958129797627355,0.9319771137952956,0.4996285354574125,0.56,0.5,0.6363636363636364,C1_grid,0.2
yeast_me2,G-SMOTE,LGBM,3,5,0.2200014591217041,0.044000864028930664,1433,0.19958129797627355,0.9272091544818818,0.5316319713112266,0.4799999999999999,0.42857142857142855,0.5454545454545454,C1_grid,0.2
yeast_me2,G-SMOTE,MLP,3,5,0.2200014591217041,2.8514671325683594,1433,0.19958129797627355,0.8836617927527018,0.555488671582311,0.5454545454545454,0.5454545454545454,0.5454545454545454,C1_grid,0.2
yeast_me2,G-SMOTE,RF,4,5,0.23799657821655273,0.20141077041625977,1434,0.200139470013947,0.9510489510489512,0.5192077990461857,0.35714285714285715,0.2777777777777778,0.5,C1_grid,0.2
yeast_me2,G-SMOTE,LGBM,4,5,0.23799657821655273,0.05900073051452637,1434,0.200139470013947,0.944055944055944,0.45134984855393145,0.27586206896551724,0.21052631578947367,0.4,C1_grid,0.2
yeast_me2,G-SMOTE,MLP,4,5,0.23799657821655273,2.8239102363586426,1434,0.200139470013947,0.8377622377622377,0.4467077861480548,0.4000000000000001,0.4,0.4,C1_grid,0.2
yeast_me2,G-SMOTE,RF,0,5,0.2870004177093506,0.19499993324279785,1627,0.2956361401352182,0.9501742160278746,0.4380234207384399,0.5454545454545454,0.5,0.6,C1_grid,0.3
yeast_me2,G-SMOTE,LGBM,0,5,0.2870004177093506,0.06499862670898438,1627,0.2956361401352182,0.9668989547038328,0.49893604413942333,0.5714285714285714,0.4444444444444444,0.8,C1_grid,0.3
yeast_me2,G-SMOTE,MLP,0,5,0.2870004177093506,3.0930001735687256,1627,0.2956361401352182,0.8574912891986063,0.4463482652613087,0.33333333333333326,0.375,0.3,C1_grid,0.3
yeast_me2,G-SMOTE,RF,1,5,0.2520017623901367,0.19686603546142578,1626,0.2952029520295203,0.9087108013937282,0.27969900186178,0.35714285714285715,0.2777777777777778,0.5,C1_grid,0.3
yeast_me2,G-SMOTE,LGBM,1,5,0.2520017623901367,0.04099917411804199,1626,0.2952029520295203,0.8968641114982578,0.24838487539591322,0.2608695652173913,0.23076923076923078,0.3,C1_grid,0.3
yeast_me2,G-SMOTE,MLP,1,5,0.2520017623901367,2.3695456981658936,1626,0.2952029520295203,0.8878048780487806,0.19339059243515402,0.3,0.3,0.3,C1_grid,0.3
yeast_me2,G-SMOTE,RF,2,5,0.19899940490722656,0.19467973709106445,1637,0.2999389126450825,0.9337979094076655,0.4405647562303909,0.37037037037037035,0.29411764705882354,0.5,C1_grid,0.3
yeast_me2,G-SMOTE,LGBM,2,5,0.19899940490722656,0.046000003814697266,1637,0.2999389126450825,0.9386759581881534,0.6218102073365231,0.5,0.3888888888888889,0.7,C1_grid,0.3
yeast_me2,G-SMOTE,MLP,2,5,0.19899940490722656,3.200000762939453,1637,0.2999389126450825,0.8874564459930314,0.4649565803620419,0.41666666666666663,0.35714285714285715,0.5,C1_grid,0.3
yeast_me2,G-SMOTE,RF,3,5,0.2950012683868408,0.2739987373352051,1638,0.29975579975579975,0.9313413858868405,0.4438574359695961,0.4444444444444444,0.375,0.5454545454545454,C1_grid,0.3
yeast_me2,G-SMOTE,LGBM,3,5,0.2950012683868408,0.05900001525878906,1638,0.29975579975579975,0.9221233312142403,0.47684622621588857,0.45454545454545453,0.45454545454545453,0.45454545454545453,C1_grid,0.3
yeast_me2,G-SMOTE,MLP,3,5,0.2950012683868408,2.767000675201416,1638,0.29975579975579975,0.8696757787666878,0.5442147608329625,0.5,0.5555555555555556,0.45454545454545453,C1_grid,0.3
yeast_me2,G-SMOTE,RF,4,5,0.2850010395050049,0.19199681282043457,1639,0.300183038438072,0.9486013986013986,0.5587066615554988,0.42857142857142855,0.3333333333333333,0.6,C1_grid,0.3
yeast_me2,G-SMOTE,LGBM,4,5,0.2850010395050049,0.04600048065185547,1639,0.300183038438072,0.945104895104895,0.4393126122703588,0.4,0.3,0.6,C1_grid,0.3
yeast_me2,G-SMOTE,MLP,4,5,0.2850010395050049,3.1740002632141113,1639,0.300183038438072,0.8412587412587412,0.47323259410290125,0.45454545454545453,0.4166666666666667,0.5,C1_grid,0.3
yeast_me2,G-SMOTE,RF,0,5,0.35000133514404297,0.20483946800231934,1892,0.39429175475687106,0.9421602787456446,0.4347033685268979,0.5217391304347826,0.46153846153846156,0.6,C1_grid,0.4
yeast_me2,G-SMOTE,LGBM,0,5,0.35000133514404297,0.06000018119812012,1892,0.39429175475687106,0.9616724738675957,0.5070683232978315,0.56,0.4666666666666667,0.7,C1_grid,0.4
yeast_me2,G-SMOTE,MLP,0,5,0.35000133514404297,3.569000720977783,1892,0.39429175475687106,0.8407665505226481,0.3569014463378625,0.4444444444444445,0.5,0.4,C1_grid,0.4
yeast_me2,G-SMOTE,RF,1,5,0.23399877548217773,0.20399999618530273,1893,0.39461172741679873,0.9041811846689896,0.27715394228325263,0.3333333333333333,0.25,0.5,C1_grid,0.4
yeast_me2,G-SMOTE,LGBM,1,5,0.23399877548217773,0.054000139236450195,1893,0.39461172741679873,0.8891986062717769,0.2365700608804057,0.25,0.21428571428571427,0.3,C1_grid,0.4
yeast_me2,G-SMOTE,MLP,1,5,0.23399877548217773,3.603001356124878,1893,0.39461172741679873,0.8933797909407666,0.19344075169092326,0.3157894736842105,0.3333333333333333,0.3,C1_grid,0.4
yeast_me2,G-SMOTE,RF,2,5,0.21300125122070312,0.20602917671203613,1910,0.4,0.9327526132404181,0.4421202934996038,0.37037037037037035,0.29411764705882354,0.5,C1_grid,0.4
yeast_me2,G-SMOTE,LGBM,2,5,0.21300125122070312,0.046000003814697266,1910,0.4,0.9445993031358885,0.605749111999112,0.5,0.3888888888888889,0.7,C1_grid,0.4
yeast_me2,G-SMOTE,MLP,2,5,0.21300125122070312,3.6170008182525635,1910,0.4,0.8912891986062718,0.43117729064571414,0.4347826086956522,0.38461538461538464,0.5,C1_grid,0.4
yeast_me2,G-SMOTE,RF,3,5,0.21700119972229004,0.1979990005493164,1911,0.3997906855049712,0.9313413858868403,0.4794688893702283,0.41379310344827586,0.3333333333333333,0.5454545454545454,C1_grid,0.4
yeast_me2,G-SMOTE,LGBM,3,5,0.21700119972229004,0.06299996376037598,1911,0.3997906855049712,0.9319771137952956,0.4651237587082915,0.4444444444444444,0.375,0.5454545454545454,C1_grid,0.4
yeast_me2,G-SMOTE,MLP,3,5,0.21700119972229004,3.4270002841949463,1911,0.3997906855049712,0.875715193897012,0.5616735338027204,0.5454545454545454,0.5454545454545454,0.5454545454545454,C1_grid,0.4
yeast_me2,G-SMOTE,RF,4,5,0.22300076484680176,0.19899940490722656,1912,0.40010460251046026,0.9524475524475524,0.608826724000637,0.38461538461538464,0.3125,0.5,C1_grid,0.4
yeast_me2,G-SMOTE,LGBM,4,5,0.22300076484680176,0.054000139236450195,1912,0.40010460251046026,0.948951048951049,0.4619491614411522,0.37037037037037035,0.29411764705882354,0.5,C1_grid,0.4
yeast_me2,G-SMOTE,MLP,4,5,0.22300076484680176,3.3750007152557373,1912,0.40010460251046026,0.8367132867132867,0.4292695702904798,0.45454545454545453,0.4166666666666667,0.5,C1_grid,0.4
yeast_me2,G-SMOTE,RF,0,5,0.28100013732910156,0.1939997673034668,2266,0.4942630185348632,0.9459930313588851,0.43962314942408615,0.5,0.42857142857142855,0.6,C1_grid,0.5
yeast_me2,G-SMOTE,LGBM,0,5,0.28100013732910156,0.05199933052062988,2266,0.4942630185348632,0.9529616724738675,0.4310868496582782,0.5833333333333334,0.5,0.7,C1_grid,0.5
yeast_me2,G-SMOTE,MLP,0,5,0.28100013732910156,3.4760005474090576,2266,0.4942630185348632,0.8452961672473869,0.4058213251534547,0.45454545454545453,0.4166666666666667,0.5,C1_grid,0.5
yeast_me2,G-SMOTE,RF,1,5,0.2460010051727295,0.20900630950927734,2265,0.49403973509933774,0.8982578397212544,0.30663265954741925,0.3448275862068966,0.2631578947368421,0.5,C1_grid,0.5
yeast_me2,G-SMOTE,LGBM,1,5,0.2460010051727295,0.054000139236450195,2265,0.49403973509933774,0.8331010452961672,0.23239475259878167,0.3333333333333333,0.2857142857142857,0.4,C1_grid,0.5
yeast_me2,G-SMOTE,MLP,1,5,0.2460010051727295,4.309000730514526,2265,0.49403973509933774,0.89198606271777,0.1757498961072925,0.28571428571428564,0.2727272727272727,0.3,C1_grid,0.5
yeast_me2,G-SMOTE,RF,2,5,0.23200201988220215,0.21799826622009277,2292,0.5,0.9390243902439025,0.4935593740169013,0.38461538461538464,0.3125,0.5,C1_grid,0.5
yeast_me2,G-SMOTE,LGBM,2,5,0.23200201988220215,0.054000139236450195,2292,0.5,0.9348432055749128,0.5787009803921568,0.5,0.42857142857142855,0.6,C1_grid,0.5
yeast_me2,G-SMOTE,MLP,2,5,0.23200201988220215,4.17132043838501,2292,0.5,0.886411149825784,0.38328565046824087,0.4347826086956522,0.38461538461538464,0.5,C1_grid,0.5
yeast_me2,G-SMOTE,RF,3,5,0.2199995517730713,0.212998628616333,2294,0.5,0.9291163382072474,0.43761980545682355,0.4666666666666667,0.3684210526315789,0.6363636363636364,C1_grid,0.5
yeast_me2,G-SMOTE,LGBM,3,5,0.2199995517730713,0.05699968338012695,2294,0.5,0.9342021614748887,0.5178758690482735,0.4,0.35714285714285715,0.45454545454545453,C1_grid,0.5
yeast_me2,G-SMOTE,MLP,3,5,0.2199995517730713,4.3630006313323975,2294,0.5,0.8706293706293706,0.5024568628194447,0.4999999999999999,0.46153846153846156,0.5454545454545454,C1_grid,0.5
yeast_me2,G-SMOTE,RF,4,5,0.28299713134765625,0.21199893951416016,2295,0.5002178649237473,0.9454545454545454,0.5794535416274547,0.38461538461538464,0.3125,0.5,C1_grid,0.5
yeast_me2,G-SMOTE,LGBM,4,5,0.28299713134765625,0.0559992790222168,2295,0.5002178649237473,0.9437062937062937,0.40955055909003274,0.380952380952381,0.36363636363636365,0.4,C1_grid,0.5
yeast_me2,G-SMOTE,MLP,4,5,0.28299713134765625,4.3600006103515625,2295,0.5002178649237473,0.8241258741258741,0.3818805263940973,0.4000000000000001,0.4,0.4,C1_grid,0.5
yeast_me2,CTGAN,RF,0,5,1.500999927520752,0.19099950790405273,1432,0.19972067039106145,0.972473867595819,0.49252602608672214,0.26666666666666666,0.4,0.2,C1_grid,0.2
yeast_me2,CTGAN,LGBM,0,5,1.500999927520752,0.055999755859375,1432,0.19972067039106145,0.942857142857143,0.42663059163059164,0.588235294117647,0.7142857142857143,0.5,C1_grid,0.2
yeast_me2,CTGAN,MLP,0,5,1.500999927520752,2.7340002059936523,1432,0.19972067039106145,0.9135888501742161,0.31846172654901794,0.28571428571428575,0.5,0.2,C1_grid,0.2
yeast_me2,CTGAN,RF,1,5,1.7050023078918457,0.19899773597717285,1432,0.19972067039106145,0.8850174216027874,0.19018080798601306,0.23529411764705882,0.2857142857142857,0.2,C1_grid,0.2
yeast_me2,CTGAN,LGBM,1,5,1.7050023078918457,0.040000200271606445,1432,0.19972067039106145,0.9104529616724738,0.1909134364245083,0.2105263157894737,0.2222222222222222,0.2,C1_grid,0.2
yeast_me2,CTGAN,MLP,1,5,1.7050023078918457,2.742999792098999,1432,0.19972067039106145,0.8264808362369338,0.1699427286612907,0.15384615384615385,0.125,0.2,C1_grid,0.2
yeast_me2,CTGAN,RF,2,5,1.7700002193450928,0.18799996376037598,1432,0.19972067039106145,0.956794425087108,0.658117039964866,0.631578947368421,0.6666666666666666,0.6,C1_grid,0.2
yeast_me2,CTGAN,LGBM,2,5,1.7700002193450928,0.06100106239318848,1432,0.19972067039106145,0.9564459930313589,0.52550828204054,0.5714285714285713,0.5454545454545454,0.6,C1_grid,0.2
yeast_me2,CTGAN,MLP,2,5,1.7700002193450928,2.7400009632110596,1432,0.19972067039106145,0.9414634146341464,0.6093068870718323,0.48,0.4,0.6,C1_grid,0.2
yeast_me2,CTGAN,RF,3,5,1.735999345779419,0.18700122833251953,1433,0.19958129797627355,0.9399237126509854,0.586603199724428,0.5263157894736842,0.625,0.45454545454545453,C1_grid,0.2
yeast_me2,CTGAN,LGBM,3,5,1.735999345779419,0.060997962951660156,1433,0.19958129797627355,0.9376986649713922,0.5116248915378045,0.5000000000000001,0.8,0.36363636363636365,C1_grid,0.2
yeast_me2,CTGAN,MLP,3,5,1.735999345779419,2.759000539779663,1433,0.19958129797627355,0.8661792752701843,0.43552637607579414,0.4615384615384615,0.4,0.5454545454545454,C1_grid,0.2
yeast_me2,CTGAN,RF,4,5,1.8409996032714844,0.19300007820129395,1433,0.19958129797627355,0.963986013986014,0.44344246031746026,0.26666666666666666,0.4,0.2,C1_grid,0.2
yeast_me2,CTGAN,LGBM,4,5,1.8409996032714844,0.06299996376037598,1433,0.19958129797627355,0.9538461538461538,0.46977489177489185,0.3529411764705882,0.42857142857142855,0.3,C1_grid,0.2
yeast_me2,CTGAN,MLP,4,5,1.8409996032714844,2.8760006427764893,1433,0.19958129797627355,0.836013986013986,0.3934530086090301,0.3448275862068966,0.2631578947368421,0.5,C1_grid,0.2
yeast_me2,CTGAN,RF,0,5,1.7040009498596191,0.19299912452697754,1637,0.2999389126450825,0.9418118466898954,0.3827544577544577,0.16666666666666669,0.5,0.1,C1_grid,0.3
yeast_me2,CTGAN,LGBM,0,5,1.7040009498596191,0.05299830436706543,1637,0.2999389126450825,0.9550522648083624,0.5550227241893908,0.4285714285714285,0.75,0.3,C1_grid,0.3
yeast_me2,CTGAN,MLP,0,5,1.7040009498596191,3.2310006618499756,1637,0.2999389126450825,0.7961672473867596,0.3418132826683149,0.25,0.3333333333333333,0.2,C1_grid,0.3
yeast_me2,CTGAN,RF,1,5,1.8000004291534424,0.18799972534179688,1637,0.2999389126450825,0.8843205574912892,0.21791612898021157,0.3,0.3,0.3,C1_grid,0.3
yeast_me2,CTGAN,LGBM,1,5,1.8000004291534424,0.06300020217895508,1637,0.2999389126450825,0.9104529616724738,0.18468084442708504,0.1818181818181818,0.16666666666666666,0.2,C1_grid,0.3
yeast_me2,CTGAN,MLP,1,5,1.8000004291534424,3.1880013942718506,1637,0.2999389126450825,0.8393728222996516,0.14877202288384694,0.17391304347826086,0.15384615384615385,0.2,C1_grid,0.3
yeast_me2,CTGAN,RF,2,5,1.7719976902008057,0.19899988174438477,1637,0.2999389126450825,0.9442508710801394,0.6296467374433474,0.30769230769230765,0.6666666666666666,0.2,C1_grid,0.3
yeast_me2,CTGAN,LGBM,2,5,1.7719976902008057,0.05399966239929199,1637,0.2999389126450825,0.954006968641115,0.45611645406175555,0.5263157894736842,0.5555555555555556,0.5,C1_grid,0.3
yeast_me2,CTGAN,MLP,2,5,1.7719976902008057,3.22200083732605,1637,0.2999389126450825,0.8700348432055749,0.3762015424218711,0.4347826086956522,0.38461538461538464,0.5,C1_grid,0.3
yeast_me2,CTGAN,RF,3,5,1.6920020580291748,0.19099783897399902,1638,0.29975579975579975,0.9396058486967579,0.5863939659609221,0.625,1.0,0.45454545454545453,C1_grid,0.3
yeast_me2,CTGAN,LGBM,3,5,1.6920020580291748,0.05899786949157715,1638,0.29975579975579975,0.9294342021614749,0.49872775439926076,0.5333333333333333,1.0,0.36363636363636365,C1_grid,0.3
yeast_me2,CTGAN,MLP,3,5,1.6920020580291748,3.187208414077759,1638,0.29975579975579975,0.9119516846789574,0.42226004001366313,0.32,0.2857142857142857,0.36363636363636365,C1_grid,0.3
yeast_me2,CTGAN,RF,4,5,1.6559998989105225,0.19099998474121094,1638,0.29975579975579975,0.9674825174825175,0.5259774822256139,0.33333333333333337,1.0,0.2,C1_grid,0.3
yeast_me2,CTGAN,LGBM,4,5,1.6559998989105225,0.05500030517578125,1638,0.29975579975579975,0.8632867132867135,0.39943166357452076,0.22222222222222224,0.25,0.2,C1_grid,0.3
yeast_me2,CTGAN,MLP,4,5,1.6559998989105225,3.210081100463867,1638,0.29975579975579975,0.833916083916084,0.35502274188233096,0.3125,0.22727272727272727,0.5,C1_grid,0.3
yeast_me2,CTGAN,RF,0,5,1.6069972515106201,0.1940000057220459,1910,0.4,0.9693379790940766,0.5253967861848297,0.16666666666666669,0.5,0.1,C1_grid,0.4
yeast_me2,CTGAN,LGBM,0,5,1.6069972515106201,0.06399893760681152,1910,0.4,0.9616724738675958,0.6090575396825396,0.4,0.6,0.3,C1_grid,0.4
yeast_me2,CTGAN,MLP,0,5,1.6069972515106201,3.9290008544921875,1910,0.4,0.8912891986062719,0.3872093769592952,0.4210526315789474,0.4444444444444444,0.4,C1_grid,0.4
yeast_me2,CTGAN,RF,1,5,1.6649999618530273,0.21547269821166992,1910,0.4,0.886411149825784,0.2163821041343977,0.14285714285714288,0.25,0.1,C1_grid,0.4
yeast_me2,CTGAN,LGBM,1,5,1.6649999618530273,0.043999433517456055,1910,0.4,0.9160278745644599,0.19440270224309128,0.10526315789473685,0.1111111111111111,0.1,C1_grid,0.4
yeast_me2,CTGAN,MLP,1,5,1.6649999618530273,3.673088312149048,1910,0.4,0.7452961672473868,0.091502926462332,0.0,0.0,0.0,C1_grid,0.4
yeast_me2,CTGAN,RF,2,5,1.5450000762939453,0.19300007820129395,1910,0.4,0.9470383275261325,0.6959277209277209,0.33333333333333337,1.0,0.2,C1_grid,0.4
yeast_me2,CTGAN,LGBM,2,5,1.5450000762939453,0.04999971389770508,1910,0.4,0.9606271777003484,0.4998218051960502,0.47058823529411764,0.5714285714285714,0.4,C1_grid,0.4
yeast_me2,CTGAN,MLP,2,5,1.5450000762939453,3.664337158203125,1910,0.4,0.9372822299651569,0.6336673130790778,0.6,0.6,0.6,C1_grid,0.4
yeast_me2,CTGAN,RF,3,5,1.6720044612884521,0.20099544525146484,1911,0.3997906855049712,0.9268912905276541,0.5705442603521818,0.42857142857142855,1.0,0.2727272727272727,C1_grid,0.4
yeast_me2,CTGAN,LGBM,3,5,1.6720044612884521,0.051999568939208984,1911,0.3997906855049712,0.9437380801017164,0.5257234544180206,0.5333333333333333,1.0,0.36363636363636365,C1_grid,0.4
yeast_me2,CTGAN,MLP,3,5,1.6720044612884521,3.606001138687134,1911,0.3997906855049712,0.8194532739987286,0.3160732722355992,0.2857142857142857,0.23529411764705882,0.36363636363636365,C1_grid,0.4
yeast_me2,CTGAN,RF,4,5,1.687999963760376,0.19700169563293457,1911,0.3997906855049712,0.9681818181818181,0.5688603603603604,0.18181818181818182,1.0,0.1,C1_grid,0.4
yeast_me2,CTGAN,LGBM,4,5,1.687999963760376,0.04799675941467285,1911,0.3997906855049712,0.9576923076923077,0.436282545956459,0.25,0.3333333333333333,0.2,C1_grid,0.4
yeast_me2,CTGAN,MLP,4,5,1.687999963760376,3.635436534881592,1911,0.3997906855049712,0.7846153846153846,0.22442853617530809,0.2745098039215686,0.17073170731707318,0.7,C1_grid,0.4
yeast_me2,CTGAN,RF,0,5,1.6420042514801025,0.201995849609375,2292,0.5,0.9595818815331011,0.4158005486576915,0.15384615384615383,0.3333333333333333,0.1,C1_grid,0.5
yeast_me2,CTGAN,LGBM,0,5,1.6420042514801025,0.05299878120422363,2292,0.5,0.9494773519163763,0.5600226244343891,0.30769230769230765,0.6666666666666666,0.2,C1_grid,0.5
yeast_me2,CTGAN,MLP,0,5,1.6420042514801025,4.3620007038116455,2292,0.5,0.851219512195122,0.3502461280889645,0.37499999999999994,0.5,0.3,C1_grid,0.5
yeast_me2,CTGAN,RF,1,5,1.8065226078033447,0.19499611854553223,2292,0.5,0.8682926829268293,0.20103641133638334,0.0,0.0,0.0,C1_grid,0.5
yeast_me2,CTGAN,LGBM,1,5,1.8065226078033447,0.0540006160736084,2292,0.5,0.8989547038327527,0.17634540048333153,0.0,0.0,0.0,C1_grid,0.5
yeast_me2,CTGAN,MLP,1,5,1.8065226078033447,4.384294748306274,2292,0.5,0.8717770034843205,0.13955742181174952,0.14285714285714285,0.1111111111111111,0.2,C1_grid,0.5
yeast_me2,CTGAN,RF,2,5,1.7159998416900635,0.21000194549560547,2292,0.5,0.9543554006968641,0.5917135642135641,0.16666666666666669,0.5,0.1,C1_grid,0.5
yeast_me2,CTGAN,LGBM,2,5,1.7159998416900635,0.05199885368347168,2292,0.5,0.9567944250871081,0.5588170371116107,0.588235294117647,0.7142857142857143,0.5,C1_grid,0.5
yeast_me2,CTGAN,MLP,2,5,1.7159998416900635,4.186000823974609,2292,0.5,0.9278745644599302,0.348011930879578,0.4444444444444445,0.35294117647058826,0.6,C1_grid,0.5
yeast_me2,CTGAN,RF,3,5,1.7270011901855469,0.20499897003173828,2294,0.5,0.9272091544818818,0.535896686634396,0.5333333333333333,1.0,0.36363636363636365,C1_grid,0.5
yeast_me2,CTGAN,LGBM,3,5,1.7270011901855469,0.04699897766113281,2294,0.5,0.9370629370629371,0.5780576562900156,0.5882352941176471,0.8333333333333334,0.45454545454545453,C1_grid,0.5
yeast_me2,CTGAN,MLP,3,5,1.7270011901855469,4.355000734329224,2294,0.5,0.8817546090273364,0.5288561112090524,0.4615384615384615,0.4,0.5454545454545454,C1_grid,0.5
yeast_me2,CTGAN,RF,4,5,1.7519993782043457,0.20000004768371582,2294,0.5,0.9622377622377623,0.506401005125143,0.30769230769230765,0.6666666666666666,0.2,C1_grid,0.5
yeast_me2,CTGAN,LGBM,4,5,1.7519993782043457,0.049997568130493164,2294,0.5,0.9503496503496502,0.46091019150341184,0.28571428571428575,0.5,0.2,C1_grid,0.5
yeast_me2,CTGAN,MLP,4,5,1.7519993782043457,4.3610005378723145,2294,0.5,0.8248251748251749,0.36360045321909723,0.2777777777777778,0.19230769230769232,0.5,C1_grid,0.5
yeast_me2,TVAE,RF,0,5,1.0289995670318604,0.1939997673034668,1432,0.19972067039106145,0.9710801393728223,0.5406407098648478,0.28571428571428575,0.5,0.2,C1_grid,0.2
yeast_me2,TVAE,LGBM,0,5,1.0289995670318604,0.057997703552246094,1432,0.19972067039106145,0.9529616724738676,0.4484163641253193,0.37499999999999994,0.5,0.3,C1_grid,0.2
yeast_me2,TVAE,MLP,0,5,1.0289995670318604,2.7639992237091064,1432,0.19972067039106145,0.8797909407665505,0.5084471738952872,0.28571428571428575,0.5,0.2,C1_grid,0.2
yeast_me2,TVAE,RF,1,5,1.0300045013427734,0.1889955997467041,1432,0.19972067039106145,0.8923344947735192,0.24363124878522413,0.37499999999999994,0.5,0.3,C1_grid,0.2
yeast_me2,TVAE,LGBM,1,5,1.0300045013427734,0.05099844932556152,1432,0.19972067039106145,0.9195121951219511,0.3281028213874416,0.20000000000000004,0.2,0.2,C1_grid,0.2
yeast_me2,TVAE,MLP,1,5,1.0300045013427734,1.9060008525848389,1432,0.19972067039106145,0.8641114982578397,0.2030100634132892,0.3,0.3,0.3,C1_grid,0.2
yeast_me2,TVAE,RF,2,5,1.0620043277740479,0.18799567222595215,1432,0.19972067039106145,0.9585365853658536,0.5823822843822843,0.4210526315789474,0.4444444444444444,0.4,C1_grid,0.2
yeast_me2,TVAE,LGBM,2,5,1.0620043277740479,0.05099964141845703,1432,0.19972067039106145,0.9585365853658536,0.5598805346700083,0.32,0.26666666666666666,0.4,C1_grid,0.2
yeast_me2,TVAE,MLP,2,5,1.0620043277740479,1.8570003509521484,1432,0.19972067039106145,0.9320557491289199,0.639403743315508,0.5,0.3888888888888889,0.7,C1_grid,0.2
yeast_me2,TVAE,RF,3,5,1.0300002098083496,0.19000005722045898,1433,0.19958129797627355,0.9310235219326128,0.4791218463263037,0.4444444444444444,0.5714285714285714,0.36363636363636365,C1_grid,0.2
yeast_me2,TVAE,LGBM,3,5,1.0300002098083496,0.057996273040771484,1433,0.19958129797627355,0.9411951684678957,0.5370373081358103,0.5000000000000001,0.8,0.36363636363636365,C1_grid,0.2
yeast_me2,TVAE,MLP,3,5,1.0300002098083496,2.753000497817993,1433,0.19958129797627355,0.8588684043229499,0.4480404663642908,0.34782608695652173,0.3333333333333333,0.36363636363636365,C1_grid,0.2
yeast_me2,TVAE,RF,4,5,1.0440013408660889,0.19099855422973633,1433,0.19958129797627355,0.9713286713286713,0.5458884927836833,0.15384615384615383,0.3333333333333333,0.1,C1_grid,0.2
yeast_me2,TVAE,LGBM,4,5,1.0440013408660889,0.05599808692932129,1433,0.19958129797627355,0.9248251748251748,0.4380730672835936,0.33333333333333326,0.375,0.3,C1_grid,0.2
yeast_me2,TVAE,MLP,4,5,1.0440013408660889,2.824000358581543,1433,0.19958129797627355,0.8604895104895106,0.5676082050994136,0.5,0.5,0.5,C1_grid,0.2
yeast_me2,TVAE,RF,0,5,0.8729956150054932,0.19499993324279785,1637,0.2999389126450825,0.9662020905923345,0.5020595238095238,0.16666666666666669,0.5,0.1,C1_grid,0.3
yeast_me2,TVAE,LGBM,0,5,0.8729956150054932,0.05599856376647949,1637,0.2999389126450825,0.9529616724738676,0.4446559061299252,0.4,0.6,0.3,C1_grid,0.3
yeast_me2,TVAE,MLP,0,5,0.8729956150054932,2.3610002994537354,1637,0.2999389126450825,0.9034843205574912,0.5440115372905312,0.45454545454545453,0.4166666666666667,0.5,C1_grid,0.3
yeast_me2,TVAE,RF,1,5,1.0030021667480469,0.19899773597717285,1637,0.2999389126450825,0.875609756097561,0.24545449288443308,0.26666666666666666,0.4,0.2,C1_grid,0.3
yeast_me2,TVAE,LGBM,1,5,1.0030021667480469,0.054999351501464844,1637,0.2999389126450825,0.9090592334494774,0.18923330630012214,0.1904761904761905,0.18181818181818182,0.2,C1_grid,0.3
yeast_me2,TVAE,MLP,1,5,1.0030021667480469,2.9680001735687256,1637,0.2999389126450825,0.8930313588850174,0.2155611411933228,0.2727272727272727,0.25,0.3,C1_grid,0.3
yeast_me2,TVAE,RF,2,5,0.9759981632232666,0.20283842086791992,1637,0.2999389126450825,0.9533101045296167,0.5389302846178445,0.4444444444444445,0.5,0.4,C1_grid,0.3
yeast_me2,TVAE,LGBM,2,5,0.9759981632232666,0.04900026321411133,1637,0.2999389126450825,0.9554006968641114,0.5760200746965453,0.5,0.5,0.5,C1_grid,0.3
yeast_me2,TVAE,MLP,2,5,0.9759981632232666,3.1830005645751953,1637,0.2999389126450825,0.9195121951219511,0.4489374366767984,0.48275862068965514,0.3684210526315789,0.7,C1_grid,0.3
yeast_me2,TVAE,RF,3,5,1.0290024280548096,0.19099760055541992,1638,0.29975579975579975,0.9440559440559441,0.5742518721128347,0.5000000000000001,0.8,0.36363636363636365,C1_grid,0.3
yeast_me2,TVAE,LGBM,3,5,1.0290024280548096,0.061998844146728516,1638,0.29975579975579975,0.938652256834075,0.500266152701763,0.5000000000000001,0.8,0.36363636363636365,C1_grid,0.3
yeast_me2,TVAE,MLP,3,5,1.0290024280548096,3.211000442504883,1638,0.29975579975579975,0.8604577240940877,0.3663829802599856,0.33333333333333337,0.3076923076923077,0.36363636363636365,C1_grid,0.3
yeast_me2,TVAE,RF,4,5,0.9149975776672363,0.194000244140625,1638,0.29975579975579975,0.9660839160839161,0.4350640040962621,0.15384615384615383,0.3333333333333333,0.1,C1_grid,0.3
yeast_me2,TVAE,LGBM,4,5,0.9149975776672363,0.057999610900878906,1638,0.29975579975579975,0.922027972027972,0.49376640110057174,0.380952380952381,0.36363636363636365,0.4,C1_grid,0.3
yeast_me2,TVAE,MLP,4,5,0.9149975776672363,3.196411609649658,1638,0.29975579975579975,0.8723776223776224,0.4765253924998711,0.5454545454545454,0.5,0.6,C1_grid,0.3
yeast_me2,TVAE,RF,0,5,0.9529974460601807,0.2050001621246338,1910,0.4,0.9714285714285713,0.47788641918536523,0.15384615384615383,0.3333333333333333,0.1,C1_grid,0.4
yeast_me2,TVAE,LGBM,0,5,0.9529974460601807,0.04500079154968262,1910,0.4,0.9522648083623694,0.4692424242424242,0.15384615384615383,0.3333333333333333,0.1,C1_grid,0.4
yeast_me2,TVAE,MLP,0,5,0.9529974460601807,3.5749855041503906,1910,0.4,0.8505226480836237,0.42418089737802056,0.33333333333333326,0.375,0.3,C1_grid,0.4
yeast_me2,TVAE,RF,1,5,1.0,0.20199990272521973,1910,0.4,0.8905923344947735,0.23974218812980788,0.28571428571428575,0.5,0.2,C1_grid,0.4
yeast_me2,TVAE,LGBM,1,5,1.0,0.05099844932556152,1910,0.4,0.9031358885017422,0.18016251829630597,0.2105263157894737,0.2222222222222222,0.2,C1_grid,0.4
yeast_me2,TVAE,MLP,1,5,1.0,3.51400089263916,1910,0.4,0.8794425087108014,0.21862474980216917,0.24,0.2,0.3,C1_grid,0.4
yeast_me2,TVAE,RF,2,5,0.9479999542236328,0.20200014114379883,1910,0.4,0.959581881533101,0.6323092688368092,0.33333333333333337,1.0,0.2,C1_grid,0.4
yeast_me2,TVAE,LGBM,2,5,0.9479999542236328,0.05800032615661621,1910,0.4,0.9508710801393728,0.5192056508335577,0.4444444444444445,0.5,0.4,C1_grid,0.4
yeast_me2,TVAE,MLP,2,5,0.9479999542236328,3.616359233856201,1910,0.4,0.9275261324041812,0.6640770401672119,0.4117647058823529,0.2916666666666667,0.7,C1_grid,0.4
yeast_me2,TVAE,RF,3,5,1.0350000858306885,0.1959996223449707,1911,0.3997906855049712,0.9421487603305786,0.5616308365679551,0.39999999999999997,0.75,0.2727272727272727,C1_grid,0.4
yeast_me2,TVAE,LGBM,3,5,1.0350000858306885,0.04799938201904297,1911,0.3997906855049712,0.9297520661157025,0.514952129973608,0.5333333333333333,1.0,0.36363636363636365,C1_grid,0.4
yeast_me2,TVAE,MLP,3,5,1.0350000858306885,3.539001226425171,1911,0.3997906855049712,0.870311506675143,0.40511320589175737,0.30769230769230765,0.26666666666666666,0.36363636363636365,C1_grid,0.4
yeast_me2,TVAE,RF,4,5,0.9200000762939453,0.20599985122680664,1911,0.3997906855049712,0.9716783216783216,0.4729509379509379,0.15384615384615383,0.3333333333333333,0.1,C1_grid,0.4
yeast_me2,TVAE,LGBM,4,5,0.9200000762939453,0.05500149726867676,1911,0.3997906855049712,0.9594405594405595,0.5105514781056577,0.4444444444444445,0.5,0.4,C1_grid,0.4
yeast_me2,TVAE,MLP,4,5,0.9200000762939453,3.644998550415039,1911,0.3997906855049712,0.8737762237762238,0.48811460631900955,0.48275862068965514,0.3684210526315789,0.7,C1_grid,0.4
yeast_me2,TVAE,RF,0,5,0.9789998531341553,0.20000028610229492,2292,0.5,0.9700348432055749,0.5318728493728494,0.16666666666666669,0.5,0.1,C1_grid,0.5
yeast_me2,TVAE,LGBM,0,5,0.9789998531341553,0.05600118637084961,2292,0.5,0.9637630662020906,0.5418466424682395,0.15384615384615383,0.3333333333333333,0.1,C1_grid,0.5
yeast_me2,TVAE,MLP,0,5,0.9789998531341553,3.227999448776245,2292,0.5,0.8602787456445994,0.5262556525045351,0.4210526315789474,0.4444444444444444,0.4,C1_grid,0.5
yeast_me2,TVAE,RF,1,5,0.9149980545043945,0.20723319053649902,2292,0.5,0.8895470383275261,0.23958345900456554,0.15384615384615383,0.3333333333333333,0.1,C1_grid,0.5
yeast_me2,TVAE,LGBM,1,5,0.9149980545043945,0.05399966239929199,2292,0.5,0.9114982578397212,0.18757716026783416,0.0,0.0,0.0,C1_grid,0.5
yeast_me2,TVAE,MLP,1,5,0.9149980545043945,4.333000183105469,2292,0.5,0.8818815331010454,0.2149407925707498,0.3076923076923077,0.25,0.4,C1_grid,0.5
yeast_me2,TVAE,RF,2,5,0.9470000267028809,0.20499944686889648,2292,0.5,0.9595818815331009,0.5263095238095238,0.18181818181818182,1.0,0.1,C1_grid,0.5
yeast_me2,TVAE,LGBM,2,5,0.9470000267028809,0.04400014877319336,2292,0.5,0.9655052264808364,0.6123232714138287,0.5333333333333333,0.8,0.4,C1_grid,0.5
yeast_me2,TVAE,MLP,2,5,0.9470000267028809,4.26800274848938,2292,0.5,0.9216027874564461,0.41013784461152875,0.3414634146341463,0.22580645161290322,0.7,C1_grid,0.5
yeast_me2,TVAE,RF,3,5,1.0820002555847168,0.2109997272491455,2294,0.5,0.9380165289256197,0.5735021907547347,0.42857142857142855,1.0,0.2727272727272727,C1_grid,0.5
yeast_me2,TVAE,LGBM,3,5,1.0820002555847168,0.0559992790222168,2294,0.5,0.9329307056579783,0.4753725790877763,0.39999999999999997,0.75,0.2727272727272727,C1_grid,0.5
yeast_me2,TVAE,MLP,3,5,1.0820002555847168,4.051565408706665,2294,0.5,0.8766687857596949,0.3766203817793002,0.26666666666666666,0.21052631578947367,0.36363636363636365,C1_grid,0.5
yeast_me2,TVAE,RF,4,5,1.0229997634887695,0.1959972381591797,2294,0.5,0.9706293706293707,0.4609920634920635,0.16666666666666669,0.5,0.1,C1_grid,0.5
yeast_me2,TVAE,LGBM,4,5,1.0229997634887695,0.05099964141845703,2294,0.5,0.9583916083916084,0.47153304597701146,0.5555555555555556,0.625,0.5,C1_grid,0.5
yeast_me2,TVAE,MLP,4,5,1.0229997634887695,3.8630006313323975,2294,0.5,0.8818181818181817,0.5614906818932471,0.5,0.3888888888888889,0.7,C1_grid,0.5
mammography,None,RF,0,5,0.0,0.2542586326599121,8946,0.023250614799910575,0.9663439535293082,0.7709283123106166,0.7070707070707072,0.7446808510638298,0.6730769230769231,C0_fixed0.50,
mammography,None,LGBM,0,5,0.0,0.059000492095947266,8946,0.023250614799910575,0.9633163175497271,0.7896213235757272,0.6774193548387097,0.5833333333333334,0.8076923076923077,C0_fixed0.50,
mammography,None,MLP,0,5,0.0,7.413999795913696,8946,0.023250614799910575,0.954391832423869,0.846116944341516,0.7912087912087913,0.9230769230769231,0.6923076923076923,C0_fixed0.50,
mammography,None,RF,1,5,0.0,0.2609999179840088,8946,0.023250614799910575,0.9245555359971835,0.725479053532374,0.6915887850467289,0.6727272727272727,0.7115384615384616,C0_fixed0.50,
mammography,None,LGBM,1,5,0.0,0.07300043106079102,8946,0.023250614799910575,0.9053687731033269,0.7228487374305789,0.6507936507936507,0.5540540540540541,0.7884615384615384,C0_fixed0.50,
mammography,None,MLP,1,5,0.0,8.442817449569702,8946,0.023250614799910575,0.9631842985389897,0.8047842227783147,0.7199999999999999,0.75,0.6923076923076923,C0_fixed0.50,
mammography,None,RF,2,5,0.0,0.2619965076446533,8946,0.023250614799910575,0.9379422636859708,0.6587707500118105,0.6185567010309277,0.6666666666666666,0.5769230769230769,C0_fixed0.50,
mammography,None,LGBM,2,5,0.0,0.0670003890991211,8946,0.023250614799910575,0.9203045238514347,0.6491372051380716,0.5806451612903226,0.5,0.6923076923076923,C0_fixed0.50,
mammography,None,MLP,2,5,0.0,6.440000772476196,8946,0.023250614799910575,0.9678753740538637,0.7069599894825122,0.6170212765957447,0.6904761904761905,0.5576923076923077,C0_fixed0.50,
mammography,None,RF,3,5,0.0,0.25568103790283203,8947,0.023248016094780374,0.9573955691744156,0.7382331914966915,0.6947368421052632,0.7674418604651163,0.6346153846153846,C0_fixed0.50,
mammography,None,LGBM,3,5,0.0,0.06200003623962402,8947,0.023248016094780374,0.9541816356720204,0.7324632176245455,0.6890756302521007,0.6119402985074627,0.7884615384615384,C0_fixed0.50,
mammography,None,MLP,3,5,0.0,6.2787110805511475,8947,0.023248016094780374,0.968802831783601,0.8091770657213718,0.7083333333333333,0.7727272727272727,0.6538461538461539,C0_fixed0.50,
mammography,None,RF,4,5,0.0,0.24399757385253906,8947,0.023248016094780374,0.9232001972386589,0.6988801651268732,0.6379310344827586,0.578125,0.7115384615384616,C0_fixed0.50,
mammography,None,LGBM,4,5,0.0,0.06300020217895508,8947,0.023248016094780374,0.9191321499013807,0.6688326268170324,0.6299212598425197,0.5333333333333333,0.7692307692307693,C0_fixed0.50,
mammography,None,MLP,4,5,0.0,4.507000684738159,8947,0.023248016094780374,0.930693505212736,0.6947323763223084,0.6304347826086957,0.725,0.5576923076923077,C0_fixed0.50,
mammography,SMOTE,RF,0,5,0.002000093460083008,0.42859506607055664,17476,0.5,0.9654066185530716,0.7857014410245352,0.6338028169014085,0.5,0.8653846153846154,C0_fixed0.50,0.5
mammography,SMOTE,LGBM,0,5,0.002000093460083008,0.06599855422973633,17476,0.5,0.9531332511881709,0.7821482343474844,0.6293706293706294,0.4945054945054945,0.8653846153846154,C0_fixed0.50,0.5
mammography,SMOTE,MLP,0,5,0.002000093460083008,16.83195972442627,17476,0.5,0.9432846329871502,0.7953672403386945,0.5874125874125875,0.46153846153846156,0.8076923076923077,C0_fixed0.50,0.5
mammography,SMOTE,RF,1,5,0.0020003318786621094,0.4029996395111084,17476,0.5,0.9395616968843514,0.6806641881260348,0.6259541984732825,0.5189873417721519,0.7884615384615384,C0_fixed0.50,0.5
mammography,SMOTE,LGBM,1,5,0.0020003318786621094,0.069000244140625,17476,0.5,0.9099586340433021,0.7600213433909341,0.640625,0.5394736842105263,0.7884615384615384,C0_fixed0.50,0.5
mammography,SMOTE,MLP,1,5,0.0020003318786621094,14.564000844955444,17476,0.5,0.9209646189051224,0.7485046005352433,0.60431654676259,0.4827586206896552,0.8076923076923077,C0_fixed0.50,0.5
mammography,SMOTE,RF,2,5,0.002000093460083008,0.42999958992004395,17476,0.5,0.930249955993663,0.6158052875317097,0.5481481481481482,0.4457831325301205,0.7115384615384616,C0_fixed0.50,0.5
mammography,SMOTE,LGBM,2,5,0.002000093460083008,0.06800055503845215,17476,0.5,0.9089772927301532,0.6604277943221292,0.5547445255474452,0.4470588235294118,0.7307692307692307,C0_fixed0.50,0.5
mammography,SMOTE,MLP,2,5,0.002000093460083008,17.055999994277954,17476,0.5,0.8784016898433374,0.5510943702156033,0.4888888888888888,0.39759036144578314,0.6346153846153846,C0_fixed0.50,0.5
mammography,SMOTE,RF,3,5,0.002000093460083008,0.4160001277923584,17478,0.5,0.9615516694843619,0.7347889584774243,0.6031746031746031,0.5135135135135135,0.7307692307692307,C0_fixed0.50,0.5
mammography,SMOTE,LGBM,3,5,0.002000093460083008,0.07500052452087402,17478,0.5,0.9484405818540435,0.7632672584617387,0.6818181818181818,0.5625,0.8653846153846154,C0_fixed0.50,0.5
mammography,SMOTE,MLP,3,5,0.002000093460083008,20.285162925720215,17478,0.5,0.8755811496196113,0.6088936918382305,0.5901639344262295,0.5142857142857142,0.6923076923076923,C0_fixed0.50,0.5
mammography,SMOTE,RF,4,5,0.002000093460083008,0.5099999904632568,17478,0.5,0.9431970273316427,0.6755831399805071,0.5454545454545454,0.42857142857142855,0.75,C0_fixed0.50,0.5
mammography,SMOTE,LGBM,4,5,0.002000093460083008,0.06799745559692383,17478,0.5,0.9278670047900818,0.7119488577846392,0.5857142857142857,0.4659090909090909,0.7884615384615384,C0_fixed0.50,0.5
mammography,SMOTE,MLP,4,5,0.002000093460083008,24.738001108169556,17478,0.5,0.919959847844463,0.6519021816385678,0.525,0.3888888888888889,0.8076923076923077,C0_fixed0.50,0.5
mammography,ADASYN,RF,0,5,0.012000083923339844,0.4199998378753662,17480,0.5001144164759725,0.9554743883119169,0.7290807645304839,0.5555555555555556,0.4090909090909091,0.8653846153846154,C0_fixed0.50,0.5
mammography,ADASYN,LGBM,0,5,0.012000083923339844,0.07800006866455078,17480,0.5001144164759725,0.9512761837704629,0.7542002258445727,0.5569620253164558,0.41509433962264153,0.8461538461538461,C0_fixed0.50,0.5
mammography,ADASYN,MLP,0,5,0.012000083923339844,17.07509160041809,17480,0.5001144164759725,0.944067945784193,0.7876011175633109,0.5142857142857143,0.36585365853658536,0.8653846153846154,C0_fixed0.50,0.5
mammography,ADASYN,RF,1,5,0.011999845504760742,0.41700005531311035,17499,0.5006571804103092,0.9322038373525787,0.6271399895244355,0.5526315789473685,0.42,0.8076923076923077,C0_fixed0.50,0.5
mammography,ADASYN,LGBM,1,5,0.011999845504760742,0.0729970932006836,17499,0.5006571804103092,0.921607111424045,0.7325783884267777,0.608695652173913,0.4883720930232558,0.8076923076923077,C0_fixed0.50,0.5
mammography,ADASYN,MLP,1,5,0.011999845504760742,35.98079538345337,17499,0.5006571804103092,0.9168896321070233,0.7162706306357152,0.6315789473684211,0.5185185185185185,0.8076923076923077,C0_fixed0.50,0.5
mammography,ADASYN,RF,2,5,0.011999845504760742,0.41100001335144043,17495,0.5005430122892255,0.9381270903010034,0.5860544944076255,0.46357615894039733,0.35353535353535354,0.6730769230769231,C0_fixed0.50,0.5
mammography,ADASYN,LGBM,2,5,0.011999845504760742,0.07700014114379883,17495,0.5005430122892255,0.9348794226368597,0.5860722854842588,0.5157232704402515,0.38317757009345793,0.7884615384615384,C0_fixed0.50,0.5
mammography,ADASYN,MLP,2,5,0.011999845504760742,28.65700054168701,17495,0.5005430122892255,0.8572786481253301,0.5217763913140128,0.4358974358974359,0.3269230769230769,0.6538461538461539,C0_fixed0.50,0.5
mammography,ADASYN,RF,3,5,0.012000322341918945,0.4160001277923584,17479,0.500028605755478,0.9582276697661314,0.7065488126731995,0.5194805194805195,0.39215686274509803,0.7692307692307693,C0_fixed0.50,0.5
mammography,ADASYN,LGBM,3,5,0.012000322341918945,0.07300019264221191,17479,0.500028605755478,0.932062728937729,0.713834931237335,0.5605095541401275,0.41904761904761906,0.8461538461538461,C0_fixed0.50,0.5
mammography,ADASYN,MLP,3,5,0.012000322341918945,18.794450283050537,17479,0.500028605755478,0.9213598901098901,0.6729630615306655,0.5185185185185185,0.38181818181818183,0.8076923076923077,C0_fixed0.50,0.5
mammography,ADASYN,RF,4,5,0.012000083923339844,0.39999961853027344,17476,0.4999427786678874,0.9231209495632573,0.5652379109871645,0.5,0.37037037037037035,0.7692307692307693,C0_fixed0.50,0.5
mammography,ADASYN,LGBM,4,5,0.012000083923339844,0.07599639892578125,17476,0.4999427786678874,0.9138401662440124,0.6544792989145248,0.5,0.36607142857142855,0.7884615384615384,C0_fixed0.50,0.5
mammography,ADASYN,MLP,4,5,0.012000083923339844,18.793396949768066,17476,0.4999427786678874,0.9137741265145113,0.6064529894051246,0.5116279069767441,0.36666666666666664,0.8461538461538461,C0_fixed0.50,0.5
mammography,G-SMOTE,RF,0,5,0.4479999542236328,0.4479999542236328,17475,0.49997138769670957,0.9658510825558881,0.7891639051445799,0.6081081081081081,0.46875,0.8653846153846154,C0_fixed0.50,0.5
mammography,G-SMOTE,LGBM,0,5,0.4479999542236328,0.06100034713745117,17475,0.49997138769670957,0.960535117056856,0.7794192369074012,0.5733333333333333,0.4387755102040816,0.8269230769230769,C0_fixed0.50,0.5
mammography,G-SMOTE,MLP,0,5,0.4479999542236328,15.008358001708984,17475,0.49997138769670957,0.9353986974124274,0.7899127187282408,0.5915492957746479,0.4666666666666667,0.8076923076923077,C0_fixed0.50,0.5
mammography,G-SMOTE,RF,1,5,0.33899998664855957,0.437000036239624,17435,0.4988242041869802,0.9487590212990671,0.7306511225232357,0.6268656716417911,0.5121951219512195,0.8076923076923077,C0_fixed0.50,0.5
mammography,G-SMOTE,LGBM,1,5,0.33899998664855957,0.06799650192260742,17435,0.4988242041869802,0.9277151909875023,0.7663229090030157,0.6890756302521007,0.6119402985074627,0.7884615384615384,C0_fixed0.50,0.5
mammography,G-SMOTE,MLP,1,5,0.33899998664855957,12.060235023498535,17435,0.4988242041869802,0.9361644076747051,0.7500378304780875,0.6099290780141844,0.48314606741573035,0.8269230769230769,C0_fixed0.50,0.5
mammography,G-SMOTE,RF,2,5,0.3559997081756592,0.40199995040893555,17475,0.49997138769670957,0.925541277944024,0.6101869732610371,0.510948905109489,0.4117647058823529,0.6730769230769231,C0_fixed0.50,0.5
mammography,G-SMOTE,LGBM,2,5,0.3559997081756592,0.07999920845031738,17475,0.49997138769670957,0.9042950184826615,0.6773476997777358,0.588235294117647,0.47619047619047616,0.7692307692307693,C0_fixed0.50,0.5
mammography,G-SMOTE,MLP,2,5,0.3559997081756592,21.742376804351807,17475,0.49997138769670957,0.8841225136419645,0.6323595415064758,0.5271317829457364,0.44155844155844154,0.6538461538461539,C0_fixed0.50,0.5
mammography,G-SMOTE,RF,3,5,0.34600019454956055,0.4239997863769531,17477,0.49997139097099047,0.9704142011834321,0.741879011740019,0.5954198473282444,0.4936708860759494,0.75,C0_fixed0.50,0.5
mammography,G-SMOTE,LGBM,3,5,0.34600019454956055,0.0799560546875,17477,0.49997139097099047,0.9545954846435616,0.7910703472034832,0.6470588235294118,0.5238095238095238,0.8461538461538461,C0_fixed0.50,0.5
mammography,G-SMOTE,MLP,3,5,0.34600019454956055,31.565253973007202,17477,0.49997139097099047,0.9145269794308256,0.6808259711765232,0.5581395348837209,0.4675324675324675,0.6923076923076923,C0_fixed0.50,0.5
mammography,G-SMOTE,RF,4,5,0.4180011749267578,0.42799878120422363,17477,0.49997139097099047,0.9433291067906453,0.673820629758546,0.54421768707483,0.42105263157894735,0.7692307692307693,C0_fixed0.50,0.5
mammography,G-SMOTE,LGBM,4,5,0.4180011749267578,0.07600140571594238,17477,0.49997139097099047,0.9212806424344886,0.6959251095322466,0.5857142857142857,0.4659090909090909,0.7884615384615384,C0_fixed0.50,0.5
mammography,G-SMOTE,MLP,4,5,0.4180011749267578,14.243891477584839,17477,0.49997139097099047,0.9060166596224289,0.5874974160791817,0.547945205479452,0.425531914893617,0.7692307692307693,C0_fixed0.50,0.5
mammography,CTGAN,RF,0,5,1.818000078201294,0.3969998359680176,17476,0.5,0.9267206477732794,0.6499145527685024,0.5891472868217055,0.4935064935064935,0.7307692307692307,C0_fixed0.50,0.5
mammography,CTGAN,LGBM,0,5,1.818000078201294,0.06999945640563965,17476,0.5,0.9325690899489527,0.7216713062134829,0.6842105263157896,0.6290322580645161,0.75,C0_fixed0.50,0.5
mammography,CTGAN,MLP,0,5,1.818000078201294,16.328824043273926,17476,0.5,0.9311036789297659,0.7013628801321294,0.5970149253731344,0.4878048780487805,0.7692307692307693,C0_fixed0.50,0.5
mammography,CTGAN,RF,1,5,1.7129976749420166,0.3579995632171631,17476,0.5,0.9224520330927652,0.5593091966221725,0.40764331210191085,0.3047619047619048,0.6153846153846154,C0_fixed0.50,0.5
mammography,CTGAN,LGBM,1,5,1.7129976749420166,0.06600022315979004,17476,0.5,0.9325778912163352,0.6646243708509403,0.6355140186915889,0.6181818181818182,0.6538461538461539,C0_fixed0.50,0.5
mammography,CTGAN,MLP,1,5,1.7129976749420166,20.153529167175293,17476,0.5,0.9554743883119169,0.6382282288431437,0.5691056910569106,0.49295774647887325,0.6730769230769231,C0_fixed0.50,0.5
mammography,CTGAN,RF,2,5,1.7940008640289307,0.39999961853027344,17476,0.5,0.9277503960570322,0.56644250165348,0.4923076923076924,0.41025641025641024,0.6153846153846154,C0_fixed0.50,0.5
mammography,CTGAN,LGBM,2,5,1.7940008640289307,0.07100057601928711,17476,0.5,0.9312180954057385,0.5872145764969009,0.5042016806722689,0.44776119402985076,0.5769230769230769,C0_fixed0.50,0.5
mammography,CTGAN,MLP,2,5,1.7940008640289307,23.320212602615356,17476,0.5,0.9571114240450624,0.5520533018617646,0.5396825396825398,0.4594594594594595,0.6538461538461539,C0_fixed0.50,0.5
mammography,CTGAN,RF,3,5,1.7003419399261475,0.36699938774108887,17478,0.5,0.962806424344886,0.6577855875388393,0.607843137254902,0.62,0.5961538461538461,C0_fixed0.50,0.5
mammography,CTGAN,LGBM,3,5,1.7003419399261475,0.07700085639953613,17478,0.5,0.9641228162862777,0.6730851322027052,0.5849056603773585,0.5740740740740741,0.5961538461538461,C0_fixed0.50,0.5
mammography,CTGAN,MLP,3,5,1.7003419399261475,11.368266105651855,17478,0.5,0.9753363623555932,0.7052290774738569,0.6086956521739131,0.5555555555555556,0.6730769230769231,C0_fixed0.50,0.5
mammography,CTGAN,RF,4,5,1.6059973239898682,0.36100006103515625,17478,0.5,0.9132502113271345,0.5851054665141431,0.6296296296296297,0.6071428571428571,0.6538461538461539,C0_fixed0.50,0.5
mammography,CTGAN,LGBM,4,5,1.6059973239898682,0.07300066947937012,17478,0.5,0.9185510002817695,0.6268353377057441,0.6017699115044247,0.5573770491803278,0.6538461538461539,C0_fixed0.50,0.5
mammography,CTGAN,MLP,4,5,1.6059973239898682,13.727020978927612,17478,0.5,0.9159358269935193,0.61420933088692,0.6129032258064515,0.5277777777777778,0.7307692307692307,C0_fixed0.50,0.5
mammography,TVAE,RF,0,5,1.121000051498413,0.4380002021789551,17476,0.5,0.9428797746875549,0.6898376279272358,0.7207207207207208,0.6779661016949152,0.7692307692307693,C0_fixed0.50,0.5
mammography,TVAE,LGBM,0,5,1.121000051498413,0.07195043563842773,17476,0.5,0.9439007217039255,0.7899035172186502,0.76,0.7916666666666666,0.7307692307692307,C0_fixed0.50,0.5
mammography,TVAE,MLP,0,5,1.121000051498413,15.034850358963013,17476,0.5,0.9502376342193275,0.7465938592502376,0.7166666666666666,0.6323529411764706,0.8269230769230769,C0_fixed0.50,0.5
mammography,TVAE,RF,1,5,1.0929999351501465,0.43599987030029297,17476,0.5,0.9594745643372645,0.606228917679185,0.6415094339622641,0.6296296296296297,0.6538461538461539,C0_fixed0.50,0.5
mammography,TVAE,LGBM,1,5,1.0929999351501465,0.07100057601928711,17476,0.5,0.9393856715367013,0.7265574281868673,0.7,0.7291666666666666,0.6730769230769231,C0_fixed0.50,0.5
mammography,TVAE,MLP,1,5,1.0929999351501465,12.997000932693481,17476,0.5,0.9564073226544623,0.7291721370419036,0.6890756302521007,0.6119402985074627,0.7884615384615384,C0_fixed0.50,0.5
mammography,TVAE,RF,2,5,1.151001214981079,0.4269988536834717,17476,0.5,0.95660975180426,0.631902439211589,0.5882352941176471,0.6,0.5769230769230769,C0_fixed0.50,0.5
mammography,TVAE,LGBM,2,5,1.151001214981079,0.07200050354003906,17476,0.5,0.9493927125506074,0.6310602002272696,0.6464646464646464,0.6808510638297872,0.6153846153846154,C0_fixed0.50,0.5
mammography,TVAE,MLP,2,5,1.151001214981079,14.771999835968018,17476,0.5,0.9489526491814821,0.6083723008369054,0.5794392523364486,0.5636363636363636,0.5961538461538461,C0_fixed0.50,0.5
mammography,TVAE,RF,3,5,1.0340001583099365,0.4309995174407959,17478,0.5,0.9762080867850098,0.6584388452221356,0.5961538461538461,0.5961538461538461,0.5961538461538461,C0_fixed0.50,0.5
mammography,TVAE,LGBM,3,5,1.0340001583099365,0.07200002670288086,17478,0.5,0.9737073823612283,0.6620382867017874,0.6407766990291263,0.6470588235294118,0.6346153846153846,C0_fixed0.50,0.5
mammography,TVAE,MLP,3,5,1.0340001583099365,20.024001359939575,17478,0.5,0.9647171738517891,0.7056617093655757,0.6176470588235294,0.5,0.8076923076923077,C0_fixed0.50,0.5
mammography,TVAE,RF,4,5,1.067000150680542,0.432999849319458,17478,0.5,0.9282544378698225,0.5555492311851237,0.5925925925925927,0.5714285714285714,0.6153846153846154,C0_fixed0.50,0.5
mammography,TVAE,LGBM,4,5,1.067000150680542,0.07200026512145996,17478,0.5,0.9141351437024514,0.6122565184483701,0.6603773584905661,0.6481481481481481,0.6730769230769231,C0_fixed0.50,0.5
mammography,TVAE,MLP,4,5,1.067000150680542,14.748793363571167,17478,0.5,0.933392328825021,0.6354947759891311,0.5755395683453237,0.45977011494252873,0.7692307692307693,C0_fixed0.50,0.5
mammography,GMMSampling,RF,0,5,1.7579994201660156,0.30500030517578125,8944,0.49988819320214667,0.9344965675057209,0.6802162323711054,0.48,0.34146341463414637,0.8076923076923077,C0_fixed0.50,
mammography,GMMSampling,LGBM,0,5,1.7579994201660156,0.06495499610900879,8944,0.49988819320214667,0.9375990142580531,0.7119045230989023,0.5058823529411764,0.3644067796610169,0.8269230769230769,C0_fixed0.50,
mammography,GMMSampling,MLP,0,5,1.7579994201660156,5.957001209259033,8944,0.49988819320214667,0.9498415771871148,0.6969483924866336,0.4563106796116505,0.3051948051948052,0.9038461538461539,C0_fixed0.50,
mammography,GMMSampling,RF,1,5,1.6450011730194092,0.2969989776611328,8944,0.49988819320214667,0.9486710086252421,0.6301192363729979,0.535031847133758,0.4,0.8076923076923077,C0_fixed0.50,
mammography,GMMSampling,LGBM,1,5,1.6450011730194092,0.07600021362304688,8944,0.49988819320214667,0.9430293962330577,0.720410845797213,0.5490196078431373,0.4158415841584158,0.8076923076923077,C0_fixed0.50,
mammography,GMMSampling,MLP,1,5,1.6450011730194092,8.072580337524414,8944,0.49988819320214667,0.9563897201196971,0.7115709049032606,0.36585365853658536,0.23195876288659795,0.8653846153846154,C0_fixed0.50,
mammography,GMMSampling,RF,2,5,0.9680001735687256,0.29399991035461426,8945,0.49994410285075463,0.938663967611336,0.5795874525721277,0.4285714285714286,0.3235294117647059,0.6346153846153846,C0_fixed0.50,
mammography,GMMSampling,LGBM,2,5,0.9680001735687256,0.06100106239318848,8945,0.49994410285075463,0.9300519274775568,0.5617577064344514,0.46835443037974683,0.3490566037735849,0.7115384615384616,C0_fixed0.50,
mammography,GMMSampling,MLP,2,5,0.9680001735687256,7.371999740600586,8945,0.49994410285075463,0.9624625946136244,0.5688905938871247,0.4855491329479769,0.34710743801652894,0.8076923076923077,C0_fixed0.50,
mammography,GMMSampling,RF,3,5,2.049288511276245,0.3189995288848877,8944,0.49988819320214667,0.9688732741617356,0.6650358643284588,0.4787234042553191,0.33088235294117646,0.8653846153846154,C0_fixed0.50,
mammography,GMMSampling,LGBM,3,5,2.049288511276245,0.05899977684020996,8944,0.49988819320214667,0.9754948577063962,0.6999220000231974,0.5389221556886228,0.391304347826087,0.8653846153846154,C0_fixed0.50,
mammography,GMMSampling,MLP,3,5,2.049288511276245,7.017001152038574,8944,0.49988819320214667,0.9669977458438996,0.7217756567224229,0.48,0.32432432432432434,0.9230769230769231,C0_fixed0.50,
mammography,GMMSampling,RF,4,5,1.304999589920044,0.32400059700012207,8945,0.49994410285075463,0.9157244998591152,0.5576385020468116,0.39344262295081966,0.2748091603053435,0.6923076923076923,C0_fixed0.50,
mammography,GMMSampling,LGBM,4,5,1.304999589920044,0.07700109481811523,8945,0.49994410285075463,0.9167106931530009,0.5616843113308195,0.46590909090909083,0.33064516129032256,0.7884615384615384,C0_fixed0.50,
mammography,GMMSampling,MLP,4,5,1.304999589920044,9.365016460418701,8945,0.49994410285075463,0.9201579670329669,0.6465711533388623,0.4725274725274725,0.33076923076923076,0.8269230769230769,C0_fixed0.50,
mammography,SMOTE,RF,0,5,0.0010004043579101562,0.2943551540374756,10922,0.19996337667093939,0.9610191867628938,0.782805905580204,0.6466165413533835,0.5308641975308642,0.8269230769230769,C1_grid,0.2
mammography,SMOTE,LGBM,0,5,0.0010004043579101562,0.06999802589416504,10922,0.19996337667093939,0.9524643548671008,0.7810218187261225,0.6423357664233578,0.5176470588235295,0.8461538461538461,C1_grid,0.2
mammography,SMOTE,MLP,0,5,0.0010004043579101562,14.718000888824463,10922,0.19996337667093939,0.934148917444112,0.7859698601127394,0.7207207207207208,0.6779661016949152,0.7692307692307693,C1_grid,0.2
mammography,SMOTE,RF,1,5,0.0010004043579101562,0.2949995994567871,10922,0.19996337667093939,0.9404946312268967,0.7241660162468386,0.6614173228346457,0.56,0.8076923076923077,C1_grid,0.2
mammography,SMOTE,LGBM,1,5,0.0010004043579101562,0.0709998607635498,10922,0.19996337667093939,0.9374977996831545,0.8030946498635099,0.6562500000000001,0.5526315789473685,0.8076923076923077,C1_grid,0.2
mammography,SMOTE,MLP,1,5,0.0010004043579101562,13.437000513076782,10922,0.19996337667093939,0.9330223552191514,0.7731262233496913,0.7049180327868853,0.6142857142857143,0.8269230769230769,C1_grid,0.2
mammography,SMOTE,RF,2,5,0.0010004043579101562,0.2929997444152832,10922,0.19996337667093939,0.9419380390776271,0.6385082463345598,0.6016260162601627,0.5211267605633803,0.7115384615384616,C1_grid,0.2
mammography,SMOTE,LGBM,2,5,0.0010004043579101562,0.07699966430664062,10922,0.19996337667093939,0.9137431790177786,0.6543989757936353,0.5547445255474452,0.4470588235294118,0.7307692307692307,C1_grid,0.2
mammography,SMOTE,MLP,2,5,0.0010004043579101562,7.291001558303833,10922,0.19996337667093939,0.9344393592677345,0.6547978045659292,0.5555555555555555,0.47297297297297297,0.6730769230769231,C1_grid,0.2
mammography,SMOTE,RF,3,5,0.0019998550415039062,0.2859961986541748,10923,0.19994507003570447,0.9607371794871795,0.7404481025004233,0.6386554621848739,0.5671641791044776,0.7307692307692307,C1_grid,0.2
mammography,SMOTE,LGBM,3,5,0.0019998550415039062,0.06600046157836914,10923,0.19994507003570447,0.9514123696816004,0.7739295744105729,0.661764705882353,0.5357142857142857,0.8653846153846154,C1_grid,0.2
mammography,SMOTE,MLP,3,5,0.0019998550415039062,14.626196384429932,10923,0.19994507003570447,0.9220819244857706,0.6821990177406925,0.6491228070175439,0.5967741935483871,0.7115384615384616,C1_grid,0.2
mammography,SMOTE,RF,4,5,0.001999378204345703,0.2870004177093506,10923,0.19994507003570447,0.9481984361792054,0.6874188635503626,0.5693430656934307,0.4588235294117647,0.75,C1_grid,0.2
mammography,SMOTE,LGBM,4,5,0.001999378204345703,0.06699967384338379,10923,0.19994507003570447,0.926079529444914,0.7237660425567229,0.5793103448275861,0.45161290322580644,0.8076923076923077,C1_grid,0.2
mammography,SMOTE,MLP,4,5,0.001999378204345703,20.172305822372437,10923,0.19994507003570447,0.9125061637080867,0.6784436664023693,0.6610169491525425,0.5909090909090909,0.75,C1_grid,0.2
mammography,SMOTE,RF,0,5,0.0019974708557128906,0.31369876861572266,12482,0.2999519307803237,0.9662031332511881,0.7900126855026073,0.6285714285714286,0.5,0.8461538461538461,C1_grid,0.3
mammography,SMOTE,LGBM,0,5,0.0019974708557128906,0.07800006866455078,12482,0.2999519307803237,0.9485345889808131,0.7902155411464115,0.6382978723404256,0.5056179775280899,0.8653846153846154,C1_grid,0.3
mammography,SMOTE,MLP,0,5,0.0019974708557128906,19.53677725791931,12482,0.2999519307803237,0.9422636859707798,0.7907860088440591,0.6722689075630253,0.5970149253731343,0.7692307692307693,C1_grid,0.3
mammography,SMOTE,RF,1,5,0.0020008087158203125,0.30850768089294434,12482,0.2999519307803237,0.9377750396057032,0.7076671424958249,0.6614173228346457,0.56,0.8076923076923077,C1_grid,0.3
mammography,SMOTE,LGBM,1,5,0.0020008087158203125,0.06300115585327148,12482,0.2999519307803237,0.9167708149973597,0.7596113219090251,0.6560000000000001,0.5616438356164384,0.7884615384615384,C1_grid,0.3
mammography,SMOTE,MLP,1,5,0.0020008087158203125,9.227842092514038,12482,0.2999519307803237,0.9363228304875902,0.7734542141164961,0.6562500000000001,0.5526315789473685,0.8076923076923077,C1_grid,0.3
mammography,SMOTE,RF,2,5,0.0010001659393310547,0.3186674118041992,12482,0.2999519307803237,0.9317901777856011,0.6343347749695427,0.5606060606060607,0.4625,0.7115384615384616,C1_grid,0.3
mammography,SMOTE,LGBM,2,5,0.0010001659393310547,0.07299971580505371,12482,0.2999519307803237,0.924229889104031,0.6676132984839915,0.5671641791044776,0.4634146341463415,0.7307692307692307,C1_grid,0.3
mammography,SMOTE,MLP,2,5,0.0010001659393310547,19.322935819625854,12482,0.2999519307803237,0.8974828375286041,0.6096174571349433,0.5263157894736843,0.43209876543209874,0.6730769230769231,C1_grid,0.3
mammography,SMOTE,RF,3,5,0.0019998550415039062,0.3219120502471924,12484,0.299983979493752,0.9650781910397295,0.7422235646004695,0.6129032258064515,0.5277777777777778,0.7307692307692307,C1_grid,0.3
mammography,SMOTE,LGBM,3,5,0.0019998550415039062,0.06599807739257812,12484,0.299983979493752,0.9463052972668358,0.7708627717662283,0.6511627906976744,0.5454545454545454,0.8076923076923077,C1_grid,0.3
mammography,SMOTE,MLP,3,5,0.0019998550415039062,14.146991729736328,12484,0.299983979493752,0.9075179628064243,0.6671644738157632,0.5692307692307692,0.47435897435897434,0.7115384615384616,C1_grid,0.3
mammography,SMOTE,RF,4,5,0.0009999275207519531,0.3226594924926758,12484,0.299983979493752,0.9323577063961681,0.6867335989049125,0.5379310344827586,0.41935483870967744,0.75,C1_grid,0.3
mammography,SMOTE,LGBM,4,5,0.0009999275207519531,0.06895804405212402,12484,0.299983979493752,0.9204089180050719,0.713531142566383,0.5874125874125875,0.46153846153846156,0.8076923076923077,C1_grid,0.3
mammography,SMOTE,MLP,4,5,0.0009999275207519531,16.545798301696777,12484,0.299983979493752,0.9255115877712032,0.6519615115424183,0.6074074074074073,0.4939759036144578,0.7884615384615384,C1_grid,0.3
mammography,SMOTE,RF,0,5,0.001999378204345703,0.3599979877471924,14563,0.3999862665659548,0.9666607991550781,0.7938625184255095,0.6376811594202898,0.5116279069767442,0.8461538461538461,C1_grid,0.4
mammography,SMOTE,LGBM,0,5,0.001999378204345703,0.07200026512145996,14563,0.3999862665659548,0.9675717303291672,0.7876860888402019,0.5986394557823129,0.4631578947368421,0.8461538461538461,C1_grid,0.4
mammography,SMOTE,MLP,0,5,0.001999378204345703,25.394582509994507,14563,0.3999862665659548,0.9164847738074282,0.7527132455769656,0.6240000000000001,0.5342465753424658,0.75,C1_grid,0.4
mammography,SMOTE,RF,1,5,0.0019998550415039062,0.3535490036010742,14563,0.3999862665659548,0.9342281288505544,0.7070803464668476,0.6412213740458015,0.5316455696202531,0.8076923076923077,C1_grid,0.4
mammography,SMOTE,LGBM,1,5,0.0019998550415039062,0.06500101089477539,14563,0.3999862665659548,0.9269318781904593,0.7831930537055013,0.6560000000000001,0.5616438356164384,0.7884615384615384,C1_grid,0.4
mammography,SMOTE,MLP,1,5,0.0019998550415039062,18.663999795913696,14563,0.3999862665659548,0.9281288505544799,0.7534054758443348,0.593103448275862,0.46236559139784944,0.8269230769230769,C1_grid,0.4
mammography,SMOTE,RF,2,5,0.0010001659393310547,0.36299991607666016,14563,0.3999862665659548,0.9290265798274951,0.6196949904413543,0.5522388059701493,0.45121951219512196,0.7115384615384616,C1_grid,0.4
mammography,SMOTE,LGBM,2,5,0.0010001659393310547,0.06695318222045898,14563,0.3999862665659548,0.9233541629994719,0.6667078262004636,0.5428571428571428,0.4318181818181818,0.7307692307692307,C1_grid,0.4
mammography,SMOTE,MLP,2,5,0.0010001659393310547,15.362569332122803,14563,0.3999862665659548,0.8930558000352051,0.6170277753353439,0.5573770491803278,0.4857142857142857,0.6538461538461539,C1_grid,0.4
mammography,SMOTE,RF,3,5,0.0019996166229248047,0.35332202911376953,14565,0.4,0.9583641518737673,0.7384257546745921,0.5984251968503937,0.5066666666666667,0.7307692307692307,C1_grid,0.4
mammography,SMOTE,LGBM,3,5,0.0019996166229248047,0.06399989128112793,14565,0.4,0.9484581924485771,0.7731624349723453,0.6870229007633588,0.569620253164557,0.8653846153846154,C1_grid,0.4
mammography,SMOTE,MLP,3,5,0.0019996166229248047,14.397000551223755,14565,0.4,0.9239662581008735,0.6519484678723458,0.5753424657534246,0.44680851063829785,0.8076923076923077,C1_grid,0.4
mammography,SMOTE,RF,4,5,0.002000570297241211,0.3709995746612549,14565,0.4,0.9341627923358693,0.6845764565481297,0.54421768707483,0.42105263157894735,0.7692307692307693,C1_grid,0.4
mammography,SMOTE,LGBM,4,5,0.002000570297241211,0.07100057601928711,14565,0.4,0.9272946604677373,0.7147884356716456,0.5774647887323944,0.45555555555555555,0.7884615384615384,C1_grid,0.4
mammography,SMOTE,MLP,4,5,0.002000570297241211,18.30955719947815,14565,0.4,0.9255468089602704,0.6485204531665518,0.60431654676259,0.4827586206896552,0.8076923076923077,C1_grid,0.4
mammography,SMOTE,RF,0,5,0.002000093460083008,0.4249999523162842,17476,0.5,0.9654066185530716,0.7857014410245352,0.6338028169014085,0.5,0.8653846153846154,C1_grid,0.5
mammography,SMOTE,LGBM,0,5,0.002000093460083008,0.06700015068054199,17476,0.5,0.9531332511881709,0.7821482343474844,0.6293706293706294,0.4945054945054945,0.8653846153846154,C1_grid,0.5
mammography,SMOTE,MLP,0,5,0.002000093460083008,16.928377389907837,17476,0.5,0.9432846329871502,0.7953672403386945,0.5874125874125875,0.46153846153846156,0.8076923076923077,C1_grid,0.5
mammography,SMOTE,RF,1,5,0.002000570297241211,0.40399932861328125,17476,0.5,0.9395616968843514,0.6806641881260348,0.6259541984732825,0.5189873417721519,0.7884615384615384,C1_grid,0.5
mammography,SMOTE,LGBM,1,5,0.002000570297241211,0.07795834541320801,17476,0.5,0.9099586340433021,0.7600213433909341,0.640625,0.5394736842105263,0.7884615384615384,C1_grid,0.5
mammography,SMOTE,MLP,1,5,0.002000570297241211,14.59200143814087,17476,0.5,0.9209646189051224,0.7485046005352433,0.60431654676259,0.4827586206896552,0.8076923076923077,C1_grid,0.5
mammography,SMOTE,RF,2,5,0.002000093460083008,0.4219999313354492,17476,0.5,0.930249955993663,0.6158052875317097,0.5481481481481482,0.4457831325301205,0.7115384615384616,C1_grid,0.5
mammography,SMOTE,LGBM,2,5,0.002000093460083008,0.06799817085266113,17476,0.5,0.9089772927301532,0.6604277943221292,0.5547445255474452,0.4470588235294118,0.7307692307692307,C1_grid,0.5
mammography,SMOTE,MLP,2,5,0.002000093460083008,17.245516300201416,17476,0.5,0.8784016898433374,0.5510943702156033,0.4888888888888888,0.39759036144578314,0.6346153846153846,C1_grid,0.5
mammography,SMOTE,RF,3,5,0.0020003318786621094,0.4156637191772461,17478,0.5,0.9615516694843619,0.7347889584774243,0.6031746031746031,0.5135135135135135,0.7307692307692307,C1_grid,0.5
mammography,SMOTE,LGBM,3,5,0.0020003318786621094,0.07599854469299316,17478,0.5,0.9484405818540435,0.7632672584617387,0.6818181818181818,0.5625,0.8653846153846154,C1_grid,0.5
mammography,SMOTE,MLP,3,5,0.0020003318786621094,20.369260549545288,17478,0.5,0.8755811496196113,0.6088936918382305,0.5901639344262295,0.5142857142857142,0.6923076923076923,C1_grid,0.5
mammography,SMOTE,RF,4,5,0.002000093460083008,0.41923093795776367,17478,0.5,0.9431970273316427,0.6755831399805071,0.5454545454545454,0.42857142857142855,0.75,C1_grid,0.5
mammography,SMOTE,LGBM,4,5,0.002000093460083008,0.06699848175048828,17478,0.5,0.9278670047900818,0.7119488577846392,0.5857142857142857,0.4659090909090909,0.7884615384615384,C1_grid,0.5
mammography,SMOTE,MLP,4,5,0.002000093460083008,24.83400559425354,17478,0.5,0.919959847844463,0.6519021816385678,0.525,0.3888888888888889,0.8076923076923077,C1_grid,0.5
mammography,ADASYN,RF,0,5,0.010999917984008789,0.30100011825561523,10922,0.19996337667093939,0.9568121809540574,0.7248599536938827,0.5960264900662251,0.45454545454545453,0.8653846153846154,C1_grid,0.2
mammography,ADASYN,LGBM,0,5,0.010999917984008789,0.06499814987182617,10922,0.19996337667093939,0.9579035381094878,0.7188720142424856,0.5521472392638037,0.40540540540540543,0.8653846153846154,C1_grid,0.2
mammography,ADASYN,MLP,0,5,0.010999917984008789,17.26646614074707,10922,0.19996337667093939,0.944402393944728,0.7911249093210991,0.5584415584415584,0.4215686274509804,0.8269230769230769,C1_grid,0.2
mammography,ADASYN,RF,1,5,0.011999845504760742,0.2950000762939453,10918,0.19967026928008794,0.9244235169864461,0.6753264835223259,0.5957446808510638,0.47191011235955055,0.8076923076923077,C1_grid,0.2
mammography,ADASYN,LGBM,1,5,0.011999845504760742,0.06999778747558594,10918,0.19967026928008794,0.9264610103854953,0.7734906076415293,0.593103448275862,0.46236559139784944,0.8269230769230769,C1_grid,0.2
mammography,ADASYN,MLP,1,5,0.011999845504760742,13.038045644760132,10918,0.19967026928008794,0.9285953177257527,0.7413383510051659,0.6277372262773723,0.5058823529411764,0.8269230769230769,C1_grid,0.2
mammography,ADASYN,RF,2,5,0.01100015640258789,0.29799985885620117,10906,0.19878965706950302,0.9380742826967083,0.6054882751495825,0.5106382978723405,0.4044943820224719,0.6923076923076923,C1_grid,0.2
mammography,ADASYN,LGBM,2,5,0.01100015640258789,0.07195830345153809,10906,0.19878965706950302,0.9147949304699876,0.595462550094688,0.48780487804878053,0.35714285714285715,0.7692307692307693,C1_grid,0.2
mammography,ADASYN,MLP,2,5,0.01100015640258789,18.341343641281128,10906,0.19878965706950302,0.8966467171272664,0.5863608763788353,0.5323741007194245,0.42528735632183906,0.7115384615384616,C1_grid,0.2
mammography,ADASYN,RF,3,5,0.011999368667602539,0.2910001277923584,10935,0.2008230452674897,0.953050154973232,0.7013372003872927,0.5578231292517007,0.43157894736842106,0.7884615384615384,C1_grid,0.2
mammography,ADASYN,LGBM,3,5,0.011999368667602539,0.06299829483032227,10935,0.2008230452674897,0.9244021203155819,0.68046009202796,0.5584415584415584,0.4215686274509804,0.8269230769230769,C1_grid,0.2
mammography,ADASYN,MLP,3,5,0.011999368667602539,14.662000894546509,10935,0.2008230452674897,0.9170540997464074,0.6507180993130522,0.6178861788617886,0.5352112676056338,0.7307692307692307,C1_grid,0.2
mammography,ADASYN,RF,4,5,0.011000394821166992,0.31099987030029297,10929,0.20038429865495472,0.9268103691180614,0.5956319122152461,0.5290322580645161,0.39805825242718446,0.7884615384615384,C1_grid,0.2
mammography,ADASYN,LGBM,4,5,0.011000394821166992,0.06500029563903809,10929,0.20038429865495472,0.9133250563539025,0.6835492251956811,0.5093167701863354,0.3761467889908257,0.7884615384615384,C1_grid,0.2
mammography,ADASYN,MLP,4,5,0.011000394821166992,12.919578075408936,10929,0.20038429865495472,0.915816955480417,0.6353828716871252,0.6341463414634145,0.5492957746478874,0.75,C1_grid,0.2
mammography,ADASYN,RF,0,5,0.010998964309692383,0.32399797439575195,12467,0.299109649474613,0.9572346417884176,0.7284304359757373,0.567741935483871,0.42718446601941745,0.8461538461538461,C1_grid,0.3
mammography,ADASYN,LGBM,0,5,0.010998964309692383,0.06199979782104492,12467,0.299109649474613,0.9532080619609223,0.7520070084163406,0.5714285714285715,0.43137254901960786,0.8461538461538461,C1_grid,0.3
mammography,ADASYN,MLP,0,5,0.010998964309692383,11.331068515777588,12467,0.299109649474613,0.9499383911283225,0.7861455178949806,0.5806451612903225,0.4368932038834951,0.8653846153846154,C1_grid,0.3
mammography,ADASYN,RF,1,5,0.01100015640258789,0.32700014114379883,12498,0.30084813570171226,0.9365956697764479,0.6355725224780275,0.5540540540540541,0.4270833333333333,0.7884615384615384,C1_grid,0.3
mammography,ADASYN,LGBM,1,5,0.01100015640258789,0.07299971580505371,12498,0.30084813570171226,0.9260957577891216,0.7346677638082226,0.583941605839416,0.47058823529411764,0.7692307692307693,C1_grid,0.3
mammography,ADASYN,MLP,1,5,0.01100015640258789,14.649000883102417,12498,0.30084813570171226,0.9310772751276184,0.7535095104397789,0.593103448275862,0.46236559139784944,0.8269230769230769,C1_grid,0.3
mammography,ADASYN,RF,2,5,0.012000322341918945,0.31800007820129395,12485,0.3001201441730076,0.9295194508009155,0.5851804323847052,0.5174825174825175,0.4065934065934066,0.7115384615384616,C1_grid,0.3
mammography,ADASYN,LGBM,2,5,0.012000322341918945,0.06800007820129395,12485,0.3001201441730076,0.9201505016722408,0.5856231598825598,0.4871794871794871,0.36538461538461536,0.7307692307692307,C1_grid,0.3
mammography,ADASYN,MLP,2,5,0.012000322341918945,11.28049921989441,12485,0.3001201441730076,0.887264566097518,0.5696397142286148,0.4769230769230769,0.3974358974358974,0.5961538461538461,C1_grid,0.3
mammography,ADASYN,RF,3,5,0.010999679565429688,0.32599711418151855,12458,0.2985230374056831,0.9581484220907298,0.7071107300172933,0.5394736842105263,0.41,0.7884615384615384,C1_grid,0.3
mammography,ADASYN,LGBM,3,5,0.010999679565429688,0.06300020217895508,12458,0.2985230374056831,0.9238605945336714,0.6862919221234708,0.567741935483871,0.42718446601941745,0.8461538461538461,C1_grid,0.3
mammography,ADASYN,MLP,3,5,0.010999679565429688,12.929020166397095,12458,0.2985230374056831,0.8912633840518455,0.5758244208802318,0.56,0.4794520547945205,0.6730769230769231,C1_grid,0.3
mammography,ADASYN,RF,4,5,0.01100015640258789,0.3149991035461426,12484,0.299983979493752,0.9269336432797972,0.596420977905118,0.5,0.37037037037037035,0.7692307692307693,C1_grid,0.3
mammography,ADASYN,LGBM,4,5,0.01100015640258789,0.059999942779541016,12484,0.299983979493752,0.9163496759650605,0.6676267041590636,0.5419354838709677,0.4077669902912621,0.8076923076923077,C1_grid,0.3
mammography,ADASYN,MLP,4,5,0.01100015640258789,15.078444480895996,12484,0.299983979493752,0.9111765638207946,0.6108704619770593,0.563758389261745,0.4329896907216495,0.8076923076923077,C1_grid,0.3
mammography,ADASYN,RF,0,5,0.012000560760498047,0.3559994697570801,14555,0.3996564754379938,0.9574678753740538,0.7278280496494521,0.5714285714285715,0.43137254901960786,0.8461538461538461,C1_grid,0.4
mammography,ADASYN,LGBM,0,5,0.012000560760498047,0.07599902153015137,14555,0.3996564754379938,0.9504488646365077,0.7509612990725938,0.5569620253164558,0.41509433962264153,0.8461538461538461,C1_grid,0.4
mammography,ADASYN,MLP,0,5,0.012000560760498047,20.18658995628357,14555,0.3996564754379938,0.9449392712550608,0.797007779368318,0.5443037974683544,0.4056603773584906,0.8269230769230769,C1_grid,0.4
mammography,ADASYN,RF,1,5,0.010999679565429688,0.37800002098083496,14571,0.40031569555967333,0.9332863932406267,0.6480999600949444,0.5714285714285714,0.4421052631578947,0.8076923076923077,C1_grid,0.4
mammography,ADASYN,LGBM,1,5,0.010999679565429688,0.07700061798095703,14571,0.40031569555967333,0.9229493046998769,0.7410677636373222,0.5753424657534246,0.44680851063829785,0.8076923076923077,C1_grid,0.4
mammography,ADASYN,MLP,1,5,0.010999679565429688,15.97673749923706,14571,0.40031569555967333,0.9214222848090126,0.7114711186976441,0.6187050359712231,0.4942528735632184,0.8269230769230769,C1_grid,0.4
mammography,ADASYN,RF,2,5,0.012998104095458984,0.375,14538,0.3989544641628835,0.9322478436894912,0.5976279836457562,0.4967320261437908,0.37623762376237624,0.7307692307692307,C1_grid,0.4
mammography,ADASYN,LGBM,2,5,0.012998104095458984,0.06299853324890137,14538,0.3989544641628835,0.9280056328111248,0.6181101685389856,0.47852760736196326,0.35135135135135137,0.75,C1_grid,0.4
mammography,ADASYN,MLP,2,5,0.012998104095458984,10.730000734329224,14538,0.3989544641628835,0.8969107551487414,0.5769205622110052,0.4895104895104896,0.38461538461538464,0.6730769230769231,C1_grid,0.4
mammography,ADASYN,RF,3,5,0.011999845504760742,0.3404080867767334,14566,0.4000411918165591,0.9568628486897718,0.7134742554178903,0.5290322580645161,0.39805825242718446,0.7884615384615384,C1_grid,0.4
mammography,ADASYN,LGBM,3,5,0.011999845504760742,0.07299971580505371,14566,0.4000411918165591,0.927100943927867,0.7184255206642447,0.5512820512820512,0.41346153846153844,0.8269230769230769,C1_grid,0.4
mammography,ADASYN,MLP,3,5,0.011999845504760742,10.534001350402832,14566,0.4000411918165591,0.9094991546914624,0.6068544439508391,0.5157232704402515,0.38317757009345793,0.7884615384615384,C1_grid,0.4
mammography,ADASYN,RF,4,5,0.010999679565429688,0.37071800231933594,14550,0.3993814432989691,0.9217385178923639,0.5616985050843535,0.5,0.37037037037037035,0.7692307692307693,C1_grid,0.4
mammography,ADASYN,LGBM,4,5,0.010999679565429688,0.07000017166137695,14550,0.3993814432989691,0.9119206114398423,0.6906586311879703,0.5093167701863354,0.3761467889908257,0.7884615384615384,C1_grid,0.4
mammography,ADASYN,MLP,4,5,0.010999679565429688,18.816000938415527,14550,0.3993814432989691,0.9240587137221753,0.6096696718173963,0.5797101449275363,0.46511627906976744,0.7692307692307693,C1_grid,0.4
mammography,ADASYN,RF,0,5,0.012000322341918945,0.42891764640808105,17480,0.5001144164759725,0.9554743883119169,0.7290807645304839,0.5555555555555556,0.4090909090909091,0.8653846153846154,C1_grid,0.5
mammography,ADASYN,LGBM,0,5,0.012000322341918945,0.07700204849243164,17480,0.5001144164759725,0.9512761837704629,0.7542002258445727,0.5569620253164558,0.41509433962264153,0.8461538461538461,C1_grid,0.5
mammography,ADASYN,MLP,0,5,0.012000322341918945,17.060903787612915,17480,0.5001144164759725,0.944067945784193,0.7876011175633109,0.5142857142857143,0.36585365853658536,0.8653846153846154,C1_grid,0.5
mammography,ADASYN,RF,1,5,0.012000083923339844,0.41499996185302734,17499,0.5006571804103092,0.9322038373525787,0.6271399895244355,0.5526315789473685,0.42,0.8076923076923077,C1_grid,0.5
mammography,ADASYN,LGBM,1,5,0.012000083923339844,0.07499957084655762,17499,0.5006571804103092,0.921607111424045,0.7325783884267777,0.608695652173913,0.4883720930232558,0.8076923076923077,C1_grid,0.5
mammography,ADASYN,MLP,1,5,0.012000083923339844,35.79134273529053,17499,0.5006571804103092,0.9168896321070233,0.7162706306357152,0.6315789473684211,0.5185185185185185,0.8076923076923077,C1_grid,0.5
mammography,ADASYN,RF,2,5,0.01199960708618164,0.4240000247955322,17495,0.5005430122892255,0.9381270903010034,0.5860544944076255,0.46357615894039733,0.35353535353535354,0.6730769230769231,C1_grid,0.5
mammography,ADASYN,LGBM,2,5,0.01199960708618164,0.06799983978271484,17495,0.5005430122892255,0.9348794226368597,0.5860722854842588,0.5157232704402515,0.38317757009345793,0.7884615384615384,C1_grid,0.5
mammography,ADASYN,MLP,2,5,0.01199960708618164,28.68421244621277,17495,0.5005430122892255,0.8572786481253301,0.5217763913140128,0.4358974358974359,0.3269230769230769,0.6538461538461539,C1_grid,0.5
mammography,ADASYN,RF,3,5,0.010999679565429688,0.4109995365142822,17479,0.500028605755478,0.9582276697661314,0.7065488126731995,0.5194805194805195,0.39215686274509803,0.7692307692307693,C1_grid,0.5
mammography,ADASYN,LGBM,3,5,0.010999679565429688,0.07999801635742188,17479,0.500028605755478,0.932062728937729,0.713834931237335,0.5605095541401275,0.41904761904761906,0.8461538461538461,C1_grid,0.5
mammography,ADASYN,MLP,3,5,0.010999679565429688,18.801716804504395,17479,0.500028605755478,0.9213598901098901,0.6729630615306655,0.5185185185185185,0.38181818181818183,0.8076923076923077,C1_grid,0.5
mammography,ADASYN,RF,4,5,0.010999679565429688,0.4200000762939453,17476,0.4999427786678874,0.9231209495632573,0.5652379109871645,0.5,0.37037037037037035,0.7692307692307693,C1_grid,0.5
mammography,ADASYN,LGBM,4,5,0.010999679565429688,0.06799983978271484,17476,0.4999427786678874,0.9138401662440124,0.6544792989145248,0.5,0.36607142857142855,0.7884615384615384,C1_grid,0.5
mammography,ADASYN,MLP,4,5,0.010999679565429688,18.778874397277832,17476,0.4999427786678874,0.9137741265145113,0.6064529894051246,0.5116279069767441,0.36666666666666664,0.8461538461538461,C1_grid,0.5
mammography,G-SMOTE,RF,0,5,0.38299989700317383,0.3099997043609619,10921,0.19989011995238531,0.965151381798979,0.7805771844284456,0.6474820143884893,0.5172413793103449,0.8653846153846154,C1_grid,0.2
mammography,G-SMOTE,LGBM,0,5,0.38299989700317383,0.0710000991821289,10921,0.19989011995238531,0.9601126562224959,0.7832052304566561,0.5827814569536425,0.4444444444444444,0.8461538461538461,C1_grid,0.2
mammography,G-SMOTE,MLP,0,5,0.38299989700317383,13.444000720977783,10921,0.19989011995238531,0.9495511353634924,0.815670925649851,0.6564885496183206,0.5443037974683544,0.8269230769230769,C1_grid,0.2
mammography,G-SMOTE,RF,1,5,0.3130011558532715,0.3139986991882324,10911,0.19915681422417744,0.9472011969723642,0.7290758920750698,0.6456692913385826,0.5466666666666666,0.7884615384615384,C1_grid,0.2
mammography,G-SMOTE,LGBM,1,5,0.3130011558532715,0.07700061798095703,10911,0.19915681422417744,0.9293214222848091,0.7848796099346136,0.671875,0.5657894736842105,0.8269230769230769,C1_grid,0.2
mammography,G-SMOTE,MLP,1,5,0.3130011558532715,17.545665740966797,10911,0.19915681422417744,0.9261397641260342,0.7354545215593753,0.6885245901639345,0.6,0.8076923076923077,C1_grid,0.2
mammography,G-SMOTE,RF,2,5,0.40599989891052246,0.2950000762939453,10920,0.19981684981684983,0.9422108783664848,0.6309328710002661,0.546875,0.4605263157894737,0.6730769230769231,C1_grid,0.2
mammography,G-SMOTE,LGBM,2,5,0.40599989891052246,0.0819997787475586,10920,0.19981684981684983,0.9193715895088894,0.6726149602146032,0.5629629629629629,0.4578313253012048,0.7307692307692307,C1_grid,0.2
mammography,G-SMOTE,MLP,2,5,0.40599989891052246,13.960183143615723,10920,0.19981684981684983,0.9068385847562049,0.5980882181480373,0.5454545454545455,0.4782608695652174,0.6346153846153846,C1_grid,0.2
mammography,G-SMOTE,RF,3,5,0.3710002899169922,0.3039994239807129,10923,0.19994507003570447,0.9644398069878839,0.723987796221533,0.6290322580645162,0.5416666666666666,0.75,C1_grid,0.2
mammography,G-SMOTE,LGBM,3,5,0.3710002899169922,0.08000040054321289,10923,0.19994507003570447,0.9399698858833476,0.7395084389808917,0.6412213740458015,0.5316455696202531,0.8076923076923077,C1_grid,0.2
mammography,G-SMOTE,MLP,3,5,0.3710002899169922,10.984001874923706,10923,0.19994507003570447,0.9312746548323471,0.7070384872211545,0.654867256637168,0.6065573770491803,0.7115384615384616,C1_grid,0.2
mammography,G-SMOTE,RF,4,5,0.34799957275390625,0.292999267578125,10924,0.20001830831197365,0.9442096365173288,0.679675213486431,0.5555555555555555,0.43478260869565216,0.7692307692307693,C1_grid,0.2
mammography,G-SMOTE,LGBM,4,5,0.34799957275390625,0.07000017166137695,10924,0.20001830831197365,0.9382572555649479,0.7159275193740601,0.5616438356164384,0.43617021276595747,0.7884615384615384,C1_grid,0.2
mammography,G-SMOTE,MLP,4,5,0.34799957275390625,16.829406261444092,10924,0.20001830831197365,0.9170673076923076,0.6279767425287712,0.6379310344827586,0.578125,0.7115384615384616,C1_grid,0.2
mammography,G-SMOTE,RF,0,5,0.33199572563171387,0.34400033950805664,12482,0.2999519307803237,0.9686630874845976,0.8020938380191266,0.6216216216216216,0.4791666666666667,0.8846153846153846,C1_grid,0.3
mammography,G-SMOTE,LGBM,0,5,0.33199572563171387,0.0670003890991211,12482,0.2999519307803237,0.9544534412955465,0.7895566623246771,0.5935483870967742,0.44660194174757284,0.8846153846153846,C1_grid,0.3
mammography,G-SMOTE,MLP,0,5,0.33199572563171387,16.539815425872803,12482,0.2999519307803237,0.9356715367012849,0.7987784365412818,0.6370370370370371,0.5180722891566265,0.8269230769230769,C1_grid,0.3
mammography,G-SMOTE,RF,1,5,0.3399999141693115,0.3429999351501465,12465,0.29899719213798637,0.9420128498503785,0.7409877566202436,0.640625,0.5394736842105263,0.7884615384615384,C1_grid,0.3
mammography,G-SMOTE,LGBM,1,5,0.3399999141693115,0.0540003776550293,12465,0.29899719213798637,0.927574370709382,0.7759760615608564,0.6896551724137931,0.625,0.7692307692307693,C1_grid,0.3
mammography,G-SMOTE,MLP,1,5,0.3399999141693115,13.567002058029175,12465,0.29899719213798637,0.9267646541101918,0.7640589086268863,0.6557377049180327,0.5714285714285714,0.7692307692307693,C1_grid,0.3
mammography,G-SMOTE,RF,2,5,0.38599634170532227,0.3340003490447998,12482,0.2999519307803237,0.942879774687555,0.6416361695456869,0.5581395348837209,0.4675324675324675,0.6923076923076923,C1_grid,0.3
mammography,G-SMOTE,LGBM,2,5,0.38599634170532227,0.059999942779541016,12482,0.2999519307803237,0.9294578419292376,0.6681792549697684,0.5428571428571428,0.4318181818181818,0.7307692307692307,C1_grid,0.3
mammography,G-SMOTE,MLP,2,5,0.38599634170532227,14.923197984695435,12482,0.2999519307803237,0.8890072170392537,0.5889609459583618,0.5565217391304348,0.5079365079365079,0.6153846153846154,C1_grid,0.3
mammography,G-SMOTE,RF,3,5,0.39100003242492676,0.3250002861022949,12483,0.2999279019466474,0.9649505142293604,0.7105270868938492,0.6129032258064515,0.5277777777777778,0.7307692307692307,C1_grid,0.3
mammography,G-SMOTE,LGBM,3,5,0.39100003242492676,0.07399988174438477,12483,0.2999279019466474,0.9481059805579036,0.7766865961937737,0.6616541353383459,0.5432098765432098,0.8461538461538461,C1_grid,0.3
mammography,G-SMOTE,MLP,3,5,0.39100003242492676,21.2596595287323,12483,0.2999279019466474,0.8754754860524092,0.5813176232621545,0.6213592233009709,0.6274509803921569,0.6153846153846154,C1_grid,0.3
mammography,G-SMOTE,RF,4,5,0.36500096321105957,0.3359990119934082,12483,0.2999279019466474,0.9420523386869541,0.6733525267387569,0.5379310344827586,0.41935483870967744,0.75,C1_grid,0.3
mammography,G-SMOTE,LGBM,4,5,0.36500096321105957,0.06699991226196289,12483,0.2999279019466474,0.9274883770076078,0.7099317352157485,0.5753424657534246,0.44680851063829785,0.8076923076923077,C1_grid,0.3
mammography,G-SMOTE,MLP,4,5,0.36500096321105957,12.192838430404663,12483,0.2999279019466474,0.9133514722457029,0.6315693268892199,0.6031746031746031,0.5135135135135135,0.7307692307692307,C1_grid,0.3
mammography,G-SMOTE,RF,0,5,0.3899998664855957,0.3710000514984131,14562,0.39994506249141604,0.9642228480901249,0.7787284089991956,0.6338028169014085,0.5,0.8653846153846154,C1_grid,0.4
mammography,G-SMOTE,LGBM,0,5,0.3899998664855957,0.07700109481811523,14562,0.39994506249141604,0.9609531772575249,0.8022184126218497,0.5882352941176471,0.44554455445544555,0.8653846153846154,C1_grid,0.4
mammography,G-SMOTE,MLP,0,5,0.3899998664855957,14.29991865158081,14562,0.39994506249141604,0.9415067769758845,0.8097857816376798,0.6515151515151516,0.5375,0.8269230769230769,C1_grid,0.4
mammography,G-SMOTE,RF,1,5,0.3399999141693115,0.3710002899169922,14535,0.39883040935672515,0.9451593029396232,0.7246790077858165,0.6461538461538461,0.5384615384615384,0.8076923076923077,C1_grid,0.4
mammography,G-SMOTE,LGBM,1,5,0.3399999141693115,0.06599998474121094,14535,0.39883040935672515,0.9293874317901778,0.7711846370946046,0.661290322580645,0.5694444444444444,0.7884615384615384,C1_grid,0.4
mammography,G-SMOTE,MLP,1,5,0.3399999141693115,12.386000394821167,14535,0.39883040935672515,0.9284897025171625,0.7441981824882196,0.6466165413533835,0.5308641975308642,0.8269230769230769,C1_grid,0.4
mammography,G-SMOTE,RF,2,5,0.38000011444091797,0.3710002899169922,14563,0.3999862665659548,0.9374669952473157,0.6265761110084364,0.5185185185185185,0.42168674698795183,0.6730769230769231,C1_grid,0.4
mammography,G-SMOTE,LGBM,2,5,0.38000011444091797,0.08299827575683594,14563,0.3999862665659548,0.8992254884703397,0.6618060987194553,0.5492957746478874,0.43333333333333335,0.75,C1_grid,0.4
mammography,G-SMOTE,MLP,2,5,0.38000011444091797,13.422806024551392,14563,0.3999862665659548,0.884641788417532,0.632304141016572,0.515625,0.4342105263157895,0.6346153846153846,C1_grid,0.4
mammography,G-SMOTE,RF,3,5,0.36099982261657715,0.36700010299682617,14564,0.39995880252677835,0.9585446604677375,0.7277098010238958,0.6046511627906975,0.5064935064935064,0.75,C1_grid,0.4
mammography,G-SMOTE,LGBM,3,5,0.36099982261657715,0.0709998607635498,14564,0.39995880252677835,0.9462876866723022,0.755870128061959,0.6461538461538461,0.5384615384615384,0.8076923076923077,C1_grid,0.4
mammography,G-SMOTE,MLP,3,5,0.36099982261657715,23.566575527191162,14564,0.39995880252677835,0.9277261200338124,0.7048074275267686,0.5899280575539568,0.47126436781609193,0.7884615384615384,C1_grid,0.4
mammography,G-SMOTE,RF,4,5,0.33899760246276855,0.36299872398376465,14563,0.3999175993957289,0.9464990138067062,0.6843883688937489,0.527027027027027,0.40625,0.75,C1_grid,0.4
mammography,G-SMOTE,LGBM,4,5,0.33899760246276855,0.07100081443786621,14563,0.3999175993957289,0.9298481966751198,0.7006779065867481,0.5694444444444444,0.44565217391304346,0.7884615384615384,C1_grid,0.4
mammography,G-SMOTE,MLP,4,5,0.33899760246276855,16.84503674507141,14563,0.3999175993957289,0.9146766694843619,0.6224986418598975,0.6153846153846154,0.5538461538461539,0.6923076923076923,C1_grid,0.4
mammography,G-SMOTE,RF,0,5,0.3510007858276367,0.44299936294555664,17475,0.49997138769670957,0.9658510825558881,0.7891639051445799,0.6081081081081081,0.46875,0.8653846153846154,C1_grid,0.5
mammography,G-SMOTE,LGBM,0,5,0.3510007858276367,0.07499909400939941,17475,0.49997138769670957,0.960535117056856,0.7794192369074012,0.5733333333333333,0.4387755102040816,0.8269230769230769,C1_grid,0.5
mammography,G-SMOTE,MLP,0,5,0.3510007858276367,15.03687071800232,17475,0.49997138769670957,0.9353986974124274,0.7899127187282408,0.5915492957746479,0.4666666666666667,0.8076923076923077,C1_grid,0.5
mammography,G-SMOTE,RF,1,5,0.33700108528137207,0.4249989986419678,17435,0.4988242041869802,0.9487590212990671,0.7306511225232357,0.6268656716417911,0.5121951219512195,0.8076923076923077,C1_grid,0.5
mammography,G-SMOTE,LGBM,1,5,0.33700108528137207,0.06895995140075684,17435,0.4988242041869802,0.9277151909875023,0.7663229090030157,0.6890756302521007,0.6119402985074627,0.7884615384615384,C1_grid,0.5
mammography,G-SMOTE,MLP,1,5,0.33700108528137207,12.042951822280884,17435,0.4988242041869802,0.9361644076747051,0.7500378304780875,0.6099290780141844,0.48314606741573035,0.8269230769230769,C1_grid,0.5
mammography,G-SMOTE,RF,2,5,0.40600013732910156,0.42100000381469727,17475,0.49997138769670957,0.925541277944024,0.6101869732610371,0.510948905109489,0.4117647058823529,0.6730769230769231,C1_grid,0.5
mammography,G-SMOTE,LGBM,2,5,0.40600013732910156,0.0670003890991211,17475,0.49997138769670957,0.9042950184826615,0.6773476997777358,0.588235294117647,0.47619047619047616,0.7692307692307693,C1_grid,0.5
mammography,G-SMOTE,MLP,2,5,0.40600013732910156,21.69050407409668,17475,0.49997138769670957,0.8841225136419645,0.6323595415064758,0.5271317829457364,0.44155844155844154,0.6538461538461539,C1_grid,0.5
mammography,G-SMOTE,RF,3,5,0.375,0.4120001792907715,17477,0.49997139097099047,0.9704142011834321,0.741879011740019,0.5954198473282444,0.4936708860759494,0.75,C1_grid,0.5
mammography,G-SMOTE,LGBM,3,5,0.375,0.07399797439575195,17477,0.49997139097099047,0.9545954846435616,0.7910703472034832,0.6470588235294118,0.5238095238095238,0.8461538461538461,C1_grid,0.5
mammography,G-SMOTE,MLP,3,5,0.375,31.64705228805542,17477,0.49997139097099047,0.9145269794308256,0.6808259711765232,0.5581395348837209,0.4675324675324675,0.6923076923076923,C1_grid,0.5
mammography,G-SMOTE,RF,4,5,0.3600010871887207,0.40999889373779297,17477,0.49997139097099047,0.9433291067906453,0.673820629758546,0.54421768707483,0.42105263157894735,0.7692307692307693,C1_grid,0.5
mammography,G-SMOTE,LGBM,4,5,0.3600010871887207,0.07800030708312988,17477,0.49997139097099047,0.9212806424344886,0.6959251095322466,0.5857142857142857,0.4659090909090909,0.7884615384615384,C1_grid,0.5
mammography,G-SMOTE,MLP,4,5,0.3600010871887207,14.302000999450684,17477,0.49997139097099047,0.9060166596224289,0.5874974160791817,0.547945205479452,0.425531914893617,0.7692307692307693,C1_grid,0.5
mammography,CTGAN,RF,0,5,1.6540002822875977,0.2949998378753662,10922,0.19996337667093939,0.9452473156134483,0.7448966100322993,0.6724137931034483,0.609375,0.75,C1_grid,0.2
mammography,CTGAN,LGBM,0,5,1.6540002822875977,0.059999942779541016,10922,0.19996337667093939,0.9451328991374759,0.7630867677850504,0.6890756302521007,0.6119402985074627,0.7884615384615384,C1_grid,0.2
mammography,CTGAN,MLP,0,5,1.6540002822875977,8.533449172973633,10922,0.19996337667093939,0.9491110719943672,0.7689238324671329,0.7428571428571428,0.7358490566037735,0.75,C1_grid,0.2
mammography,CTGAN,RF,1,5,1.6699962615966797,0.2890000343322754,10922,0.19996337667093939,0.9267338496743531,0.609866733359309,0.445859872611465,0.3333333333333333,0.6730769230769231,C1_grid,0.2
mammography,CTGAN,LGBM,1,5,1.6699962615966797,0.06100010871887207,10922,0.19996337667093939,0.9229185002640381,0.6862379639771686,0.5801526717557252,0.4810126582278481,0.7307692307692307,C1_grid,0.2
mammography,CTGAN,MLP,1,5,1.6699962615966797,16.191840410232544,10922,0.19996337667093939,0.92141348354163,0.6522008896876789,0.6017699115044247,0.5573770491803278,0.6538461538461539,C1_grid,0.2
mammography,CTGAN,RF,2,5,1.5450000762939453,0.27500009536743164,10922,0.19996337667093939,0.9445960218271431,0.6252806801260175,0.5925925925925927,0.5714285714285714,0.6153846153846154,C1_grid,0.2
mammography,CTGAN,LGBM,2,5,1.5450000762939453,0.07000041007995605,10922,0.19996337667093939,0.9343733497623657,0.6441653952214712,0.5739130434782609,0.5238095238095238,0.6346153846153846,C1_grid,0.2
mammography,CTGAN,MLP,2,5,1.5450000762939453,7.307002067565918,10922,0.19996337667093939,0.9635187466995248,0.6322307327501597,0.5740740740740741,0.5535714285714286,0.5961538461538461,C1_grid,0.2
mammography,CTGAN,RF,3,5,1.4520001411437988,0.29399991035461426,10923,0.19994507003570447,0.976366582135813,0.6983752246709285,0.5925925925925927,0.5714285714285714,0.6153846153846154,C1_grid,0.2
mammography,CTGAN,LGBM,3,5,1.4520001411437988,0.06199765205383301,10923,0.19994507003570447,0.9614504085657932,0.7125718925096277,0.672566371681416,0.6229508196721312,0.7307692307692307,C1_grid,0.2
mammography,CTGAN,MLP,3,5,1.4520001411437988,8.804007768630981,10923,0.19994507003570447,0.9651134122287968,0.758254057800086,0.651685393258427,0.7837837837837838,0.5576923076923077,C1_grid,0.2
mammography,CTGAN,RF,4,5,1.6939995288848877,0.2929999828338623,10923,0.19994507003570447,0.9095343758805299,0.5881677325758712,0.5401459854014599,0.43529411764705883,0.7115384615384616,C1_grid,0.2
mammography,CTGAN,LGBM,4,5,1.6939995288848877,0.06499695777893066,10923,0.19994507003570447,0.9252166103127641,0.6482554027064673,0.60431654676259,0.4827586206896552,0.8076923076923077,C1_grid,0.2
mammography,CTGAN,MLP,4,5,1.6939995288848877,10.822000503540039,10923,0.19994507003570447,0.9217957523245984,0.6431567382915996,0.6115702479338844,0.5362318840579711,0.7115384615384616,C1_grid,0.2
mammography,CTGAN,RF,0,5,1.8679959774017334,0.3229999542236328,12482,0.2999519307803237,0.9279660271079035,0.6199400260806275,0.5669291338582677,0.48,0.6923076923076923,C1_grid,0.3
mammography,CTGAN,LGBM,0,5,1.8679959774017334,0.07000017166137695,12482,0.2999519307803237,0.9401645837000527,0.6988799972589759,0.6341463414634145,0.5492957746478874,0.75,C1_grid,0.3
mammography,CTGAN,MLP,0,5,1.8679959774017334,13.685105323791504,12482,0.2999519307803237,0.9348882239042422,0.7265798413111972,0.7115384615384616,0.7115384615384616,0.7115384615384616,C1_grid,0.3
mammography,CTGAN,RF,1,5,1.4870045185089111,0.3159959316253662,12482,0.2999519307803237,0.9335592325294841,0.7368517234029539,0.6732673267326732,0.6938775510204082,0.6538461538461539,C1_grid,0.3
mammography,CTGAN,LGBM,1,5,1.4870045185089111,0.05800032615661621,12482,0.2999519307803237,0.9360191867628938,0.7421200416184787,0.6990291262135924,0.7058823529411765,0.6923076923076923,C1_grid,0.3
mammography,CTGAN,MLP,1,5,1.4870045185089111,8.545630693435669,12482,0.2999519307803237,0.9396497095581764,0.7439883482381396,0.693877551020408,0.7391304347826086,0.6538461538461539,C1_grid,0.3
mammography,CTGAN,RF,2,5,1.7360010147094727,0.3489973545074463,12482,0.2999519307803237,0.9451945080091534,0.6308478709580996,0.5636363636363636,0.5344827586206896,0.5961538461538461,C1_grid,0.3
mammography,CTGAN,LGBM,2,5,1.7360010147094727,0.08500027656555176,12482,0.2999519307803237,0.9361644076747051,0.6325411927185783,0.5470085470085471,0.49230769230769234,0.6153846153846154,C1_grid,0.3
mammography,CTGAN,MLP,2,5,1.7360010147094727,9.235345840454102,12482,0.2999519307803237,0.9615560640732266,0.6195042059851765,0.5555555555555556,0.6578947368421053,0.4807692307692308,C1_grid,0.3
mammography,CTGAN,RF,3,5,1.6559998989105225,0.30900001525878906,12484,0.299983979493752,0.9725406804733727,0.6966308856381997,0.6481481481481483,0.625,0.6730769230769231,C1_grid,0.3
mammography,CTGAN,LGBM,3,5,1.6559998989105225,0.0670006275177002,12484,0.299983979493752,0.9770137714849253,0.6945038722793929,0.6086956521739131,0.5555555555555556,0.6730769230769231,C1_grid,0.3
mammography,CTGAN,MLP,3,5,1.6559998989105225,12.039000749588013,12484,0.299983979493752,0.9622869118061427,0.7521409791637332,0.6796116504854369,0.6862745098039216,0.6730769230769231,C1_grid,0.3
mammography,CTGAN,RF,4,5,1.6489996910095215,0.3260006904602051,12484,0.299983979493752,0.9161603620738236,0.5073324473595434,0.4157303370786517,0.29365079365079366,0.7115384615384616,C1_grid,0.3
mammography,CTGAN,LGBM,4,5,1.6489996910095215,0.069000244140625,12484,0.299983979493752,0.9196648703860243,0.5846789020772781,0.5179856115107914,0.41379310344827586,0.6923076923076923,C1_grid,0.3
mammography,CTGAN,MLP,4,5,1.6489996910095215,11.221428632736206,12484,0.299983979493752,0.9213290715694561,0.5919349995852262,0.5333333333333332,0.43373493975903615,0.6923076923076923,C1_grid,0.3
mammography,CTGAN,RF,0,5,1.8910017013549805,0.3589961528778076,14563,0.3999862665659548,0.9347562048935046,0.6562971093680048,0.5652173913043479,0.45348837209302323,0.75,C1_grid,0.4
mammography,CTGAN,LGBM,0,5,1.8910017013549805,0.07100057601928711,14563,0.3999862665659548,0.9339288857595492,0.6970477386353829,0.6504065040650407,0.5633802816901409,0.7692307692307693,C1_grid,0.4
mammography,CTGAN,MLP,0,5,1.8910017013549805,19.291136503219604,14563,0.3999862665659548,0.951258581235698,0.7690739999702579,0.6466165413533835,0.5308641975308642,0.8269230769230769,C1_grid,0.4
mammography,CTGAN,RF,1,5,1.7910001277923584,0.3509998321533203,14563,0.3999862665659548,0.9421140644252772,0.6823044657512366,0.5811965811965812,0.5230769230769231,0.6538461538461539,C1_grid,0.4
mammography,CTGAN,LGBM,1,5,1.7910001277923584,0.06300187110900879,14563,0.3999862665659548,0.9380654814293259,0.7300461566459935,0.6250000000000001,0.5833333333333334,0.6730769230769231,C1_grid,0.4
mammography,CTGAN,MLP,1,5,1.7910001277923584,19.401998281478882,14563,0.3999862665659548,0.9343689491286745,0.676538151182471,0.5636363636363636,0.5344827586206896,0.5961538461538461,C1_grid,0.4
mammography,CTGAN,RF,2,5,1.6870002746582031,0.3580009937286377,14563,0.3999862665659548,0.9334008097165991,0.578473547817827,0.42500000000000004,0.3148148148148148,0.6538461538461539,C1_grid,0.4
mammography,CTGAN,LGBM,2,5,1.6870002746582031,0.07200026512145996,14563,0.3999862665659548,0.9122249603942969,0.5662098454039666,0.4962406015037593,0.4074074074074074,0.6346153846153846,C1_grid,0.4
mammography,CTGAN,MLP,2,5,1.6870002746582031,27.254674911499023,14563,0.3999862665659548,0.9535029044182363,0.5355001571525588,0.5352112676056338,0.4222222222222222,0.7307692307692307,C1_grid,0.4
mammography,CTGAN,RF,3,5,1.6149983406066895,0.3429999351501465,14565,0.4,0.96875,0.7021526105480658,0.6260869565217392,0.5714285714285714,0.6923076923076923,C1_grid,0.4
mammography,CTGAN,LGBM,3,5,1.6149983406066895,0.06300020217895508,14565,0.4,0.9809277261200338,0.7023443434630166,0.6324786324786325,0.5692307692307692,0.7115384615384616,C1_grid,0.4
mammography,CTGAN,MLP,3,5,1.6149983406066895,14.592000722885132,14565,0.4,0.9590201465201466,0.6822045526861157,0.564516129032258,0.4861111111111111,0.6730769230769231,C1_grid,0.4
mammography,CTGAN,RF,4,5,1.6749980449676514,0.3529999256134033,14565,0.4,0.9161823753169906,0.5948961080475396,0.5873015873015872,0.5,0.7115384615384616,C1_grid,0.4
mammography,CTGAN,LGBM,4,5,1.6749980449676514,0.07399797439575195,14565,0.4,0.9270128909551987,0.6496827473438859,0.6166666666666666,0.5441176470588235,0.7115384615384616,C1_grid,0.4
mammography,CTGAN,MLP,4,5,1.6749980449676514,16.02400279045105,14565,0.4,0.9140647013243167,0.5593029733794039,0.5354330708661418,0.4533333333333333,0.6538461538461539,C1_grid,0.4
mammography,CTGAN,RF,0,5,1.7769999504089355,0.38899970054626465,17476,0.5,0.9296954761485654,0.6795530685392901,0.6386554621848739,0.5671641791044776,0.7307692307692307,C1_grid,0.5
mammography,CTGAN,LGBM,0,5,1.7769999504089355,0.07400012016296387,17476,0.5,0.9325162823446577,0.7087813525725642,0.6181818181818182,0.5862068965517241,0.6538461538461539,C1_grid,0.5
mammography,CTGAN,MLP,0,5,1.7769999504089355,17.245055437088013,17476,0.5,0.9432670304523851,0.7676250706215826,0.6885245901639345,0.6,0.8076923076923077,C1_grid,0.5
mammography,CTGAN,RF,1,5,1.5869998931884766,0.36499977111816406,17476,0.5,0.9482749515930294,0.6957028682200922,0.6060606060606061,0.6382978723404256,0.5769230769230769,C1_grid,0.5
mammography,CTGAN,LGBM,1,5,1.5869998931884766,0.06699848175048828,17476,0.5,0.9342765358211582,0.7534094434135405,0.7346938775510203,0.782608695652174,0.6923076923076923,C1_grid,0.5
mammography,CTGAN,MLP,1,5,1.5869998931884766,11.648000955581665,17476,0.5,0.9479933110367892,0.7573717224603664,0.6981132075471698,0.6851851851851852,0.7115384615384616,C1_grid,0.5
mammography,CTGAN,RF,2,5,1.6100003719329834,0.40199947357177734,17476,0.5,0.9414803731737371,0.6135283764919089,0.4959999999999999,0.4246575342465753,0.5961538461538461,C1_grid,0.5
mammography,CTGAN,LGBM,2,5,1.6100003719329834,0.07400012016296387,17476,0.5,0.9294930469987679,0.6518747416381893,0.5961538461538461,0.5961538461538461,0.5961538461538461,C1_grid,0.5
mammography,CTGAN,MLP,2,5,1.6100003719329834,18.9260413646698,17476,0.5,0.9541453969371589,0.5298562114089417,0.5555555555555555,0.5357142857142857,0.5769230769230769,C1_grid,0.5
mammography,CTGAN,RF,3,5,1.5099999904632568,0.34599971771240234,17478,0.5,0.963902683854607,0.7163436084520178,0.6739130434782609,0.775,0.5961538461538461,C1_grid,0.5
mammography,CTGAN,LGBM,3,5,1.5099999904632568,0.06700015068054199,17478,0.5,0.9797698295294449,0.7417441567133406,0.6595744680851063,0.7380952380952381,0.5961538461538461,C1_grid,0.5
mammography,CTGAN,MLP,3,5,1.5099999904632568,18.44700026512146,17478,0.5,0.9657297830374754,0.7571396491717091,0.6666666666666666,0.7894736842105263,0.5769230769230769,C1_grid,0.5
mammography,CTGAN,RF,4,5,1.7070000171661377,0.3960001468658447,17478,0.5,0.9141659622428854,0.6142026515889898,0.588235294117647,0.5223880597014925,0.6730769230769231,C1_grid,0.5
mammography,CTGAN,LGBM,4,5,1.7070000171661377,0.07599854469299316,17478,0.5,0.9199378346012962,0.6314242563932128,0.5918367346938777,0.6304347826086957,0.5576923076923077,C1_grid,0.5
mammography,CTGAN,MLP,4,5,1.7070000171661377,23.182457208633423,17478,0.5,0.916354078613694,0.6232198570008389,0.5811965811965812,0.5230769230769231,0.6538461538461539,C1_grid,0.5
mammography,TVAE,RF,0,5,1.1140000820159912,0.2952601909637451,10922,0.19996337667093939,0.9541453969371589,0.7029011153006454,0.7102803738317757,0.6909090909090909,0.7307692307692307,C1_grid,0.2
mammography,TVAE,LGBM,0,5,1.1140000820159912,0.05800151824951172,10922,0.19996337667093939,0.9480637211758494,0.7773967185666286,0.719298245614035,0.6612903225806451,0.7884615384615384,C1_grid,0.2
mammography,TVAE,MLP,0,5,1.1140000820159912,8.14499807357788,10922,0.19996337667093939,0.9534500968139411,0.7897004055257004,0.7058823529411765,0.6268656716417911,0.8076923076923077,C1_grid,0.2
mammography,TVAE,RF,1,5,1.0050013065338135,0.2989985942840576,10922,0.19996337667093939,0.9427081499735962,0.591815321379077,0.6728971962616823,0.6545454545454545,0.6923076923076923,C1_grid,0.2
mammography,TVAE,LGBM,1,5,1.0050013065338135,0.0709996223449707,10922,0.19996337667093939,0.9397201196972365,0.716050783651665,0.672566371681416,0.6229508196721312,0.7307692307692307,C1_grid,0.2
mammography,TVAE,MLP,1,5,1.0050013065338135,12.359318017959595,10922,0.19996337667093939,0.9512673825030805,0.7198150096218174,0.6981132075471698,0.6851851851851852,0.7115384615384616,C1_grid,0.2
mammography,TVAE,RF,2,5,1.0399963855743408,0.2930002212524414,10922,0.19996337667093939,0.9623481781376518,0.634955896633869,0.5981308411214953,0.5818181818181818,0.6153846153846154,C1_grid,0.2
mammography,TVAE,LGBM,2,5,1.0399963855743408,0.06100058555603027,10922,0.19996337667093939,0.9508977292730153,0.6497669331177783,0.6101694915254238,0.5454545454545454,0.6923076923076923,C1_grid,0.2
mammography,TVAE,MLP,2,5,1.0399963855743408,10.240000009536743,10922,0.19996337667093939,0.9519538813589157,0.6128987649427204,0.5825242718446602,0.5882352941176471,0.5769230769230769,C1_grid,0.2
mammography,TVAE,RF,3,5,1.053999900817871,0.29799985885620117,10923,0.19994507003570447,0.9604598126232742,0.6688717020767196,0.6037735849056604,0.5925925925925926,0.6153846153846154,C1_grid,0.2
mammography,TVAE,LGBM,3,5,1.053999900817871,0.0709991455078125,10923,0.19994507003570447,0.9763445688926459,0.6930105809385513,0.6363636363636364,0.603448275862069,0.6730769230769231,C1_grid,0.2
mammography,TVAE,MLP,3,5,1.053999900817871,7.775000810623169,10923,0.19994507003570447,0.964461820231051,0.7230200780438972,0.6923076923076923,0.6923076923076923,0.6923076923076923,C1_grid,0.2
mammography,TVAE,RF,4,5,1.1179959774017334,0.28299999237060547,10923,0.19994507003570447,0.9256876937165398,0.5897192175208049,0.6260869565217392,0.5714285714285714,0.6923076923076923,C1_grid,0.2
mammography,TVAE,LGBM,4,5,1.1179959774017334,0.06299996376037598,10923,0.19994507003570447,0.9320054945054945,0.6215361093432954,0.6386554621848739,0.5671641791044776,0.7307692307692307,C1_grid,0.2
mammography,TVAE,MLP,4,5,1.1179959774017334,13.00700044631958,10923,0.19994507003570447,0.933150183150183,0.6507589229846736,0.6229508196721311,0.5428571428571428,0.7307692307692307,C1_grid,0.2
mammography,TVAE,RF,0,5,1.1549975872039795,0.33899998664855957,12482,0.2999519307803237,0.948741418764302,0.6952147683933954,0.7027027027027027,0.6610169491525424,0.75,C1_grid,0.3
mammography,TVAE,LGBM,0,5,1.1549975872039795,0.05300021171569824,12482,0.2999519307803237,0.941669600422461,0.7767101929068396,0.7407407407407408,0.7142857142857143,0.7692307692307693,C1_grid,0.3
mammography,TVAE,MLP,0,5,1.1549975872039795,14.456284523010254,12482,0.2999519307803237,0.9511441647597254,0.7585362555796573,0.7256637168141593,0.6721311475409836,0.7884615384615384,C1_grid,0.3
mammography,TVAE,RF,1,5,1.0850002765655518,0.3409996032714844,12482,0.2999519307803237,0.9532784720999823,0.5836039577746628,0.6788990825688075,0.6491228070175439,0.7115384615384616,C1_grid,0.3
mammography,TVAE,LGBM,1,5,1.0850002765655518,0.05500006675720215,12482,0.2999519307803237,0.951628234465763,0.7117641540464171,0.6605504587155963,0.631578947368421,0.6923076923076923,C1_grid,0.3
mammography,TVAE,MLP,1,5,1.0850002765655518,12.973931074142456,12482,0.2999519307803237,0.9591357155430382,0.7384398242750251,0.7155963302752295,0.6842105263157895,0.75,C1_grid,0.3
mammography,TVAE,RF,2,5,1.0639979839324951,0.3359999656677246,12482,0.2999519307803237,0.959743002992431,0.6421280035466389,0.6213592233009709,0.6274509803921569,0.6153846153846154,C1_grid,0.3
mammography,TVAE,LGBM,2,5,1.0639979839324951,0.06099724769592285,12482,0.2999519307803237,0.9583348002112304,0.6236251560959367,0.6250000000000001,0.5833333333333334,0.6730769230769231,C1_grid,0.3
mammography,TVAE,MLP,2,5,1.0639979839324951,8.313001155853271,12482,0.2999519307803237,0.9570234113712374,0.6630026512899979,0.6037735849056604,0.5925925925925926,0.6153846153846154,C1_grid,0.3
mammography,TVAE,RF,3,5,1.0480000972747803,0.3279995918273926,12484,0.299983979493752,0.9684286066497604,0.6588405629479992,0.6095238095238096,0.6037735849056604,0.6153846153846154,C1_grid,0.3
mammography,TVAE,LGBM,3,5,1.0480000972747803,0.053000450134277344,12484,0.299983979493752,0.9756489504085658,0.6959559207263788,0.6422018348623854,0.6140350877192983,0.6730769230769231,C1_grid,0.3
mammography,TVAE,MLP,3,5,1.0480000972747803,9.6530020236969,12484,0.299983979493752,0.9648140321217243,0.7129043047147072,0.6456692913385826,0.5466666666666666,0.7884615384615384,C1_grid,0.3
mammography,TVAE,RF,4,5,1.1530001163482666,0.32200002670288086,12484,0.299983979493752,0.9290645252183714,0.5573865924564384,0.6181818181818182,0.5862068965517241,0.6538461538461539,C1_grid,0.3
mammography,TVAE,LGBM,4,5,1.1530001163482666,0.06895160675048828,12484,0.299983979493752,0.9089091997745844,0.6269633588424521,0.6371681415929203,0.5901639344262295,0.6923076923076923,C1_grid,0.3
mammography,TVAE,MLP,4,5,1.1530001163482666,8.241738557815552,12484,0.299983979493752,0.9307947661313047,0.6572294914490668,0.6666666666666667,0.5882352941176471,0.7692307692307693,C1_grid,0.3
mammography,TVAE,RF,0,5,1.2049999237060547,0.36500000953674316,14563,0.3999862665659548,0.9371897553247668,0.6877064939884014,0.7222222222222223,0.6964285714285714,0.75,C1_grid,0.4
mammography,TVAE,LGBM,0,5,1.2049999237060547,0.06599807739257812,14563,0.3999862665659548,0.9337220559760605,0.7780920321229983,0.7102803738317757,0.6909090909090909,0.7307692307692307,C1_grid,0.4
mammography,TVAE,MLP,0,5,1.2049999237060547,13.008540868759155,14563,0.3999862665659548,0.9580355571202253,0.7754994218872167,0.7288135593220337,0.6515151515151515,0.8269230769230769,C1_grid,0.4
mammography,TVAE,RF,1,5,1.06599760055542,0.37800025939941406,14563,0.3999862665659548,0.9546426685442704,0.600463041367002,0.6355140186915889,0.6181818181818182,0.6538461538461539,C1_grid,0.4
mammography,TVAE,LGBM,1,5,1.06599760055542,0.0690000057220459,14563,0.3999862665659548,0.9463606759373351,0.7279926256415717,0.6666666666666667,0.660377358490566,0.6730769230769231,C1_grid,0.4
mammography,TVAE,MLP,1,5,1.06599760055542,10.708000898361206,14563,0.3999862665659548,0.9416651997887696,0.7301056575788043,0.6972477064220183,0.6666666666666666,0.7307692307692307,C1_grid,0.4
mammography,TVAE,RF,2,5,1.1580045223236084,0.378995418548584,14563,0.3999862665659548,0.9593293434254534,0.6267827284976307,0.6095238095238096,0.6037735849056604,0.6153846153846154,C1_grid,0.4
mammography,TVAE,LGBM,2,5,1.1580045223236084,0.06400060653686523,14563,0.3999862665659548,0.9478788945608168,0.6525159618827039,0.6296296296296297,0.6071428571428571,0.6538461538461539,C1_grid,0.4
mammography,TVAE,MLP,2,5,1.1580045223236084,13.289000749588013,14563,0.3999862665659548,0.9505016722408026,0.606172279504954,0.5925925925925927,0.5714285714285714,0.6153846153846154,C1_grid,0.4
mammography,TVAE,RF,3,5,1.0750060081481934,0.3829939365386963,14565,0.4,0.977093019160327,0.6524757835083411,0.5961538461538461,0.5961538461538461,0.5961538461538461,C1_grid,0.4
mammography,TVAE,LGBM,3,5,1.0750060081481934,0.05599713325500488,14565,0.4,0.9833888067061144,0.6951927784946879,0.6666666666666667,0.660377358490566,0.6730769230769231,C1_grid,0.4
mammography,TVAE,MLP,3,5,1.0750060081481934,11.851001262664795,14565,0.4,0.962903282614821,0.7336074492513514,0.6666666666666665,0.6,0.75,C1_grid,0.4
mammography,TVAE,RF,4,5,1.103001594543457,0.38399553298950195,14565,0.4,0.9229888701042548,0.5414414466932391,0.6226415094339622,0.6111111111111112,0.6346153846153846,C1_grid,0.4
mammography,TVAE,LGBM,4,5,1.103001594543457,0.06899642944335938,14565,0.4,0.9108727810650888,0.6191294593344862,0.6481481481481483,0.625,0.6730769230769231,C1_grid,0.4
mammography,TVAE,MLP,4,5,1.103001594543457,13.949853897094727,14565,0.4,0.9307243237531699,0.6301227256876211,0.6290322580645162,0.5416666666666666,0.75,C1_grid,0.4
mammography,TVAE,RF,0,5,1.2479958534240723,0.42799997329711914,17476,0.5,0.9502024291497976,0.7013569186179472,0.7339449541284404,0.7017543859649122,0.7692307692307693,C1_grid,0.5
mammography,TVAE,LGBM,0,5,1.2479958534240723,0.08100008964538574,17476,0.5,0.9457269846857949,0.7828845736893243,0.7755102040816326,0.8260869565217391,0.7307692307692307,C1_grid,0.5
mammography,TVAE,MLP,0,5,1.2479958534240723,14.375791549682617,17476,0.5,0.9524643548671009,0.7621263385349083,0.7166666666666666,0.6323529411764706,0.8269230769230769,C1_grid,0.5
mammography,TVAE,RF,1,5,1.0549976825714111,0.43399977684020996,17476,0.5,0.9591577187114944,0.6024135416101225,0.6476190476190475,0.6415094339622641,0.6538461538461539,C1_grid,0.5
mammography,TVAE,LGBM,1,5,1.0549976825714111,0.06599831581115723,17476,0.5,0.9238602358739658,0.7264086889163126,0.6736842105263158,0.7441860465116279,0.6153846153846154,C1_grid,0.5
mammography,TVAE,MLP,1,5,1.0549976825714111,16.036585807800293,17476,0.5,0.9566273543390248,0.7200984376525276,0.6776859504132232,0.5942028985507246,0.7884615384615384,C1_grid,0.5
mammography,TVAE,RF,2,5,1.2130000591278076,0.437999963760376,17476,0.5,0.9590389016018307,0.6408546311659944,0.607843137254902,0.62,0.5961538461538461,C1_grid,0.5
mammography,TVAE,LGBM,2,5,1.2130000591278076,0.06600022315979004,17476,0.5,0.9475796514698117,0.6100486341012102,0.6326530612244897,0.6739130434782609,0.5961538461538461,C1_grid,0.5
mammography,TVAE,MLP,2,5,1.2130000591278076,14.97200083732605,17476,0.5,0.9454585460306284,0.5920606276385739,0.5849056603773585,0.5740740740740741,0.5961538461538461,C1_grid,0.5
mammography,TVAE,RF,3,5,1.1000003814697266,0.4419999122619629,17478,0.5,0.9737954353338969,0.6480258446256696,0.5849056603773585,0.5740740740740741,0.5961538461538461,C1_grid,0.5
mammography,TVAE,LGBM,3,5,1.1000003814697266,0.06100058555603027,17478,0.5,0.981130247957171,0.6705246788332722,0.6857142857142857,0.6792452830188679,0.6923076923076923,C1_grid,0.5
mammography,TVAE,MLP,3,5,1.1000003814697266,12.557000875473022,17478,0.5,0.9677990278951817,0.6798677341196603,0.6504065040650407,0.5633802816901409,0.7692307692307693,C1_grid,0.5
mammography,TVAE,RF,4,5,1.1029999256134033,0.4459998607635498,17478,0.5,0.9340659340659341,0.5716554298921236,0.6037735849056604,0.5925925925925926,0.6153846153846154,C1_grid,0.5
mammography,TVAE,LGBM,4,5,1.1029999256134033,0.06800031661987305,17478,0.5,0.8968327345731192,0.5809641925208381,0.6181818181818182,0.5862068965517241,0.6538461538461539,C1_grid,0.5
mammography,TVAE,MLP,4,5,1.1029999256134033,14.836775541305542,17478,0.5,0.9224385390250774,0.6038803574885437,0.582089552238806,0.47560975609756095,0.75,C1_grid,0.5
protein_homo,None,RF,0,5,0.0,5.130997657775879,116600,0.008885077186963979,0.9892310088582283,0.8892207916228562,0.8375733855185911,0.852589641434263,0.823076923076923,C0_fixed0.50,
protein_homo,None,LGBM,0,5,0.0,0.5129997730255127,116600,0.008885077186963979,0.9931769409158562,0.8860823086031511,0.6581560283687943,0.5213483146067416,0.8923076923076924,C0_fixed0.50,
protein_homo,None,MLP,0,5,0.0,35.101826906204224,116600,0.008885077186963979,0.9865793978960709,0.8856154609321258,0.8246268656716418,0.8007246376811594,0.85,C0_fixed0.50,
protein_homo,None,RF,1,5,0.0019989013671875,5.104999780654907,116601,0.008893577242047666,0.992231619070427,0.8739147462677029,0.8140900195694716,0.8253968253968254,0.803088803088803,C0_fixed0.50,
protein_homo,None,LGBM,1,5,0.0019989013671875,0.5260002613067627,116601,0.008893577242047666,0.9912612563611144,0.886816945927783,0.6686217008797655,0.5390070921985816,0.8803088803088803,C0_fixed0.50,
protein_homo,None,MLP,1,5,0.0019989013671875,39.46104598045349,116601,0.008893577242047666,0.9933574055272855,0.895557648684709,0.8519269776876268,0.8974358974358975,0.8108108108108109,C0_fixed0.50,
protein_homo,None,RF,2,5,0.0009996891021728516,5.146003246307373,116601,0.008893577242047666,0.9926940147424036,0.8746856943281417,0.8239845261121858,0.8255813953488372,0.8223938223938224,C0_fixed0.50,
protein_homo,None,LGBM,2,5,0.0009996891021728516,0.5149998664855957,116601,0.008893577242047666,0.994192925105666,0.8794326493052809,0.6581196581196581,0.5214446952595937,0.8918918918918919,C0_fixed0.50,
protein_homo,None,MLP,2,5,0.0009996891021728516,33.123029470443726,116601,0.008893577242047666,0.9960388995036463,0.9030639931900138,0.8448979591836735,0.8961038961038961,0.7992277992277992,C0_fixed0.50,
protein_homo,None,RF,3,5,0.00099945068359375,5.080000638961792,116601,0.008893577242047666,0.9923112687295306,0.8892643434096366,0.8509803921568627,0.8645418326693227,0.8378378378378378,C0_fixed0.50,
protein_homo,None,LGBM,3,5,0.00099945068359375,0.5010004043579102,116601,0.008893577242047666,0.9926762405735097,0.89932093627597,0.7016491754122938,0.5735294117647058,0.9034749034749034,C0_fixed0.50,
protein_homo,None,MLP,3,5,0.00099945068359375,29.301002502441406,116601,0.008893577242047666,0.9923490889535679,0.8912121738345453,0.8629856850715746,0.9173913043478261,0.8146718146718147,C0_fixed0.50,
protein_homo,None,RF,4,5,0.0009984970092773438,5.203002452850342,116601,0.008893577242047666,0.993761934920081,0.87626935909748,0.8290766208251473,0.844,0.8146718146718147,C0_fixed0.50,
protein_homo,None,LGBM,4,5,0.0009984970092773438,0.5260004997253418,116601,0.008893577242047666,0.9938974462528511,0.8770292041162154,0.6980854197349042,0.5642857142857143,0.915057915057915,C0_fixed0.50,
protein_homo,None,MLP,4,5,0.0009984970092773438,36.53732490539551,116601,0.008893577242047666,0.9915978964471575,0.8637322619055167,0.8336673346693386,0.8666666666666667,0.803088803088803,C0_fixed0.50,
protein_homo,SMOTE,RF,0,5,0.17799997329711914,20.480000257492065,231128,0.5,0.9899826403218465,0.8884603955382362,0.7272727272727273,0.6212534059945504,0.8769230769230769,C0_fixed0.50,0.5
protein_homo,SMOTE,LGBM,0,5,0.17799997329711914,0.9490005970001221,231128,0.5,0.9918297020898177,0.8728050640959975,0.588679245283019,0.4373831775700935,0.9,C0_fixed0.50,0.5
protein_homo,SMOTE,MLP,0,5,0.17799997329711914,44.517523527145386,231128,0.5,0.9847667492937646,0.884551109378645,0.8496993987975952,0.8870292887029289,0.8153846153846154,C0_fixed0.50,0.5
protein_homo,SMOTE,RF,1,5,0.1809985637664795,20.267001390457153,231128,0.5,0.9927891666841513,0.8759444165011147,0.7090620031796502,0.6027027027027027,0.861003861003861,C0_fixed0.50,0.5
protein_homo,SMOTE,LGBM,1,5,0.1809985637664795,0.9490125179290771,231128,0.5,0.993073419746086,0.8800225645559134,0.6263440860215054,0.48041237113402063,0.8996138996138996,C0_fixed0.50,0.5
protein_homo,SMOTE,MLP,1,5,0.1809985637664795,56.64766550064087,231128,0.5,0.9906658885233528,0.8672764770559388,0.8170731707317074,0.8626609442060086,0.7760617760617761,C0_fixed0.50,0.5
protein_homo,SMOTE,RF,2,5,0.18400144577026367,20.445998191833496,231128,0.5,0.9937484372429511,0.8775372152603045,0.6778625954198473,0.5606060606060606,0.8571428571428571,C0_fixed0.50,0.5
protein_homo,SMOTE,LGBM,2,5,0.18400144577026367,0.9459969997406006,231128,0.5,0.9941931923864014,0.8703216960326795,0.5924050632911393,0.4406779661016949,0.9034749034749034,C0_fixed0.50,0.5
protein_homo,SMOTE,MLP,2,5,0.18400144577026367,62.6865873336792,231128,0.5,0.9956546834467295,0.8944647214186949,0.8294573643410853,0.8326848249027238,0.8262548262548263,C0_fixed0.50,0.5
protein_homo,SMOTE,RF,3,5,0.1809988021850586,20.59499955177307,231128,0.5,0.9917563939231587,0.8912947239303027,0.7337662337662337,0.6330532212885154,0.8725868725868726,C0_fixed0.50,0.5
protein_homo,SMOTE,LGBM,3,5,0.1809988021850586,0.9460790157318115,231128,0.5,0.9920438543539164,0.8875244538429174,0.6378378378378379,0.49064449064449067,0.9111969111969112,C0_fixed0.50,0.5
protein_homo,SMOTE,MLP,3,5,0.1809988021850586,64.50800037384033,231128,0.5,0.9899984885274422,0.8671371860528136,0.794776119402985,0.7689530685920578,0.8223938223938224,C0_fixed0.50,0.5
protein_homo,SMOTE,RF,4,5,0.17799782752990723,19.806002140045166,231128,0.5,0.9930762261938061,0.8850237398439812,0.7351524879614767,0.6291208791208791,0.8841698841698842,C0_fixed0.50,0.5
protein_homo,SMOTE,LGBM,4,5,0.17799782752990723,0.9529998302459717,231128,0.5,0.9933525276538672,0.8770134124139886,0.6196078431372549,0.4683794466403162,0.915057915057915,C0_fixed0.50,0.5
protein_homo,SMOTE,MLP,4,5,0.17799782752990723,56.698108196258545,231128,0.5,0.9889153333478555,0.8765005415665504,0.8433734939759037,0.8786610878661087,0.8108108108108109,C0_fixed0.50,0.5
protein_homo,ADASYN,RF,0,5,0.26604461669921875,19.15095281600952,231158,0.500064890680833,0.9900472066094579,0.8124396979745063,0.44011142061281333,0.29008567931456547,0.9115384615384615,C0_fixed0.50,0.5
protein_homo,ADASYN,LGBM,0,5,0.26604461669921875,0.9449968338012695,231158,0.500064890680833,0.9919529105417445,0.8511000816986561,0.43603603603603613,0.2847058823529412,0.9307692307692308,C0_fixed0.50,0.5
protein_homo,ADASYN,MLP,0,5,0.26604461669921875,84.15094637870789,231158,0.500064890680833,0.9878116155417045,0.885488570703744,0.7921847246891651,0.735973597359736,0.8576923076923076,C0_fixed0.50,0.5
protein_homo,ADASYN,RF,1,5,0.2739994525909424,18.684000253677368,231173,0.5000973297054587,0.9906692295325434,0.7931121655615553,0.44547996272134205,0.2936117936117936,0.9227799227799228,C0_fixed0.50,0.5
protein_homo,ADASYN,LGBM,1,5,0.2739994525909424,0.9310002326965332,231173,0.5000973297054587,0.9935458384456343,0.8372923529187531,0.47388781431334626,0.3161290322580645,0.9459459459459459,C0_fixed0.50,0.5
protein_homo,ADASYN,MLP,1,5,0.2739994525909424,105.6870002746582,231173,0.5000973297054587,0.9914200211178509,0.8763150694605634,0.8359375,0.8458498023715415,0.8262548262548263,C0_fixed0.50,0.5
protein_homo,ADASYN,RF,2,5,0.26599860191345215,18.66700029373169,231191,0.500136250978628,0.9922669001274795,0.8006874856496891,0.4338235294117647,0.28468033775633295,0.9111969111969112,C0_fixed0.50,0.5
protein_homo,ADASYN,LGBM,2,5,0.26599860191345215,0.9409987926483154,231191,0.500136250978628,0.9932019817797396,0.836794493856826,0.43155031731640975,0.28199052132701424,0.918918918918919,C0_fixed0.50,0.5
protein_homo,ADASYN,MLP,2,5,0.26599860191345215,89.30302309989929,231191,0.500136250978628,0.9959039227323468,0.8874051309670605,0.8307086614173228,0.8473895582329317,0.8146718146718147,C0_fixed0.50,0.5
protein_homo,ADASYN,RF,3,5,0.2819979190826416,18.91400122642517,231102,0.4999437477823645,0.9919384121038615,0.8256849141369215,0.46804326450344147,0.31398416886543534,0.918918918918919,C0_fixed0.50,0.5
protein_homo,ADASYN,LGBM,3,5,0.2819979190826416,0.9359996318817139,231102,0.4999437477823645,0.991152205821134,0.8544833016808608,0.47208619000979435,0.31627296587926507,0.9305019305019305,C0_fixed0.50,0.5
protein_homo,ADASYN,MLP,3,5,0.2819979190826416,53.63770365715027,231102,0.4999437477823645,0.9914337860757161,0.888964184872134,0.8336594911937378,0.8452380952380952,0.8223938223938224,C0_fixed0.50,0.5
protein_homo,ADASYN,RF,4,5,0.2799992561340332,18.546000242233276,231126,0.4999956733556588,0.9914220257233652,0.8162883573717427,0.457357075913777,0.30198019801980197,0.9420849420849421,C0_fixed0.50,0.5
protein_homo,ADASYN,LGBM,4,5,0.2799992561340332,0.9420003890991211,231126,0.4999956733556588,0.9935622093906681,0.8665604795424938,0.4590780809031044,0.3034825870646766,0.9420849420849421,C0_fixed0.50,0.5
protein_homo,ADASYN,MLP,4,5,0.2799992561340332,70.40100049972534,231126,0.4999956733556588,0.9905464140346976,0.8828434346750522,0.8464566929133858,0.8634538152610441,0.8301158301158301,C0_fixed0.50,0.5
protein_homo,G-SMOTE,RF,0,5,1.706998348236084,19.321000337600708,231128,0.5,0.9906465415101322,0.8884575731745867,0.7333333333333332,0.6243243243243243,0.8884615384615384,C0_fixed0.50,0.5
protein_homo,G-SMOTE,LGBM,0,5,1.706998348236084,0.9229967594146729,231128,0.5,0.9929348506189046,0.872870846818526,0.5832290362953692,0.4322820037105751,0.8961538461538462,C0_fixed0.50,0.5
protein_homo,G-SMOTE,MLP,0,5,1.706998348236084,48.955511808395386,231128,0.5,0.9884546158904957,0.8777118400168813,0.8171206225680933,0.8267716535433071,0.8076923076923077,C0_fixed0.50,0.5
protein_homo,G-SMOTE,RF,1,5,1.5669972896575928,20.288999795913696,231128,0.5,0.9923425405755543,0.8726291210682667,0.7138263665594856,0.6115702479338843,0.8571428571428571,C0_fixed0.50,0.5
protein_homo,G-SMOTE,LGBM,1,5,1.5669972896575928,0.9250001907348633,231128,0.5,0.9930779635185852,0.8837558244046932,0.6186666666666667,0.4725050916496945,0.8957528957528957,C0_fixed0.50,0.5
protein_homo,G-SMOTE,MLP,1,5,1.5669972896575928,68.3849549293518,231128,0.5,0.9907033078262873,0.8746076545581114,0.7392739273927393,0.6455331412103746,0.8648648648648649,C0_fixed0.50,0.5
protein_homo,G-SMOTE,RF,2,5,1.3809971809387207,20.557620525360107,231128,0.5,0.9942685655537409,0.8796139521999021,0.6944444444444445,0.5784061696658098,0.8687258687258688,C0_fixed0.50,0.5
protein_homo,G-SMOTE,LGBM,2,5,1.3809971809387207,0.9500017166137695,231128,0.5,0.9942213905039698,0.8711403235121646,0.5860349127182045,0.43278084714548803,0.9073359073359073,C0_fixed0.50,0.5
protein_homo,G-SMOTE,MLP,2,5,1.3809971809387207,52.11900043487549,231128,0.5,0.9929459268353734,0.8931962085401374,0.8278529980657641,0.8294573643410853,0.8262548262548263,C0_fixed0.50,0.5
protein_homo,G-SMOTE,RF,3,5,1.5089976787567139,20.128999948501587,231128,0.5,0.9925968581951414,0.8935083220790608,0.7331189710610932,0.628099173553719,0.8803088803088803,C0_fixed0.50,0.5
protein_homo,G-SMOTE,LGBM,3,5,1.5089976787567139,0.9419999122619629,231128,0.5,0.9930842446158634,0.8882905733317265,0.6366120218579235,0.492600422832981,0.8996138996138996,C0_fixed0.50,0.5
protein_homo,G-SMOTE,MLP,3,5,1.5089976787567139,72.27184057235718,231128,0.5,0.9916172743004628,0.8832469321569543,0.8565656565656566,0.8983050847457628,0.8185328185328186,C0_fixed0.50,0.5
protein_homo,G-SMOTE,RF,4,5,1.6729979515075684,20.238256692886353,231128,0.5,0.9933807925916194,0.8877136684744648,0.7383627608346709,0.6318681318681318,0.888030888030888,C0_fixed0.50,0.5
protein_homo,G-SMOTE,LGBM,4,5,1.6729979515075684,0.9310002326965332,231128,0.5,0.9929461941161086,0.8761208783025027,0.6338215712383489,0.483739837398374,0.918918918918919,C0_fixed0.50,0.5
protein_homo,G-SMOTE,MLP,4,5,1.6729979515075684,88.38433933258057,231128,0.5,0.9909819479927818,0.8822087332392248,0.8508064516129034,0.890295358649789,0.8146718146718147,C0_fixed0.50,0.5
protein_homo,CTGAN,RF,0,5,40.16340231895447,18.42500066757202,231128,0.5,0.9644452091814593,0.7765932085997274,0.7858627858627858,0.8552036199095022,0.7269230769230769,C0_fixed0.50,0.5
protein_homo,CTGAN,LGBM,0,5,40.16340231895447,0.8650009632110596,231128,0.5,0.9827876261705136,0.8295064439269958,0.7877551020408164,0.8391304347826087,0.7423076923076923,C0_fixed0.50,0.5
protein_homo,CTGAN,MLP,0,5,40.16340231895447,116.63799786567688,231128,0.5,0.9854406349595163,0.8647774414559001,0.8385744234800839,0.9216589861751152,0.7692307692307693,C0_fixed0.50,0.5
protein_homo,CTGAN,RF,1,5,31.102996349334717,18.43000316619873,231128,0.5,0.9703004997214266,0.7794029984704417,0.7413441955193483,0.7844827586206896,0.7027027027027027,C0_fixed0.50,0.5
protein_homo,CTGAN,LGBM,1,5,31.102996349334717,0.8449990749359131,231128,0.5,0.9818703477282273,0.8377006535924209,0.7874999999999999,0.8552036199095022,0.7297297297297297,C0_fixed0.50,0.5
protein_homo,CTGAN,MLP,1,5,31.102996349334717,81.22400093078613,231128,0.5,0.993643128633264,0.8819011932333576,0.8433734939759037,0.8786610878661087,0.8108108108108109,C0_fixed0.50,0.5
protein_homo,CTGAN,RF,2,5,29.85250449180603,18.52800154685974,231128,0.5,0.9729495190884552,0.7873499495412949,0.7714285714285715,0.8181818181818182,0.7297297297297297,C0_fixed0.50,0.5
protein_homo,CTGAN,LGBM,2,5,29.85250449180603,0.8979983329772949,231128,0.5,0.9801159169820689,0.8279256227385169,0.7949790794979079,0.867579908675799,0.7335907335907336,C0_fixed0.50,0.5
protein_homo,CTGAN,MLP,2,5,29.85250449180603,163.99699807167053,231128,0.5,0.9956203378722503,0.8937201318867354,0.8097014925373135,0.7833935018050542,0.8378378378378378,C0_fixed0.50,0.5
protein_homo,CTGAN,RF,3,5,30.519180297851562,19.244000911712646,231128,0.5,0.9647659175366766,0.7838255085690404,0.7923728813559321,0.8779342723004695,0.722007722007722,C0_fixed0.50,0.5
protein_homo,CTGAN,LGBM,3,5,30.519180297851562,0.8419990539550781,231128,0.5,0.9806775406270059,0.8571232464273526,0.8220338983050848,0.9107981220657277,0.749034749034749,C0_fixed0.50,0.5
protein_homo,CTGAN,MLP,3,5,30.519180297851562,176.93900108337402,231128,0.5,0.9931851430934191,0.8983529740318537,0.865079365079365,0.889795918367347,0.8416988416988417,C0_fixed0.50,0.5
protein_homo,CTGAN,RF,4,5,30.394657850265503,18.552000522613525,231128,0.5,0.9738001400283772,0.7986473079691883,0.7804878048780487,0.8240343347639485,0.7413127413127413,C0_fixed0.50,0.5
protein_homo,CTGAN,LGBM,4,5,30.394657850265503,0.8599977493286133,231128,0.5,0.987727871861339,0.8296725842996812,0.7862903225806454,0.8227848101265823,0.752895752895753,C0_fixed0.50,0.5
protein_homo,CTGAN,MLP,4,5,30.394657850265503,182.63600134849548,231128,0.5,0.9924434390531098,0.8866926966233001,0.8455284552845529,0.8927038626609443,0.803088803088803,C0_fixed0.50,0.5
protein_homo,TVAE,RF,0,5,25.965996742248535,20.96700096130371,231128,0.5,0.9756748841134981,0.8079801185846219,0.6949152542372881,0.6212121212121212,0.7884615384615384,C0_fixed0.50,0.5
protein_homo,TVAE,LGBM,0,5,25.965996742248535,0.9100000858306885,231128,0.5,0.9820208183011477,0.8128737316425455,0.7034482758620688,0.6375,0.7846153846153846,C0_fixed0.50,0.5
protein_homo,TVAE,MLP,0,5,25.965996742248535,113.00600004196167,231128,0.5,0.9865503763482372,0.8834010705901001,0.8266666666666667,0.8188679245283019,0.8346153846153846,C0_fixed0.50,0.5
protein_homo,TVAE,RF,1,5,25.49199891090393,21.087002754211426,231128,0.5,0.9768656496011036,0.7759895925445013,0.6724137931034483,0.6074766355140186,0.752895752895753,C0_fixed0.50,0.5
protein_homo,TVAE,LGBM,1,5,25.49199891090393,1.055997610092163,231128,0.5,0.9843779755863103,0.7890505223822993,0.7090909090909091,0.6701030927835051,0.752895752895753,C0_fixed0.50,0.5
protein_homo,TVAE,MLP,1,5,25.49199891090393,57.93100094795227,231128,0.5,0.9910821782684993,0.8809572799392328,0.8531746031746031,0.8775510204081632,0.8301158301158301,C0_fixed0.50,0.5
protein_homo,TVAE,RF,2,5,26.070999145507812,21.02400255203247,231128,0.5,0.9802079951953615,0.778410000516524,0.622848200312989,0.5236842105263158,0.7683397683397684,C0_fixed0.50,0.5
protein_homo,TVAE,LGBM,2,5,26.070999145507812,0.8929994106292725,231128,0.5,0.9847401409825693,0.8017244815041475,0.6830122591943958,0.625,0.752895752895753,C0_fixed0.50,0.5
protein_homo,TVAE,MLP,2,5,26.070999145507812,175.23600053787231,231128,0.5,0.9941931923864012,0.8795860646685915,0.7977528089887641,0.7745454545454545,0.8223938223938224,C0_fixed0.50,0.5
protein_homo,TVAE,RF,3,5,25.950509548187256,21.261000394821167,231128,0.5,0.976139715124174,0.7967622380941073,0.68760907504363,0.6273885350318471,0.7606177606177607,C0_fixed0.50,0.5
protein_homo,TVAE,LGBM,3,5,25.950509548187256,0.9060003757476807,231128,0.5,0.9797874289584511,0.8200936154781909,0.758095238095238,0.7481203007518797,0.7683397683397684,C0_fixed0.50,0.5
protein_homo,TVAE,MLP,3,5,25.950509548187256,118.1043963432312,231128,0.5,0.9905734093889574,0.8774801032196349,0.8093385214007781,0.8156862745098039,0.803088803088803,C0_fixed0.50,0.5
protein_homo,TVAE,RF,4,5,26.330013275146484,20.7979998588562,231128,0.5,0.9802927231884347,0.7975825680956596,0.7360594795539033,0.7096774193548387,0.7644787644787645,C0_fixed0.50,0.5
protein_homo,TVAE,LGBM,4,5,26.330013275146484,0.887000322341919,231128,0.5,0.9870315387258379,0.8104877436302655,0.7306967984934086,0.7132352941176471,0.749034749034749,C0_fixed0.50,0.5
protein_homo,TVAE,MLP,4,5,26.330013275146484,95.90200018882751,231128,0.5,0.9918217440629264,0.8639902509231715,0.8040816326530613,0.8528138528138528,0.7606177606177607,C0_fixed0.50,0.5
protein_homo,GMMSampling,RF,0,5,10.230998277664185,8.883000373840332,116600,0.5,0.9714419316103232,0.8158870457370266,0.7453874538745388,0.7163120567375887,0.7769230769230769,C0_fixed0.50,
protein_homo,GMMSampling,LGBM,0,5,10.230998277664185,0.522998571395874,116600,0.5,0.9855603821259216,0.8576719557344846,0.7408695652173912,0.6761904761904762,0.8192307692307692,C0_fixed0.50,
protein_homo,GMMSampling,MLP,0,5,10.230998277664185,59.34373497962952,116600,0.5,0.9898847258794993,0.8781363300531821,0.7249190938511327,0.6256983240223464,0.8615384615384616,C0_fixed0.50,
protein_homo,GMMSampling,RF,1,5,11.521998167037964,9.85000205039978,116599,0.49999571179855745,0.9825722269389848,0.8141250307513945,0.5919778699861687,0.46120689655172414,0.8262548262548263,C0_fixed0.50,
protein_homo,GMMSampling,LGBM,1,5,11.521998167037964,0.5630004405975342,116599,0.49999571179855745,0.9849208227595962,0.8350757107294564,0.5497512437810945,0.4055045871559633,0.8532818532818532,C0_fixed0.50,
protein_homo,GMMSampling,MLP,1,5,11.521998167037964,51.39592623710632,116599,0.49999571179855745,0.9914039174535524,0.8759952335328304,0.5683192261185006,0.4137323943661972,0.9073359073359073,C0_fixed0.50,
protein_homo,GMMSampling,RF,2,5,10.400796890258789,9.124002456665039,116600,0.5,0.9746752839757581,0.8060760815715468,0.7651515151515151,0.7509293680297398,0.7799227799227799,C0_fixed0.50,
protein_homo,GMMSampling,LGBM,2,5,10.400796890258789,0.5999987125396729,116600,0.5,0.9882616983098101,0.834330134653409,0.7115716753022452,0.64375,0.7953667953667953,C0_fixed0.50,
protein_homo,GMMSampling,MLP,2,5,10.400796890258789,34.83700084686279,116600,0.5,0.9945949153314768,0.8767647844071578,0.6963190184049081,0.5776081424936387,0.8764478764478765,C0_fixed0.50,
protein_homo,GMMSampling,RF,3,5,10.340999364852905,8.881999492645264,116600,0.5,0.968859455637345,0.8110104550211827,0.7740667976424361,0.788,0.7606177606177607,C0_fixed0.50,
protein_homo,GMMSampling,LGBM,3,5,10.340999364852905,0.5159986019134521,116600,0.5,0.9868152417908397,0.8555888020795361,0.7658802177858439,0.7226027397260274,0.8146718146718147,C0_fixed0.50,
protein_homo,GMMSampling,MLP,3,5,10.340999364852905,39.38208365440369,116600,0.5,0.9902651010608506,0.8863044477470148,0.7508417508417509,0.6656716417910448,0.861003861003861,C0_fixed0.50,
protein_homo,GMMSampling,RF,4,5,10.317998170852661,9.217002868652344,116600,0.5,0.972202135332522,0.8017163290494513,0.780392156862745,0.7928286852589641,0.7683397683397684,C0_fixed0.50,
protein_homo,GMMSampling,LGBM,4,5,10.317998170852661,0.6059980392456055,116600,0.5,0.9900162626963361,0.8319822765043304,0.7379679144385025,0.6854304635761589,0.7992277992277992,C0_fixed0.50,
protein_homo,GMMSampling,MLP,4,5,10.317998170852661,35.138999223709106,116600,0.5,0.9938748610307229,0.8728373133694672,0.738255033557047,0.6528189910979229,0.8494208494208494,C0_fixed0.50,
protein_homo,SMOTE,RF,0,5,0.10400009155273438,8.542999744415283,144455,0.2,0.9905092882265704,0.8890230143855257,0.7495908346972177,0.6524216524216524,0.8807692307692307,C1_grid,0.2
protein_homo,SMOTE,LGBM,0,5,0.10400009155273438,0.6630001068115234,144455,0.2,0.9910180971982225,0.8747634985080684,0.607235142118863,0.4571984435797665,0.9038461538461539,C1_grid,0.2
protein_homo,SMOTE,MLP,0,5,0.10400009155273438,26.648000478744507,144455,0.2,0.985846803502821,0.8699774670672887,0.8440000000000001,0.8791666666666667,0.8115384615384615,C1_grid,0.2
protein_homo,SMOTE,RF,1,5,0.10499978065490723,8.685998678207397,144455,0.2,0.992318485309382,0.8777119834336021,0.7258064516129032,0.6232686980609419,0.8687258687258688,C1_grid,0.2
protein_homo,SMOTE,LGBM,1,5,0.10499978065490723,0.6620006561279297,144455,0.2,0.9922639600393919,0.8842383652303454,0.632,0.48268839103869654,0.915057915057915,C1_grid,0.2
protein_homo,SMOTE,MLP,1,5,0.10499978065490723,31.019001245498657,144455,0.2,0.9904622206030951,0.8806240302621973,0.8387096774193549,0.8776371308016878,0.803088803088803,C1_grid,0.2
protein_homo,SMOTE,RF,2,5,0.10299992561340332,8.732000589370728,144455,0.2,0.9933473824997137,0.8788039529849357,0.7094703049759229,0.6071428571428571,0.8532818532818532,C1_grid,0.2
protein_homo,SMOTE,LGBM,2,5,0.10299992561340332,0.687000036239624,144455,0.2,0.994059552018778,0.8699762331050547,0.5977011494252874,0.44656488549618323,0.9034749034749034,C1_grid,0.2
protein_homo,SMOTE,MLP,2,5,0.10299992561340332,43.445000648498535,144455,0.2,0.9950261727977973,0.8647012423449981,0.732638888888889,0.6656151419558359,0.8146718146718147,C1_grid,0.2
protein_homo,SMOTE,RF,3,5,0.11099934577941895,8.755947351455688,144455,0.2,0.9932909862645767,0.8966715773965618,0.7587354409317804,0.6666666666666666,0.8803088803088803,C1_grid,0.2
protein_homo,SMOTE,LGBM,3,5,0.11099934577941895,0.6760005950927734,144455,0.2,0.9923958630822359,0.8908568529481391,0.6475409836065574,0.5010570824524313,0.915057915057915,C1_grid,0.2
protein_homo,SMOTE,MLP,3,5,0.11099934577941895,30.202000379562378,144455,0.2,0.9896324475605222,0.8736928282790803,0.8303393213572855,0.859504132231405,0.803088803088803,C1_grid,0.2
protein_homo,SMOTE,RF,4,5,0.10299944877624512,8.627000570297241,144455,0.2,0.9935271287941669,0.8842312336509114,0.7435064935064936,0.6414565826330533,0.8841698841698842,C1_grid,0.2
protein_homo,SMOTE,LGBM,4,5,0.10299944877624512,0.6789999008178711,144455,0.2,0.9924134367905784,0.8755585087929235,0.6389261744966442,0.4897119341563786,0.918918918918919,C1_grid,0.2
protein_homo,SMOTE,MLP,4,5,0.10299944877624512,25.865298986434937,144455,0.2,0.9898484103946013,0.8692753187543564,0.8297455968688845,0.8412698412698413,0.8185328185328186,C1_grid,0.2
protein_homo,SMOTE,RF,0,5,0.12099814414978027,11.471000671386719,165091,0.29999818282038393,0.9902214690228258,0.8885843135085527,0.7321711568938192,0.6226415094339622,0.8884615384615384,C1_grid,0.3
protein_homo,SMOTE,LGBM,0,5,0.12099814414978027,0.7600014209747314,165091,0.29999818282038393,0.9922377344022493,0.8764378557593914,0.6030534351145038,0.4505703422053232,0.9115384615384615,C1_grid,0.3
protein_homo,SMOTE,MLP,0,5,0.12099814414978027,35.245378255844116,165091,0.29999818282038393,0.9842057547865586,0.8844334173967342,0.8571428571428571,0.8987341772151899,0.8192307692307692,C1_grid,0.3
protein_homo,SMOTE,RF,1,5,0.12199783325195312,11.262000322341919,165091,0.29999818282038393,0.9930229036871244,0.8738821735425063,0.7234726688102894,0.6198347107438017,0.8687258687258688,C1_grid,0.3
protein_homo,SMOTE,LGBM,1,5,0.12199783325195312,0.7569999694824219,165091,0.29999818282038393,0.9924477155448738,0.8788862976474144,0.6083550913838119,0.45956607495069035,0.8996138996138996,C1_grid,0.3
protein_homo,SMOTE,MLP,1,5,0.12199783325195312,33.14590811729431,165091,0.29999818282038393,0.9917081497504466,0.8746533471574568,0.8310139165009942,0.8565573770491803,0.806949806949807,C1_grid,0.3
protein_homo,SMOTE,RF,2,5,0.12099838256835938,11.36500096321106,165091,0.29999818282038393,0.9939887226239378,0.8793563540360124,0.6996904024767802,0.5839793281653747,0.8725868725868726,C1_grid,0.3
protein_homo,SMOTE,LGBM,2,5,0.12099838256835938,0.7539987564086914,165091,0.29999818282038393,0.9937303957933219,0.8687860318659132,0.5906210392902408,0.439622641509434,0.8996138996138996,C1_grid,0.3
protein_homo,SMOTE,MLP,2,5,0.12099838256835938,29.424973964691162,165091,0.29999818282038393,0.9955716927784354,0.8959558450249585,0.8402366863905326,0.8588709677419355,0.8223938223938224,C1_grid,0.3
protein_homo,SMOTE,RF,3,5,0.12399959564208984,11.369999408721924,165091,0.29999818282038393,0.9922981719735033,0.8920256618335136,0.7334410339256866,0.6305555555555555,0.8764478764478765,C1_grid,0.3
protein_homo,SMOTE,LGBM,3,5,0.12399959564208984,0.7650001049041748,165091,0.29999818282038393,0.9926576645624101,0.8914289741057467,0.638586956521739,0.49266247379454925,0.9073359073359073,C1_grid,0.3
protein_homo,SMOTE,MLP,3,5,0.12399959564208984,46.03027844429016,165091,0.29999818282038393,0.989331623093002,0.8737332774957604,0.8153846153846154,0.8122605363984674,0.8185328185328186,C1_grid,0.3
protein_homo,SMOTE,RF,4,5,0.12104606628417969,11.407952070236206,165091,0.29999818282038393,0.9932688019635512,0.8813196988165929,0.7373572593800979,0.6384180790960452,0.8725868725868726,C1_grid,0.3
protein_homo,SMOTE,LGBM,4,5,0.12104606628417969,0.7479989528656006,165091,0.29999818282038393,0.9926997612782114,0.8715161284068332,0.612987012987013,0.461839530332681,0.9111969111969112,C1_grid,0.3
protein_homo,SMOTE,MLP,4,5,0.12104606628417969,27.900002002716064,165091,0.29999818282038393,0.9900432580505959,0.8737962095544672,0.8365758754863813,0.8431372549019608,0.8301158301158301,C1_grid,0.3
protein_homo,SMOTE,RF,0,5,0.1419980525970459,14.994001388549805,192606,0.3999979232214988,0.9912414832407217,0.8914018951160921,0.7275590551181101,0.616,0.8884615384615384,C1_grid,0.4
protein_homo,SMOTE,LGBM,0,5,0.1419980525970459,0.8230001926422119,192606,0.3999979232214988,0.9926146151449879,0.8750805216318284,0.6033376123234917,0.4527938342967245,0.9038461538461539,C1_grid,0.4
protein_homo,SMOTE,MLP,0,5,0.1419980525970459,48.79005718231201,192606,0.3999979232214988,0.9884029628604064,0.8876567857981152,0.834307992202729,0.8458498023715415,0.823076923076923,C1_grid,0.4
protein_homo,SMOTE,RF,1,5,0.14800047874450684,14.930999279022217,192606,0.3999979232214988,0.9934084561477176,0.8781507610166573,0.7124600638977636,0.6076294277929155,0.861003861003861,C1_grid,0.4
protein_homo,SMOTE,LGBM,1,5,0.14800047874450684,0.8420000076293945,192606,0.3999979232214988,0.993386271846692,0.8805865090647104,0.6308724832214765,0.4835390946502058,0.9073359073359073,C1_grid,0.4
protein_homo,SMOTE,MLP,1,5,0.14800047874450684,44.16377353668213,192606,0.3999979232214988,0.9936260226662081,0.881985417192577,0.8379446640316205,0.8582995951417004,0.8185328185328186,C1_grid,0.4
protein_homo,SMOTE,RF,2,5,0.14499998092651367,15.175999402999878,192606,0.3999979232214988,0.9938636352398423,0.8787512163840048,0.7075471698113207,0.596816976127321,0.8687258687258688,C1_grid,0.4
protein_homo,SMOTE,LGBM,2,5,0.14499998092651367,0.8509976863861084,192606,0.3999979232214988,0.9947284220587325,0.8704950707395023,0.5956354300385109,0.4461538461538462,0.8957528957528957,C1_grid,0.4
protein_homo,SMOTE,MLP,2,5,0.14499998092651367,45.68390130996704,192606,0.3999979232214988,0.9961210883297346,0.8945450649524023,0.810077519379845,0.8132295719844358,0.806949806949807,C1_grid,0.4
protein_homo,SMOTE,RF,3,5,0.14599967002868652,15.092000484466553,192606,0.3999979232214988,0.9924260658053188,0.8928685912999912,0.7363344051446946,0.6308539944903582,0.8841698841698842,C1_grid,0.4
protein_homo,SMOTE,LGBM,3,5,0.14599967002868652,0.8240001201629639,192606,0.3999979232214988,0.992482061119353,0.8901072359047053,0.659217877094972,0.5164113785557987,0.9111969111969112,C1_grid,0.4
protein_homo,SMOTE,MLP,3,5,0.14599967002868652,38.81042504310608,192606,0.3999979232214988,0.9921005178697886,0.8833879682335111,0.8233009708737864,0.828125,0.8185328185328186,C1_grid,0.4
protein_homo,SMOTE,RF,4,5,0.1459977626800537,15.028000831604004,192606,0.3999979232214988,0.9934850320783657,0.8838120672920183,0.7272727272727273,0.6195652173913043,0.8803088803088803,C1_grid,0.4
protein_homo,SMOTE,LGBM,4,5,0.1459977626800537,0.8479998111724854,192606,0.3999979232214988,0.9915931522141067,0.8748751445525141,0.6253298153034301,0.4749498997995992,0.915057915057915,C1_grid,0.4
protein_homo,SMOTE,MLP,4,5,0.1459977626800537,47.30783939361572,192606,0.3999979232214988,0.9895607495032922,0.8762918807545802,0.8073394495412844,0.7692307692307693,0.8494208494208494,C1_grid,0.4
protein_homo,SMOTE,RF,0,5,0.180999755859375,20.318000078201294,231128,0.5,0.9899826403218465,0.8884603955382362,0.7272727272727273,0.6212534059945504,0.8769230769230769,C1_grid,0.5
protein_homo,SMOTE,LGBM,0,5,0.180999755859375,0.9559998512268066,231128,0.5,0.9918297020898177,0.8728050640959975,0.588679245283019,0.4373831775700935,0.9,C1_grid,0.5
protein_homo,SMOTE,MLP,0,5,0.180999755859375,43.536624908447266,231128,0.5,0.9847667492937646,0.884551109378645,0.8496993987975952,0.8870292887029289,0.8153846153846154,C1_grid,0.5
protein_homo,SMOTE,RF,1,5,0.18199682235717773,19.98200011253357,231128,0.5,0.9927891666841513,0.8759444165011147,0.7090620031796502,0.6027027027027027,0.861003861003861,C1_grid,0.5
protein_homo,SMOTE,LGBM,1,5,0.18199682235717773,0.9469974040985107,231128,0.5,0.993073419746086,0.8800225645559134,0.6263440860215054,0.48041237113402063,0.8996138996138996,C1_grid,0.5
protein_homo,SMOTE,MLP,1,5,0.18199682235717773,55.84100103378296,231128,0.5,0.9906658885233528,0.8672764770559388,0.8170731707317074,0.8626609442060086,0.7760617760617761,C1_grid,0.5
protein_homo,SMOTE,RF,2,5,0.17899775505065918,19.68100118637085,231128,0.5,0.9937484372429511,0.8775372152603045,0.6778625954198473,0.5606060606060606,0.8571428571428571,C1_grid,0.5
protein_homo,SMOTE,LGBM,2,5,0.17899775505065918,0.9500002861022949,231128,0.5,0.9941931923864014,0.8703216960326795,0.5924050632911393,0.4406779661016949,0.9034749034749034,C1_grid,0.5
protein_homo,SMOTE,MLP,2,5,0.17899775505065918,62.144999980926514,231128,0.5,0.9956546834467295,0.8944647214186949,0.8294573643410853,0.8326848249027238,0.8262548262548263,C1_grid,0.5
protein_homo,SMOTE,RF,3,5,0.17799639701843262,20.680002212524414,231128,0.5,0.9917563939231587,0.8912947239303027,0.7337662337662337,0.6330532212885154,0.8725868725868726,C1_grid,0.5
protein_homo,SMOTE,LGBM,3,5,0.17799639701843262,1.002000093460083,231128,0.5,0.9920438543539164,0.8875244538429174,0.6378378378378379,0.49064449064449067,0.9111969111969112,C1_grid,0.5
protein_homo,SMOTE,MLP,3,5,0.17799639701843262,63.2179970741272,231128,0.5,0.9899984885274422,0.8671371860528136,0.794776119402985,0.7689530685920578,0.8223938223938224,C1_grid,0.5
protein_homo,SMOTE,RF,4,5,0.17999744415283203,20.290001392364502,231128,0.5,0.9930762261938061,0.8850237398439812,0.7351524879614767,0.6291208791208791,0.8841698841698842,C1_grid,0.5
protein_homo,SMOTE,LGBM,4,5,0.17999744415283203,0.9769983291625977,231128,0.5,0.9933525276538672,0.8770134124139886,0.6196078431372549,0.4683794466403162,0.915057915057915,C1_grid,0.5
protein_homo,SMOTE,MLP,4,5,0.17999744415283203,56.08684039115906,231128,0.5,0.9889153333478555,0.8765005415665504,0.8433734939759037,0.8786610878661087,0.8108108108108109,C1_grid,0.5
protein_homo,ADASYN,RF,0,5,0.19899916648864746,8.55500078201294,144391,0.1996454072622255,0.9897545948565296,0.8142710936055682,0.45051837888784174,0.2983770287141074,0.9192307692307692,C1_grid,0.2
protein_homo,ADASYN,LGBM,0,5,0.19899916648864746,0.693000316619873,144391,0.1996454072622255,0.9921965317919076,0.8548696845857422,0.4462809917355372,0.293124246079614,0.9346153846153846,C1_grid,0.2
protein_homo,ADASYN,MLP,0,5,0.19899916648864746,32.920002698898315,144391,0.1996454072622255,0.9854958824014932,0.8848664868272292,0.8452380952380952,0.8729508196721312,0.8192307692307692,C1_grid,0.2
protein_homo,ADASYN,RF,1,5,0.2070026397705078,8.261997938156128,144401,0.1997008330967237,0.9907698607293636,0.8077740357412903,0.4541984732824427,0.30164765525982257,0.918918918918919,C1_grid,0.2
protein_homo,ADASYN,LGBM,1,5,0.2070026397705078,0.6630721092224121,144401,0.1997008330967237,0.9937405524612614,0.8544017565366326,0.47286821705426346,0.31565329883570503,0.9420849420849421,C1_grid,0.2
protein_homo,ADASYN,MLP,1,5,0.2070026397705078,34.51201820373535,144401,0.1997008330967237,0.9913248691761031,0.879850808922175,0.8316831683168316,0.8536585365853658,0.8108108108108109,C1_grid,0.2
protein_homo,ADASYN,RF,2,5,0.18599820137023926,8.633000612258911,144449,0.1999667702787835,0.9923299783809977,0.8129860186840604,0.44360902255639095,0.29316770186335406,0.9111969111969112,C1_grid,0.2
protein_homo,ADASYN,LGBM,2,5,0.18599820137023926,0.6670000553131104,144449,0.1999667702787835,0.9935739029228352,0.8511587049828724,0.44569288389513106,0.2941903584672435,0.918918918918919,C1_grid,0.2
protein_homo,ADASYN,MLP,2,5,0.18599820137023926,40.469000816345215,144449,0.1999667702787835,0.993816593830439,0.8839387011156381,0.7906976744186046,0.7366666666666667,0.8532818532818532,C1_grid,0.2
protein_homo,ADASYN,RF,3,5,0.19299912452697754,8.628999710083008,144569,0.20063084063665101,0.9912743531171416,0.8326679955424956,0.486266531027467,0.3301104972375691,0.9227799227799228,C1_grid,0.2
protein_homo,ADASYN,LGBM,3,5,0.19299912452697754,0.6600005626678467,144569,0.20063084063665101,0.990644506064533,0.8645741387692589,0.46692607003891057,0.31209362808842656,0.9266409266409267,C1_grid,0.2
protein_homo,ADASYN,MLP,3,5,0.19299912452697754,30.349000453948975,144569,0.20063084063665101,0.9894116736732085,0.8774164344366264,0.8060263653483993,0.7867647058823529,0.8262548262548263,C1_grid,0.2
protein_homo,ADASYN,RF,4,5,0.19199800491333008,8.538000345230103,144518,0.2003487454849915,0.9921275800442323,0.8256243110305472,0.4670542635658914,0.3117723156532988,0.9305019305019305,C1_grid,0.2
protein_homo,ADASYN,LGBM,4,5,0.19199800491333008,0.69700026512146,144518,0.2003487454849915,0.992835406251349,0.8647599769482449,0.4608120868744098,0.305,0.9420849420849421,C1_grid,0.2
protein_homo,ADASYN,MLP,4,5,0.19199800491333008,30.226000785827637,144518,0.2003487454849915,0.9897733045079969,0.8731995328747292,0.8297455968688845,0.8412698412698413,0.8185328185328186,C1_grid,0.2
protein_homo,ADASYN,RF,0,5,0.21699905395507812,10.519999742507935,165084,0.29996850088439825,0.9900157887870326,0.8162535876249564,0.4438254410399257,0.29253365973072215,0.9192307692307692,C1_grid,0.3
protein_homo,ADASYN,LGBM,0,5,0.21699905395507812,0.761000394821167,165084,0.29996850088439825,0.9924779609300741,0.851451361139373,0.4489795918367347,0.29584352078239606,0.9307692307692308,C1_grid,0.3
protein_homo,ADASYN,MLP,0,5,0.21699905395507812,30.50426411628723,165084,0.29996850088439825,0.9837071299819214,0.8741325355376649,0.8185185185185184,0.7892857142857143,0.85,C1_grid,0.3
protein_homo,ADASYN,RF,1,5,0.2200000286102295,11.046999216079712,165091,0.29999818282038393,0.9899999585714859,0.7935988868993067,0.44778927563499527,0.2960199004975124,0.918918918918919,C1_grid,0.3
protein_homo,ADASYN,LGBM,1,5,0.2200000286102295,0.7450001239776611,165091,0.29999818282038393,0.9940596856591457,0.8400607751446355,0.4713870029097964,0.31476683937823835,0.9382239382239382,C1_grid,0.3
protein_homo,ADASYN,MLP,1,5,0.2200000286102295,34.83400011062622,165091,0.29999818282038393,0.9891454620609028,0.861637586225061,0.7775768535262205,0.7312925170068028,0.8301158301158301,C1_grid,0.3
protein_homo,ADASYN,RF,2,5,0.21600055694580078,10.759999752044678,164949,0.2993955707521719,0.9922850752174763,0.8077684048457245,0.43429636533084814,0.28624078624078625,0.8996138996138996,C1_grid,0.3
protein_homo,ADASYN,LGBM,2,5,0.21600055694580078,0.7580006122589111,164949,0.2993955707521719,0.9937830500981657,0.8486937714787985,0.4438305709023941,0.2914147521160822,0.9305019305019305,C1_grid,0.3
protein_homo,ADASYN,MLP,2,5,0.21600055694580078,45.04100060462952,164949,0.2993955707521719,0.9939518378824738,0.8893726630087027,0.8267716535433073,0.8433734939759037,0.8108108108108109,C1_grid,0.3
protein_homo,ADASYN,RF,3,5,0.22299838066101074,10.904000043869019,165177,0.30036264128783063,0.9921852458628618,0.8293291209113497,0.4824120603015075,0.32608695652173914,0.9266409266409267,C1_grid,0.3
protein_homo,ADASYN,LGBM,3,5,0.22299838066101074,0.7550020217895508,165177,0.30036264128783063,0.9912851779869191,0.8634754520829365,0.4682926829268292,0.3133159268929504,0.9266409266409267,C1_grid,0.3
protein_homo,ADASYN,MLP,3,5,0.22299838066101074,31.962433576583862,165177,0.30036264128783063,0.9916339793464158,0.8705327272540818,0.8404040404040403,0.8813559322033898,0.803088803088803,C1_grid,0.3
protein_homo,ADASYN,RF,4,5,0.220001220703125,10.712999820709229,165148,0.3002397849201928,0.9915471131074606,0.822556481145272,0.4652049571020019,0.30886075949367087,0.9420849420849421,C1_grid,0.3
protein_homo,ADASYN,LGBM,4,5,0.220001220703125,0.7439985275268555,165148,0.3002397849201928,0.9931162514839093,0.8639973224679014,0.4732229795520934,0.31640625,0.9382239382239382,C1_grid,0.3
protein_homo,ADASYN,MLP,4,5,0.220001220703125,34.43000030517578,165148,0.3002397849201928,0.9901960089907894,0.8798406887413696,0.7855855855855856,0.7364864864864865,0.8416988416988417,C1_grid,0.3
protein_homo,ADASYN,RF,0,5,0.22900080680847168,14.222999095916748,192650,0.4001349597716065,0.9902104195344305,0.8059360233270614,0.44237918215613387,0.2916666666666667,0.9153846153846154,C1_grid,0.4
protein_homo,ADASYN,LGBM,0,5,0.22900080680847168,0.8450000286102295,192650,0.4001349597716065,0.9916508468168155,0.8456441206112917,0.43659420289855067,0.28554502369668244,0.926923076923077,C1_grid,0.4
protein_homo,ADASYN,MLP,0,5,0.22900080680847168,54.84800052642822,192650,0.4001349597716065,0.9871190921846836,0.8909139100817383,0.8666666666666666,0.884,0.85,C1_grid,0.4
protein_homo,ADASYN,RF,1,5,0.24099946022033691,13.945001602172852,192637,0.40009447821550376,0.990464358848977,0.791961060632615,0.4348623853211009,0.2851985559566787,0.915057915057915,C1_grid,0.4
protein_homo,ADASYN,LGBM,1,5,0.24099946022033691,0.8769998550415039,192637,0.40009447821550376,0.9939880544220996,0.8386356670725286,0.4716073147256978,0.3141025641025641,0.9459459459459459,C1_grid,0.4
protein_homo,ADASYN,MLP,1,5,0.24099946022033691,35.902002573013306,192637,0.40009447821550376,0.9923850382124585,0.8673483878422957,0.8053949903660886,0.8038461538461539,0.806949806949807,C1_grid,0.4
protein_homo,ADASYN,RF,2,5,0.2570016384124756,13.88505244255066,192559,0.3998514740936544,0.9926334756558701,0.8041409497746541,0.44360902255639095,0.29316770186335406,0.9111969111969112,C1_grid,0.4
protein_homo,ADASYN,LGBM,2,5,0.2570016384124756,0.8299999237060547,192559,0.3998514740936544,0.9940309529801067,0.8508710894827772,0.4417965169569203,0.28966346153846156,0.9305019305019305,C1_grid,0.4
protein_homo,ADASYN,MLP,2,5,0.2570016384124756,60.26984453201294,192559,0.3998514740936544,0.9949053619054657,0.8847296049565372,0.81640625,0.8260869565217391,0.806949806949807,C1_grid,0.4
protein_homo,ADASYN,RF,3,5,0.2329998016357422,14.076999425888062,192645,0.40011939058890705,0.9915473803881959,0.8301686339302943,0.4615384615384615,0.30859375,0.915057915057915,C1_grid,0.4
protein_homo,ADASYN,LGBM,3,5,0.2329998016357422,0.8559997081756592,192645,0.40011939058890705,0.9919066056963672,0.8591456491854035,0.46887159533073935,0.31339401820546164,0.9305019305019305,C1_grid,0.4
protein_homo,ADASYN,MLP,3,5,0.2329998016357422,35.88800048828125,192645,0.40011939058890705,0.989999290369648,0.882952421484586,0.8219696969696969,0.8066914498141264,0.8378378378378378,C1_grid,0.4
protein_homo,ADASYN,RF,4,5,0.2330000400543213,13.895001649856567,192626,0.40006022032332084,0.9921891882537065,0.8193507470534194,0.45833333333333337,0.30363864491844417,0.9343629343629344,C1_grid,0.4
protein_homo,ADASYN,LGBM,4,5,0.2330000400543213,0.8489999771118164,192626,0.40006022032332084,0.9927051068929161,0.8666981945766129,0.4668587896253603,0.31074168797953966,0.9382239382239382,C1_grid,0.4
protein_homo,ADASYN,MLP,4,5,0.2330000400543213,47.284000873565674,192626,0.40006022032332084,0.9917016013724331,0.8842704745529419,0.8336594911937378,0.8452380952380952,0.8223938223938224,C1_grid,0.4
protein_homo,ADASYN,RF,0,5,0.2690389156341553,18.730959177017212,231158,0.500064890680833,0.9900472066094579,0.8124396979745063,0.44011142061281333,0.29008567931456547,0.9115384615384615,C1_grid,0.5
protein_homo,ADASYN,LGBM,0,5,0.2690389156341553,0.9299991130828857,231158,0.500064890680833,0.9919529105417445,0.8511000816986561,0.43603603603603613,0.2847058823529412,0.9307692307692308,C1_grid,0.5
protein_homo,ADASYN,MLP,0,5,0.2690389156341553,82.15300035476685,231158,0.500064890680833,0.9878116155417045,0.885488570703744,0.7921847246891651,0.735973597359736,0.8576923076923076,C1_grid,0.5
protein_homo,ADASYN,RF,1,5,0.27300024032592773,18.981999397277832,231173,0.5000973297054587,0.9906692295325434,0.7931121655615553,0.44547996272134205,0.2936117936117936,0.9227799227799228,C1_grid,0.5
protein_homo,ADASYN,LGBM,1,5,0.27300024032592773,0.9439971446990967,231173,0.5000973297054587,0.9935458384456343,0.8372923529187531,0.47388781431334626,0.3161290322580645,0.9459459459459459,C1_grid,0.5
protein_homo,ADASYN,MLP,1,5,0.27300024032592773,104.77500033378601,231173,0.5000973297054587,0.9914200211178509,0.8763150694605634,0.8359375,0.8458498023715415,0.8262548262548263,C1_grid,0.5
protein_homo,ADASYN,RF,2,5,0.277998685836792,18.48099994659424,231191,0.500136250978628,0.9922669001274795,0.8006874856496891,0.4338235294117647,0.28468033775633295,0.9111969111969112,C1_grid,0.5
protein_homo,ADASYN,LGBM,2,5,0.277998685836792,0.9299983978271484,231191,0.500136250978628,0.9932019817797396,0.836794493856826,0.43155031731640975,0.28199052132701424,0.918918918918919,C1_grid,0.5
protein_homo,ADASYN,MLP,2,5,0.277998685836792,88.3317186832428,231191,0.500136250978628,0.9959039227323468,0.8874051309670605,0.8307086614173228,0.8473895582329317,0.8146718146718147,C1_grid,0.5
protein_homo,ADASYN,RF,3,5,0.27899837493896484,18.552314281463623,231102,0.4999437477823645,0.9919384121038615,0.8256849141369215,0.46804326450344147,0.31398416886543534,0.918918918918919,C1_grid,0.5
protein_homo,ADASYN,LGBM,3,5,0.27899837493896484,0.9319989681243896,231102,0.4999437477823645,0.991152205821134,0.8544833016808608,0.47208619000979435,0.31627296587926507,0.9305019305019305,C1_grid,0.5
protein_homo,ADASYN,MLP,3,5,0.27899837493896484,52.66800141334534,231102,0.4999437477823645,0.9914337860757161,0.888964184872134,0.8336594911937378,0.8452380952380952,0.8223938223938224,C1_grid,0.5
protein_homo,ADASYN,RF,4,5,0.2929985523223877,18.738001823425293,231126,0.4999956733556588,0.9914220257233652,0.8162883573717427,0.457357075913777,0.30198019801980197,0.9420849420849421,C1_grid,0.5
protein_homo,ADASYN,LGBM,4,5,0.2929985523223877,0.9410006999969482,231126,0.4999956733556588,0.9935622093906681,0.8665604795424938,0.4590780809031044,0.3034825870646766,0.9420849420849421,C1_grid,0.5
protein_homo,ADASYN,MLP,4,5,0.2929985523223877,70.39900064468384,231126,0.4999956733556588,0.9905464140346976,0.8828434346750522,0.8464566929133858,0.8634538152610441,0.8301158301158301,C1_grid,0.5
protein_homo,G-SMOTE,RF,0,5,1.5459976196289062,8.682000398635864,144455,0.2,0.9909587228388931,0.8890219959508623,0.7443365695792881,0.6424581005586593,0.8846153846153846,C1_grid,0.2
protein_homo,G-SMOTE,LGBM,0,5,1.5459976196289062,0.6739993095397949,144455,0.2,0.9930258424902085,0.875968852151301,0.6038709677419354,0.45436893203883494,0.9,C1_grid,0.2
protein_homo,G-SMOTE,MLP,0,5,1.5459976196289062,32.31399941444397,144455,0.2,0.985285942121981,0.8813782744738484,0.8275862068965517,0.8244274809160306,0.8307692307692308,C1_grid,0.2
protein_homo,G-SMOTE,RF,1,5,1.5379972457885742,8.390000104904175,144455,0.2,0.9924497201503883,0.8746545987037734,0.7201309328968902,0.625,0.8494208494208494,C1_grid,0.2
protein_homo,G-SMOTE,LGBM,1,5,1.5379972457885742,0.6649994850158691,144455,0.2,0.9929976456576435,0.8808679395625847,0.6417704011065007,0.5,0.8957528957528957,C1_grid,0.2
protein_homo,G-SMOTE,MLP,1,5,1.5379972457885742,27.70299983024597,144455,0.2,0.9914038506333684,0.8781778700450412,0.8205128205128205,0.8387096774193549,0.803088803088803,C1_grid,0.2
protein_homo,G-SMOTE,RF,2,5,1.2709987163543701,8.637000322341919,144455,0.2,0.9938040316358823,0.8773905314749592,0.7088607594936709,0.6005361930294906,0.8648648648648649,C1_grid,0.2
protein_homo,G-SMOTE,LGBM,2,5,1.2709987163543701,0.663999080657959,144455,0.2,0.9947841500920315,0.8706015993825155,0.6030927835051545,0.4526112185686654,0.9034749034749034,C1_grid,0.2
protein_homo,G-SMOTE,MLP,2,5,1.2709987163543701,30.03100061416626,144455,0.2,0.9945120583035505,0.8973565237058683,0.8346456692913387,0.8514056224899599,0.8185328185328186,C1_grid,0.2
protein_homo,G-SMOTE,RF,3,5,1.3889997005462646,8.691001892089844,144455,0.2,0.9927770054106977,0.8932978007825967,0.739413680781759,0.6394366197183099,0.8764478764478765,C1_grid,0.2
protein_homo,G-SMOTE,LGBM,3,5,1.3889997005462646,0.667001485824585,144455,0.2,0.9914486201565222,0.8878897767813714,0.630173564753004,0.4816326530612245,0.9111969111969112,C1_grid,0.2
protein_homo,G-SMOTE,MLP,3,5,1.3889997005462646,25.66900086402893,144455,0.2,0.9903875156375935,0.8761114539907279,0.8433734939759037,0.8786610878661087,0.8108108108108109,C1_grid,0.2
protein_homo,G-SMOTE,RF,4,5,1.4919989109039307,8.340001344680786,144455,0.2,0.9928928716094269,0.8838460536199991,0.7487520798668885,0.6578947368421053,0.8687258687258688,C1_grid,0.2
protein_homo,G-SMOTE,LGBM,4,5,1.4919989109039307,0.6899995803833008,144455,0.2,0.9932157467376048,0.8785947862298525,0.6269841269841271,0.4768611670020121,0.915057915057915,C1_grid,0.2
protein_homo,G-SMOTE,MLP,4,5,1.4919989109039307,25.552001237869263,144455,0.2,0.988780356576556,0.8688641409568325,0.8274509803921569,0.8406374501992032,0.8146718146718147,C1_grid,0.2
protein_homo,G-SMOTE,RF,0,5,1.5429956912994385,11.220001220703125,165091,0.29999818282038393,0.9908279927472756,0.8891004281567312,0.7363344051446944,0.6325966850828729,0.8807692307692307,C1_grid,0.3
protein_homo,G-SMOTE,LGBM,0,5,1.5429956912994385,0.7539997100830078,165091,0.29999818282038393,0.9921078696320121,0.8725121620285424,0.6048906048906049,0.45454545454545453,0.9038461538461539,C1_grid,0.3
protein_homo,G-SMOTE,MLP,0,5,1.5429956912994385,35.941001415252686,165091,0.29999818282038393,0.9865672833967459,0.8852200001384524,0.8379446640316206,0.8617886178861789,0.8153846153846154,C1_grid,0.3
protein_homo,G-SMOTE,RF,1,5,1.5250017642974854,11.172000885009766,165091,0.29999818282038393,0.9927053741736516,0.8762875687889725,0.7161290322580645,0.6149584487534626,0.8571428571428571,C1_grid,0.3
protein_homo,G-SMOTE,LGBM,1,5,1.5250017642974854,0.7549991607666016,165091,0.29999818282038393,0.9938916997170433,0.8846364941439168,0.6238286479250335,0.4774590163934426,0.8996138996138996,C1_grid,0.3
protein_homo,G-SMOTE,MLP,1,5,1.5250017642974854,39.40300154685974,165091,0.29999818282038393,0.9904082298945751,0.8779396051047021,0.8293650793650795,0.8530612244897959,0.806949806949807,C1_grid,0.3
protein_homo,G-SMOTE,RF,2,5,1.3071279525756836,11.208002090454102,165091,0.29999818282038393,0.9938946398051309,0.880786052290031,0.7088607594936709,0.6005361930294906,0.8648648648648649,C1_grid,0.3
protein_homo,G-SMOTE,LGBM,2,5,1.3071279525756836,0.7270007133483887,165091,0.29999818282038393,0.9937636722448602,0.8684039843957619,0.5931558935361216,0.44150943396226416,0.9034749034749034,C1_grid,0.3
protein_homo,G-SMOTE,MLP,2,5,1.3071279525756836,31.89000129699707,165091,0.29999818282038393,0.9943304410439504,0.8796718900903399,0.6220472440944882,0.4711729622266402,0.915057915057915,C1_grid,0.3
protein_homo,G-SMOTE,RF,3,5,1.4569978713989258,11.549001216888428,165091,0.29999818282038393,0.9923084622818102,0.8939220552930484,0.7447154471544715,0.6432584269662921,0.8841698841698842,C1_grid,0.3
protein_homo,G-SMOTE,LGBM,3,5,1.4569978713989258,0.7430002689361572,165091,0.29999818282038393,0.9926525862284402,0.8888164425103218,0.6396761133603238,0.491701244813278,0.915057915057915,C1_grid,0.3
protein_homo,G-SMOTE,MLP,3,5,1.4569978713989258,35.86600089073181,165091,0.29999818282038393,0.9893401760765299,0.8755586100144985,0.8346456692913387,0.8514056224899599,0.8185328185328186,C1_grid,0.3
protein_homo,G-SMOTE,RF,4,5,1.522995948791504,11.196001529693604,165091,0.29999818282038393,0.9926643465807911,0.8855215297117389,0.7479674796747968,0.6460674157303371,0.888030888030888,C1_grid,0.3
protein_homo,G-SMOTE,LGBM,4,5,1.522995948791504,0.7589988708496094,165091,0.29999818282038393,0.993776835821071,0.8793941841263527,0.6303191489361702,0.48073022312373226,0.915057915057915,C1_grid,0.3
protein_homo,G-SMOTE,MLP,4,5,1.522995948791504,29.15100121498108,165091,0.29999818282038393,0.9865099403710044,0.8603121989094868,0.8093385214007781,0.8156862745098039,0.803088803088803,C1_grid,0.3
protein_homo,G-SMOTE,RF,0,5,1.6169991493225098,14.826003313064575,192606,0.3999979232214988,0.9914184081814139,0.8911393899046003,0.7435897435897436,0.6373626373626373,0.8923076923076924,C1_grid,0.4
protein_homo,G-SMOTE,LGBM,0,5,1.6169991493225098,0.8650002479553223,192606,0.3999979232214988,0.9928182319221052,0.8754740430137015,0.5924050632911393,0.44150943396226416,0.9,C1_grid,0.4
protein_homo,G-SMOTE,MLP,0,5,1.6169991493225098,37.111997842788696,192606,0.3999979232214988,0.9874576325339539,0.8843147586694137,0.8548707753479126,0.8847736625514403,0.8269230769230769,C1_grid,0.4
protein_homo,G-SMOTE,RF,1,5,1.5189971923828125,14.692002058029175,192606,0.3999979232214988,0.9926011346869055,0.876750128720287,0.7122416534181241,0.6054054054054054,0.8648648648648649,C1_grid,0.4
protein_homo,G-SMOTE,LGBM,1,5,1.5189971923828125,0.8129994869232178,192606,0.3999979232214988,0.9934599076892524,0.885948161052051,0.6338215712383489,0.483739837398374,0.918918918918919,C1_grid,0.4
protein_homo,G-SMOTE,MLP,1,5,1.5189971923828125,43.655001163482666,192606,0.3999979232214988,0.9914492883583603,0.8794848887200201,0.8406374501992032,0.8683127572016461,0.8146718146718147,C1_grid,0.4
protein_homo,G-SMOTE,RF,2,5,1.4419987201690674,14.968169927597046,192606,0.3999979232214988,0.993924441607111,0.8783043685096794,0.6992125984251969,0.5904255319148937,0.8571428571428571,C1_grid,0.4
protein_homo,G-SMOTE,LGBM,2,5,1.4419987201690674,0.8609967231750488,192606,0.3999979232214988,0.993604105645918,0.8680168825649601,0.5959079283887467,0.44550669216061184,0.8996138996138996,C1_grid,0.4
protein_homo,G-SMOTE,MLP,2,5,1.4419987201690674,41.45100116729736,192606,0.3999979232214988,0.9956095130024728,0.8890770020485981,0.824457593688363,0.842741935483871,0.806949806949807,C1_grid,0.4
protein_homo,G-SMOTE,RF,3,5,1.4539988040924072,14.849000692367554,192606,0.3999979232214988,0.9919593936415784,0.8923164422153024,0.7342995169082125,0.6298342541436464,0.8803088803088803,C1_grid,0.4
protein_homo,G-SMOTE,LGBM,3,5,1.4539988040924072,0.8459997177124023,192606,0.3999979232214988,0.9932073273944445,0.890440165690761,0.6493150684931507,0.5031847133757962,0.915057915057915,C1_grid,0.4
protein_homo,G-SMOTE,MLP,3,5,1.4539988040924072,47.188000440597534,192606,0.3999979232214988,0.988462559782348,0.8706530298935147,0.8513238289205703,0.9008620689655172,0.806949806949807,C1_grid,0.4
protein_homo,G-SMOTE,RF,4,5,1.5289971828460693,14.617001056671143,192606,0.3999979232214988,0.9930025903512457,0.8859540259091454,0.7395498392282959,0.6336088154269972,0.888030888030888,C1_grid,0.4
protein_homo,G-SMOTE,LGBM,4,5,1.5289971828460693,0.880000114440918,192606,0.3999979232214988,0.9930497654010166,0.8767796404268917,0.632,0.48268839103869654,0.915057915057915,C1_grid,0.4
protein_homo,G-SMOTE,MLP,4,5,1.5289971828460693,35.80700135231018,192606,0.3999979232214988,0.9899887327806057,0.8786490823956294,0.822429906542056,0.7971014492753623,0.8494208494208494,C1_grid,0.4
protein_homo,G-SMOTE,RF,0,5,1.6389987468719482,19.25100088119507,231128,0.5,0.9906465415101322,0.8884575731745867,0.7333333333333332,0.6243243243243243,0.8884615384615384,C1_grid,0.5
protein_homo,G-SMOTE,LGBM,0,5,1.6389987468719482,0.937000036239624,231128,0.5,0.9929348506189046,0.872870846818526,0.5832290362953692,0.4322820037105751,0.8961538461538462,C1_grid,0.5
protein_homo,G-SMOTE,MLP,0,5,1.6389987468719482,48.140199184417725,231128,0.5,0.9884546158904957,0.8777118400168813,0.8171206225680933,0.8267716535433071,0.8076923076923077,C1_grid,0.5
protein_homo,G-SMOTE,RF,1,5,1.543999195098877,20.01800012588501,231128,0.5,0.9923425405755543,0.8726291210682667,0.7138263665594856,0.6115702479338843,0.8571428571428571,C1_grid,0.5
protein_homo,G-SMOTE,LGBM,1,5,1.543999195098877,0.945000410079956,231128,0.5,0.9930779635185852,0.8837558244046932,0.6186666666666667,0.4725050916496945,0.8957528957528957,C1_grid,0.5
protein_homo,G-SMOTE,MLP,1,5,1.543999195098877,66.76600050926208,231128,0.5,0.9907033078262873,0.8746076545581114,0.7392739273927393,0.6455331412103746,0.8648648648648649,C1_grid,0.5
protein_homo,G-SMOTE,RF,2,5,1.3799982070922852,20.412999868392944,231128,0.5,0.9942685655537409,0.8796139521999021,0.6944444444444445,0.5784061696658098,0.8687258687258688,C1_grid,0.5
protein_homo,G-SMOTE,LGBM,2,5,1.3799982070922852,0.9390003681182861,231128,0.5,0.9942213905039698,0.8711403235121646,0.5860349127182045,0.43278084714548803,0.9073359073359073,C1_grid,0.5
protein_homo,G-SMOTE,MLP,2,5,1.3799982070922852,51.832398653030396,231128,0.5,0.9929459268353734,0.8931962085401374,0.8278529980657641,0.8294573643410853,0.8262548262548263,C1_grid,0.5
protein_homo,G-SMOTE,RF,3,5,1.5269978046417236,20.170000076293945,231128,0.5,0.9925968581951414,0.8935083220790608,0.7331189710610932,0.628099173553719,0.8803088803088803,C1_grid,0.5
protein_homo,G-SMOTE,LGBM,3,5,1.5269978046417236,0.9150004386901855,231128,0.5,0.9930842446158634,0.8882905733317265,0.6366120218579235,0.492600422832981,0.8996138996138996,C1_grid,0.5
protein_homo,G-SMOTE,MLP,3,5,1.5269978046417236,71.24501466751099,231128,0.5,0.9916172743004628,0.8832469321569543,0.8565656565656566,0.8983050847457628,0.8185328185328186,C1_grid,0.5
protein_homo,G-SMOTE,RF,4,5,1.5980000495910645,19.34600067138672,231128,0.5,0.9933807925916194,0.8877136684744648,0.7383627608346709,0.6318681318681318,0.888030888030888,C1_grid,0.5
protein_homo,G-SMOTE,LGBM,4,5,1.5980000495910645,0.9290001392364502,231128,0.5,0.9929461941161086,0.8761208783025027,0.6338215712383489,0.483739837398374,0.918918918918919,C1_grid,0.5
protein_homo,G-SMOTE,MLP,4,5,1.5980000495910645,88.09000062942505,231128,0.5,0.9909819479927818,0.8822087332392248,0.8508064516129034,0.890295358649789,0.8146718146718147,C1_grid,0.5
protein_homo,CTGAN,RF,0,5,37.41699719429016,8.333000421524048,144455,0.2,0.9765163758743074,0.8086690875011481,0.793388429752066,0.8571428571428571,0.7384615384615385,C1_grid,0.2
protein_homo,CTGAN,LGBM,0,5,37.41699719429016,0.5869948863983154,144455,0.2,0.9882152546840512,0.8708023521916325,0.8135593220338984,0.7970479704797048,0.8307692307692308,C1_grid,0.2
protein_homo,CTGAN,MLP,0,5,37.41699719429016,56.82300114631653,144455,0.2,0.9877945753668297,0.8898123233030247,0.865546218487395,0.9537037037037037,0.7923076923076923,C1_grid,0.2
protein_homo,CTGAN,RF,1,5,27.89228320121765,8.418002367019653,144455,0.2,0.9788983864128373,0.8006129434916419,0.7750000000000001,0.8416289592760181,0.7181467181467182,C1_grid,0.2
protein_homo,CTGAN,LGBM,1,5,27.89228320121765,0.5919995307922363,144455,0.2,0.9907214829162841,0.8490134724817646,0.7645951035781544,0.7463235294117647,0.7837837837837838,C1_grid,0.2
protein_homo,CTGAN,MLP,1,5,27.89228320121765,37.50800156593323,144455,0.2,0.9938715200215322,0.8812799644076684,0.8123791102514507,0.813953488372093,0.8108108108108109,C1_grid,0.2
protein_homo,CTGAN,RF,2,5,26.18899655342102,8.295000314712524,144455,0.2,0.9809634641935359,0.8075157895746035,0.7983014861995754,0.8867924528301887,0.7258687258687259,C1_grid,0.2
protein_homo,CTGAN,LGBM,2,5,26.18899655342102,0.6009998321533203,144455,0.2,0.9902694443727984,0.8577745142507442,0.789272030651341,0.7832699619771863,0.7953667953667953,C1_grid,0.2
protein_homo,CTGAN,MLP,2,5,26.18899655342102,59.58000087738037,144455,0.2,0.9967966403880703,0.9180411485144292,0.8367729831144465,0.8138686131386861,0.861003861003861,C1_grid,0.2
protein_homo,CTGAN,RF,3,5,26.927999258041382,8.340366840362549,144455,0.2,0.9762686112587465,0.8160793843554767,0.81104033970276,0.9009433962264151,0.7374517374517374,C1_grid,0.2
protein_homo,CTGAN,LGBM,3,5,26.927999258041382,0.5839993953704834,144455,0.2,0.9866196591128231,0.8748503619882434,0.8219178082191781,0.8333333333333334,0.8108108108108109,C1_grid,0.2
protein_homo,CTGAN,MLP,3,5,26.927999258041382,45.18400168418884,144455,0.2,0.9910101461103503,0.8845039308404573,0.8447204968944099,0.9107142857142857,0.7876447876447876,C1_grid,0.2
protein_homo,CTGAN,RF,4,5,27.921780824661255,8.291099309921265,144455,0.2,0.9796342102769711,0.8130546708755049,0.80083857442348,0.8761467889908257,0.7374517374517374,C1_grid,0.2
protein_homo,CTGAN,LGBM,4,5,27.921780824661255,0.5780010223388672,144455,0.2,0.993815123786395,0.8534585335779197,0.7923809523809523,0.7819548872180451,0.803088803088803,C1_grid,0.2
protein_homo,CTGAN,MLP,4,5,27.921780824661255,64.58013248443604,144455,0.2,0.9930454889092528,0.894523191295511,0.844181459566075,0.8629032258064516,0.8262548262548263,C1_grid,0.2
protein_homo,CTGAN,RF,0,5,28.092036724090576,10.610001564025879,165091,0.29999818282038393,0.9757942984639879,0.8101026348765488,0.7854251012145749,0.8290598290598291,0.7461538461538462,C1_grid,0.3
protein_homo,CTGAN,LGBM,0,5,28.092036724090576,0.6509993076324463,165091,0.29999818282038393,0.9869733188136844,0.8609118033376104,0.8031496062992126,0.8225806451612904,0.7846153846153846,C1_grid,0.3
protein_homo,CTGAN,MLP,0,5,28.092036724090576,82.99600100517273,165091,0.29999818282038393,0.9875616042259634,0.8959752653771788,0.8559837728194726,0.9055793991416309,0.8115384615384615,C1_grid,0.3
protein_homo,CTGAN,RF,1,5,28.09792399406433,10.757002592086792,165091,0.29999818282038393,0.9745957011368385,0.7830716602746816,0.7474332648870639,0.7982456140350878,0.7027027027027027,C1_grid,0.3
protein_homo,CTGAN,LGBM,1,5,28.09792399406433,0.6689968109130859,165091,0.29999818282038393,0.986926898317989,0.8446333921968263,0.7911646586345381,0.8242677824267782,0.7606177606177607,C1_grid,0.3
protein_homo,CTGAN,MLP,1,5,28.09792399406433,71.36700010299683,165091,0.29999818282038393,0.9935765757301875,0.8749457063041018,0.8474576271186441,0.9389671361502347,0.7722007722007722,C1_grid,0.3
protein_homo,CTGAN,RF,2,5,27.92613387107849,10.64396333694458,165091,0.29999818282038393,0.9766406660422098,0.7841314733228745,0.759753593429158,0.8114035087719298,0.7142857142857143,C1_grid,0.3
protein_homo,CTGAN,LGBM,2,5,27.92613387107849,0.6549992561340332,165091,0.29999818282038393,0.9879945512149313,0.8354371794700676,0.7801980198019802,0.8008130081300813,0.7606177606177607,C1_grid,0.3
protein_homo,CTGAN,MLP,2,5,27.92613387107849,54.580000162124634,165091,0.29999818282038393,0.9967941012210854,0.9081328666275925,0.8576998050682262,0.8661417322834646,0.8494208494208494,C1_grid,0.3
protein_homo,CTGAN,RF,3,5,27.748717546463013,10.635000705718994,165091,0.29999818282038393,0.9642271463946035,0.7984799497049948,0.8111587982832618,0.9130434782608695,0.7297297297297297,C1_grid,0.3
protein_homo,CTGAN,LGBM,3,5,27.748717546463013,0.6679997444152832,165091,0.29999818282038393,0.9835663108135505,0.8647604794990036,0.8160000000000001,0.8464730290456431,0.7876447876447876,C1_grid,0.3
protein_homo,CTGAN,MLP,3,5,27.748717546463013,50.90561532974243,165091,0.29999818282038393,0.9910386115086541,0.8992174773773581,0.8711656441717791,0.9260869565217391,0.8223938223938224,C1_grid,0.3
protein_homo,CTGAN,RF,4,5,27.70062017440796,10.519002437591553,165091,0.29999818282038393,0.9750605691556162,0.7878493859974034,0.7766179540709812,0.8454545454545455,0.7181467181467182,C1_grid,0.3
protein_homo,CTGAN,LGBM,4,5,27.70062017440796,0.6572051048278809,165091,0.29999818282038393,0.9898589011634598,0.8454865389810895,0.8023952095808383,0.8305785123966942,0.7760617760617761,C1_grid,0.3
protein_homo,CTGAN,MLP,4,5,27.70062017440796,45.35441255569458,165091,0.29999818282038393,0.9906809898848943,0.8886643565544653,0.8323699421965318,0.8307692307692308,0.833976833976834,C1_grid,0.3
protein_homo,CTGAN,RF,0,5,29.638522148132324,13.593002080917358,192606,0.3999979232214988,0.9690999060127855,0.8020821296839337,0.8100208768267223,0.8858447488584474,0.7461538461538462,C1_grid,0.4
protein_homo,CTGAN,LGBM,0,5,29.638522148132324,0.7409980297088623,192606,0.3999979232214988,0.987593155174755,0.8496715519076181,0.7803921568627451,0.796,0.7653846153846153,C1_grid,0.4
protein_homo,CTGAN,MLP,0,5,29.638522148132324,95.6900007724762,192606,0.3999979232214988,0.9853893813085257,0.8911038740303302,0.8346456692913387,0.8548387096774194,0.8153846153846154,C1_grid,0.4
protein_homo,CTGAN,RF,1,5,28.851415395736694,13.666035652160645,192606,0.3999979232214988,0.9714152608479563,0.770367041290518,0.7438016528925621,0.8,0.694980694980695,C1_grid,0.4
protein_homo,CTGAN,LGBM,1,5,28.851415395736694,0.7699985504150391,192606,0.3999979232214988,0.9851947186930401,0.8353726121470271,0.7689243027888446,0.7942386831275721,0.7451737451737451,C1_grid,0.4
protein_homo,CTGAN,MLP,1,5,28.851415395736694,61.5720009803772,192606,0.3999979232214988,0.9930162216687431,0.8779933601637874,0.8471074380165289,0.9111111111111111,0.7915057915057915,C1_grid,0.4
protein_homo,CTGAN,RF,2,5,28.556206226348877,13.630000591278076,192606,0.3999979232214988,0.9736089006623083,0.7872768842447075,0.7566462167689161,0.8043478260869565,0.7142857142857143,C1_grid,0.4
protein_homo,CTGAN,LGBM,2,5,28.556206226348877,0.7419998645782471,192606,0.3999979232214988,0.9845449592256557,0.8275175090816939,0.784,0.8132780082987552,0.7567567567567568,C1_grid,0.4
protein_homo,CTGAN,MLP,2,5,28.556206226348877,85.72200059890747,192606,0.3999979232214988,0.9963560280960163,0.9073557536761954,0.8408644400785855,0.856,0.8262548262548263,C1_grid,0.4
protein_homo,CTGAN,RF,3,5,29.333362579345703,13.990000009536743,192606,0.3999979232214988,0.9720171102435475,0.8020993132543642,0.784394250513347,0.8377192982456141,0.7374517374517374,C1_grid,0.4
protein_homo,CTGAN,LGBM,3,5,29.333362579345703,0.7580862045288086,192606,0.3999979232214988,0.9831961938154178,0.8573486076295819,0.8244897959183674,0.8744588744588745,0.7799227799227799,C1_grid,0.4
protein_homo,CTGAN,MLP,3,5,29.333362579345703,113.0323703289032,192606,0.3999979232214988,0.9912898553997859,0.8945688435259572,0.8565656565656566,0.8983050847457628,0.8185328185328186,C1_grid,0.4
protein_homo,CTGAN,RF,4,5,28.814444541931152,13.842000007629395,192606,0.3999979232214988,0.9759242868515652,0.799922992293321,0.7958333333333333,0.8642533936651584,0.7374517374517374,C1_grid,0.4
protein_homo,CTGAN,LGBM,4,5,28.814444541931152,0.7539985179901123,192606,0.3999979232214988,0.9890190382731312,0.8369374565102168,0.779324055666004,0.8032786885245902,0.7567567567567568,C1_grid,0.4
protein_homo,CTGAN,MLP,4,5,28.814444541931152,53.51021099090576,192606,0.3999979232214988,0.9931530694051894,0.9048172745946053,0.833976833976834,0.833976833976834,0.833976833976834,C1_grid,0.4
protein_homo,CTGAN,RF,0,5,30.74690341949463,18.029004335403442,231128,0.5,0.9722398244861987,0.7996975141857019,0.7845528455284553,0.8318965517241379,0.7423076923076923,C1_grid,0.5
protein_homo,CTGAN,LGBM,0,5,30.74690341949463,0.8939986228942871,231128,0.5,0.9811158252636568,0.8453042131220533,0.8073770491803278,0.8640350877192983,0.7576923076923077,C1_grid,0.5
protein_homo,CTGAN,MLP,0,5,30.74690341949463,153.52156519889832,231128,0.5,0.9881761155323858,0.8793041422285363,0.8392484342379959,0.9178082191780822,0.7730769230769231,C1_grid,0.5
protein_homo,CTGAN,RF,1,5,30.705854892730713,18.891000032424927,231128,0.5,0.9673584738483842,0.7633486775443467,0.7393939393939394,0.7754237288135594,0.7065637065637066,C1_grid,0.5
protein_homo,CTGAN,LGBM,1,5,30.705854892730713,0.8780002593994141,231128,0.5,0.9820870455843286,0.8203923242532583,0.7720739219712526,0.8245614035087719,0.7258687258687259,C1_grid,0.5
protein_homo,CTGAN,MLP,1,5,30.705854892730713,164.47289991378784,231128,0.5,0.9944325422848147,0.8938107550087419,0.8330058939096268,0.848,0.8185328185328186,C1_grid,0.5
protein_homo,CTGAN,RF,2,5,30.52430272102356,18.58799982070923,231128,0.5,0.9704716262121682,0.7985537110150208,0.7800829875518671,0.8430493273542601,0.7258687258687259,C1_grid,0.5
protein_homo,CTGAN,LGBM,2,5,30.52430272102356,0.8639984130859375,231128,0.5,0.9793811622408763,0.8179071759190035,0.7907949790794979,0.863013698630137,0.7297297297297297,C1_grid,0.5
protein_homo,CTGAN,MLP,2,5,30.52430272102356,95.10553622245789,231128,0.5,0.9974876947290502,0.918882060873729,0.8502024291497976,0.8936170212765957,0.8108108108108109,C1_grid,0.5
protein_homo,CTGAN,RF,3,5,30.783798456192017,18.567909717559814,231128,0.5,0.9676574273507574,0.8005340413291011,0.799154334038055,0.883177570093458,0.7297297297297297,C1_grid,0.5
protein_homo,CTGAN,LGBM,3,5,30.783798456192017,0.8820767402648926,231128,0.5,0.9735066657810766,0.8442951793391873,0.8191268191268192,0.8873873873873874,0.7606177606177607,C1_grid,0.5
protein_homo,CTGAN,MLP,3,5,30.783798456192017,106.01317095756531,231128,0.5,0.9928164293191464,0.8847813777396843,0.8571428571428571,0.9400921658986175,0.7876447876447876,C1_grid,0.5
protein_homo,CTGAN,RF,4,5,30.75667953491211,18.846002101898193,231128,0.5,0.9712292334562246,0.7820229467229275,0.7866108786610877,0.8584474885844748,0.7258687258687259,C1_grid,0.5
protein_homo,CTGAN,LGBM,4,5,30.75667953491211,0.8809986114501953,231128,0.5,0.9808278192203982,0.8191951223781061,0.7858627858627858,0.8513513513513513,0.7297297297297297,C1_grid,0.5
protein_homo,CTGAN,MLP,4,5,30.75667953491211,157.61000108718872,231128,0.5,0.9913273415229042,0.8799761065840839,0.8355899419729207,0.8372093023255814,0.833976833976834,C1_grid,0.5
protein_homo,TVAE,RF,0,5,25.15499758720398,9.03300166130066,144455,0.2,0.9780912607865637,0.8226199420286957,0.7152777777777779,0.6518987341772152,0.7923076923076923,C1_grid,0.2
protein_homo,TVAE,LGBM,0,5,25.15499758720398,0.6110022068023682,144455,0.2,0.9876139228878836,0.8378198025731501,0.7012987012987013,0.6067415730337079,0.8307692307692308,C1_grid,0.2
protein_homo,TVAE,MLP,0,5,25.15499758720398,42.5880012512207,144455,0.2,0.9877503774132481,0.8792202781524103,0.8242187500000001,0.8373015873015873,0.8115384615384615,C1_grid,0.2
protein_homo,TVAE,RF,1,5,25.092997312545776,8.709000587463379,144455,0.2,0.981375611087286,0.7887651021939642,0.6851211072664359,0.6206896551724138,0.7644787644787645,C1_grid,0.2
protein_homo,TVAE,LGBM,1,5,25.092997312545776,0.6089992523193359,144455,0.2,0.9898208804788708,0.8347074071901394,0.7266313932980599,0.6688311688311688,0.7953667953667953,C1_grid,0.2
protein_homo,TVAE,MLP,1,5,25.092997312545776,41.45100116729736,144455,0.2,0.9925156048516266,0.8792137554506749,0.8353909465020575,0.8942731277533039,0.7837837837837838,C1_grid,0.2
protein_homo,TVAE,RF,2,5,25.404999017715454,9.0110023021698,144455,0.2,0.9835808107934375,0.7885056893370789,0.6525974025974026,0.5630252100840336,0.7760617760617761,C1_grid,0.2
protein_homo,TVAE,LGBM,2,5,25.404999017715454,0.6380007266998291,144455,0.2,0.9901735574090287,0.8382123722202308,0.6851549755301795,0.5932203389830508,0.8108108108108109,C1_grid,0.2
protein_homo,TVAE,MLP,2,5,25.404999017715454,63.29900121688843,144455,0.2,0.994786421978281,0.8796860336865653,0.7992351816443596,0.7916666666666666,0.806949806949807,C1_grid,0.2
protein_homo,TVAE,RF,3,5,24.91499924659729,9.095000505447388,144455,0.2,0.9803181148582831,0.8148630224444983,0.7211367673179397,0.6677631578947368,0.7837837837837838,C1_grid,0.2
protein_homo,TVAE,LGBM,3,5,24.91499924659729,0.6269991397857666,144455,0.2,0.9872797088885145,0.8489960980832192,0.7272727272727273,0.6645367412140575,0.803088803088803,C1_grid,0.2
protein_homo,TVAE,MLP,3,5,24.91499924659729,33.29899883270264,144455,0.2,0.9885638591810064,0.8743078436581448,0.83739837398374,0.8841201716738197,0.7953667953667953,C1_grid,0.2
protein_homo,TVAE,RF,4,5,24.377998113632202,8.986000299453735,144455,0.2,0.9845952748240657,0.8117644502477749,0.7547892720306515,0.7490494296577946,0.7606177606177607,C1_grid,0.2
protein_homo,TVAE,LGBM,4,5,24.377998113632202,0.612999439239502,144455,0.2,0.9902651010608506,0.8323962957981025,0.7477954144620811,0.6883116883116883,0.8185328185328186,C1_grid,0.2
protein_homo,TVAE,MLP,4,5,24.377998113632202,41.17300200462341,144455,0.2,0.9912644637299373,0.8792359359493449,0.8384458077709611,0.8913043478260869,0.7915057915057915,C1_grid,0.2
protein_homo,TVAE,RF,0,5,25.873998880386353,11.410115003585815,165091,0.29999818282038393,0.9779879547263854,0.8104604682549921,0.6959578207381371,0.6407766990291263,0.7615384615384615,C1_grid,0.3
protein_homo,TVAE,LGBM,0,5,25.873998880386353,0.7059998512268066,165091,0.29999818282038393,0.9861765575119215,0.8289055789776778,0.707070707070707,0.6287425149700598,0.8076923076923077,C1_grid,0.3
protein_homo,TVAE,MLP,0,5,25.873998880386353,103.87319731712341,165091,0.29999818282038393,0.9885095970797401,0.8753616953837466,0.8373015873015873,0.8647540983606558,0.8115384615384615,C1_grid,0.3
protein_homo,TVAE,RF,1,5,25.742998361587524,11.607001543045044,165091,0.29999818282038393,0.9785608776644047,0.7867109128447026,0.6827586206896551,0.616822429906542,0.7644787644787645,C1_grid,0.3
protein_homo,TVAE,LGBM,1,5,25.742998361587524,0.7140002250671387,165091,0.29999818282038393,0.9871082482968537,0.8175393753520928,0.7158273381294964,0.67003367003367,0.7683397683397684,C1_grid,0.3
protein_homo,TVAE,MLP,1,5,25.742998361587524,58.1080002784729,165091,0.29999818282038393,0.9904694371829466,0.8551557656118073,0.7946768060836502,0.7827715355805244,0.806949806949807,C1_grid,0.3
protein_homo,TVAE,RF,2,5,25.491998434066772,11.825002670288086,165091,0.29999818282038393,0.982488434428485,0.789508810769861,0.6400000000000001,0.546448087431694,0.7722007722007722,C1_grid,0.3
protein_homo,TVAE,LGBM,2,5,25.491998434066772,0.6970005035400391,165091,0.29999818282038393,0.9860316414952806,0.8266006202858086,0.6996587030716723,0.6269113149847095,0.7915057915057915,C1_grid,0.3
protein_homo,TVAE,MLP,2,5,25.491998434066772,37.979000091552734,165091,0.29999818282038393,0.9949303526542113,0.8725343012731559,0.8188976377952756,0.8353413654618473,0.803088803088803,C1_grid,0.3
protein_homo,TVAE,RF,3,5,24.84799838066101,11.694999933242798,165091,0.29999818282038393,0.977759035458665,0.8038875638961763,0.7094474153297684,0.6589403973509934,0.7683397683397684,C1_grid,0.3
protein_homo,TVAE,LGBM,3,5,24.84799838066101,0.703000545501709,165091,0.29999818282038393,0.9831023782773463,0.8357982284139758,0.7305605786618444,0.6870748299319728,0.7799227799227799,C1_grid,0.3
protein_homo,TVAE,MLP,3,5,24.84799838066101,55.13951063156128,165091,0.29999818282038393,0.9914649242813722,0.8790469252802874,0.8389662027833001,0.8647540983606558,0.8146718146718147,C1_grid,0.3
protein_homo,TVAE,RF,4,5,25.104998111724854,11.53100037574768,165091,0.29999818282038393,0.9830161802402293,0.7968901134940427,0.7153024911032028,0.6633663366336634,0.7760617760617761,C1_grid,0.3
protein_homo,TVAE,LGBM,4,5,25.104998111724854,0.7040002346038818,165091,0.29999818282038393,0.9878007726818775,0.8115209291299431,0.6890459363957597,0.6351791530944625,0.752895752895753,C1_grid,0.3
protein_homo,TVAE,MLP,4,5,25.104998111724854,40.78300070762634,165091,0.29999818282038393,0.9928649407725937,0.884919078724239,0.8233082706766917,0.8021978021978022,0.8455598455598455,C1_grid,0.3
protein_homo,TVAE,RF,0,5,25.51299786567688,14.774000406265259,192606,0.3999979232214988,0.9774759507219443,0.803325289931314,0.6958041958041957,0.6378205128205128,0.7653846153846153,C1_grid,0.4
protein_homo,TVAE,LGBM,0,5,25.51299786567688,0.819000244140625,192606,0.3999979232214988,0.9841270105409458,0.8165205301279389,0.7177700348432056,0.6560509554140127,0.7923076923076923,C1_grid,0.4
protein_homo,TVAE,MLP,0,5,25.51299786567688,47.61699938774109,192606,0.3999979232214988,0.983922461879265,0.8653550030645333,0.8216432865731462,0.8577405857740585,0.7884615384615384,C1_grid,0.4
protein_homo,TVAE,RF,1,5,26.205997467041016,15.603000402450562,192606,0.3999979232214988,0.9781250764255851,0.778400903781386,0.6723549488054608,0.6024464831804281,0.7606177606177607,C1_grid,0.4
protein_homo,TVAE,LGBM,1,5,26.205997467041016,0.8090000152587891,192606,0.3999979232214988,0.9851935827499152,0.7987060582801906,0.724264705882353,0.6912280701754386,0.7606177606177607,C1_grid,0.4
protein_homo,TVAE,MLP,1,5,26.205997467041016,94.14300012588501,192606,0.3999979232214988,0.993933662792477,0.8873481003048245,0.8582995951417004,0.902127659574468,0.8185328185328186,C1_grid,0.4
protein_homo,TVAE,RF,2,5,25.60299801826477,15.507999897003174,192606,0.3999979232214988,0.9792403052934013,0.7812962246442818,0.6513157894736843,0.5673352435530086,0.7644787644787645,C1_grid,0.4
protein_homo,TVAE,LGBM,2,5,25.60299801826477,0.7839999198913574,192606,0.3999979232214988,0.9871337736070698,0.814292515811833,0.697508896797153,0.6468646864686468,0.7567567567567568,C1_grid,0.4
protein_homo,TVAE,MLP,2,5,25.60299801826477,44.0890007019043,192606,0.3999979232214988,0.9959700747143203,0.8859677176157663,0.8037383177570094,0.7789855072463768,0.8301158301158301,C1_grid,0.4
protein_homo,TVAE,RF,3,5,25.829997301101685,14.948000192642212,192606,0.3999979232214988,0.9770252162000458,0.795290643450368,0.7132616487455197,0.6655518394648829,0.7683397683397684,C1_grid,0.4
protein_homo,TVAE,LGBM,3,5,25.829997301101685,0.8030023574829102,192606,0.3999979232214988,0.9830367608568432,0.8298453017014422,0.7276051188299816,0.6909722222222222,0.7683397683397684,C1_grid,0.4
protein_homo,TVAE,MLP,3,5,25.829997301101685,140.43364834785461,192606,0.3999979232214988,0.9867209585114814,0.8400069672228321,0.7838983050847458,0.8685446009389671,0.7142857142857143,C1_grid,0.4
protein_homo,TVAE,RF,4,5,25.35799813270569,15.226000308990479,192606,0.3999979232214988,0.9824134621822483,0.7969646675704967,0.7175843694493784,0.6644736842105263,0.7799227799227799,C1_grid,0.4
protein_homo,TVAE,LGBM,4,5,25.35799813270569,0.8070003986358643,192606,0.3999979232214988,0.9852362808473708,0.8188788910427358,0.7313432835820896,0.7075812274368231,0.7567567567567568,C1_grid,0.4
protein_homo,TVAE,MLP,4,5,25.35799813270569,134.03334665298462,192606,0.3999979232214988,0.9924979643231002,0.8728724046448889,0.7903525046382189,0.7607142857142857,0.8223938223938224,C1_grid,0.4
protein_homo,TVAE,RF,0,5,25.856999397277832,20.830999851226807,231128,0.5,0.975800022897735,0.8046515187401007,0.7050359712230215,0.6621621621621622,0.7538461538461538,C1_grid,0.5
protein_homo,TVAE,LGBM,0,5,25.856999397277832,0.8789997100830078,231128,0.5,0.9821027575795497,0.8107792995483312,0.710951526032316,0.6666666666666666,0.7615384615384615,C1_grid,0.5
protein_homo,TVAE,MLP,0,5,25.856999397277832,138.01504230499268,231128,0.5,0.9886700143510223,0.8758200778448142,0.7949183303085299,0.7525773195876289,0.8423076923076923,C1_grid,0.5
protein_homo,TVAE,RF,1,5,26.363999605178833,21.044999837875366,231128,0.5,0.9742837176986221,0.7699327824411668,0.652317880794702,0.5710144927536231,0.7606177606177607,C1_grid,0.5
protein_homo,TVAE,LGBM,1,5,26.363999605178833,0.8849999904632568,231128,0.5,0.9843432290907284,0.7851893998738795,0.7225325884543761,0.697841726618705,0.749034749034749,C1_grid,0.5
protein_homo,TVAE,MLP,1,5,26.363999605178833,70.84172868728638,231128,0.5,0.9912229015756066,0.8767935722892127,0.8301158301158301,0.8301158301158301,0.8301158301158301,C1_grid,0.5
protein_homo,TVAE,RF,2,5,26.608999490737915,20.87300157546997,231128,0.5,0.9787700248397351,0.7727468004805104,0.6057838660578386,0.5,0.7683397683397684,C1_grid,0.5
protein_homo,TVAE,LGBM,2,5,26.608999490737915,0.9060001373291016,231128,0.5,0.9848867444658521,0.7975428561416211,0.679646017699115,0.6274509803921569,0.7413127413127413,C1_grid,0.5
protein_homo,TVAE,MLP,2,5,26.608999490737915,164.32200121879578,231128,0.5,0.9936546217048795,0.8829149368628427,0.8418891170431212,0.8991228070175439,0.7915057915057915,C1_grid,0.5
protein_homo,TVAE,RF,3,5,26.202999353408813,21.253000259399414,231128,0.5,0.9711584040613843,0.7959032442496485,0.7168458781362006,0.6688963210702341,0.7722007722007722,C1_grid,0.5
protein_homo,TVAE,LGBM,3,5,26.202999353408813,0.8989987373352051,231128,0.5,0.977736717517272,0.8292509583561277,0.7352941176470588,0.7017543859649122,0.7722007722007722,C1_grid,0.5
protein_homo,TVAE,MLP,3,5,26.202999353408813,65.0786657333374,231128,0.5,0.9901062026637465,0.8718168432040523,0.8178294573643411,0.8210116731517509,0.8146718146718147,C1_grid,0.5
protein_homo,TVAE,RF,4,5,25.989997386932373,21.35300040245056,231128,0.5,0.9786803521530598,0.7853121096088661,0.702127659574468,0.6491803278688525,0.7644787644787645,C1_grid,0.5
protein_homo,TVAE,LGBM,4,5,25.989997386932373,0.9149999618530273,231128,0.5,0.9834114216274751,0.7913948983789912,0.7142857142857142,0.6959706959706959,0.7335907335907336,C1_grid,0.5
protein_homo,TVAE,MLP,4,5,25.989997386932373,117.50573682785034,231128,0.5,0.9930430833826355,0.8814200123570428,0.8097928436911488,0.7904411764705882,0.8301158301158301,C1_grid,0.5
abalone_19,None,RF,0,4,0.0,0.21967101097106934,3132,0.007662835249042145,0.7578953712632595,0.03590706346913236,0.0,0.0,0.0,C0_fixed0.50,
abalone_19,None,LGBM,0,4,0.0,0.054999351501464844,3132,0.007662835249042145,0.5188645130183221,0.04583655935563371,0.14285714285714288,0.16666666666666666,0.125,C0_fixed0.50,
abalone_19,None,MLP,0,4,0.0,4.8565661907196045,3132,0.007662835249042145,0.6609209257473481,0.01572341916630385,0.0,0.0,0.0,C0_fixed0.50,
abalone_19,None,RF,1,4,0.0,0.21711373329162598,3133,0.007660389403127992,0.8021838803088801,0.03780534185537243,0.0,0.0,0.0,C0_fixed0.50,
abalone_19,None,LGBM,1,4,0.0,0.05600142478942871,3133,0.007660389403127992,0.7011944980694981,0.029867277834336528,0.0,0.0,0.0,C0_fixed0.50,
abalone_19,None,MLP,1,4,0.0,4.667301416397095,3133,0.007660389403127992,0.715854247104247,0.020942166616003177,0.0,0.0,0.0,C0_fixed0.50,
abalone_19,None,RF,2,4,0.0,0.21400022506713867,3133,0.007660389403127992,0.8270994208494208,0.0673072856284712,0.0,0.0,0.0,C0_fixed0.50,
abalone_19,None,LGBM,2,4,0.0,0.06200051307678223,3133,0.007660389403127992,0.7024613899613901,0.1444036263074986,0.2,0.5,0.125,C0_fixed0.50,
abalone_19,None,MLP,2,4,0.0,5.792788505554199,3133,0.007660389403127992,0.836269305019305,0.03455864593576405,0.0,0.0,0.0,C0_fixed0.50,
abalone_19,None,RF,3,4,0.0,0.21899962425231934,3133,0.007660389403127992,0.8103281853281853,0.03231321095745254,0.0,0.0,0.0,C0_fixed0.50,
abalone_19,None,LGBM,3,4,0.0,0.05000019073486328,3133,0.007660389403127992,0.6519063706563706,0.02934996856005986,0.09523809523809525,0.07692307692307693,0.125,C0_fixed0.50,
abalone_19,None,MLP,3,4,0.0,4.641000747680664,3133,0.007660389403127992,0.8138272200772201,0.034037443648624786,0.0,0.0,0.0,C0_fixed0.50,
abalone_19,SMOTE,RF,0,4,0.0009996891021728516,0.2849998474121094,6216,0.5,0.7557859209257473,0.04121232493954079,0.04,0.023809523809523808,0.125,C0_fixed0.50,0.5
abalone_19,SMOTE,LGBM,0,4,0.0009996891021728516,0.0599977970123291,6216,0.5,0.7964079074252652,0.14592587140793867,0.11764705882352941,0.1111111111111111,0.125,C0_fixed0.50,0.5
abalone_19,SMOTE,MLP,0,4,0.0009996891021728516,6.252000570297241,6216,0.5,0.6950337512054001,0.01991427917923261,0.0,0.0,0.0,C0_fixed0.50,0.5
abalone_19,SMOTE,RF,1,4,0.0009999275207519531,0.26599764823913574,6218,0.5,0.769847972972973,0.025953371292056625,0.0303030303030303,0.017241379310344827,0.125,C0_fixed0.50,0.5
abalone_19,SMOTE,LGBM,1,4,0.0009999275207519531,0.0699620246887207,6218,0.5,0.7825772200772201,0.027041038459959286,0.0,0.0,0.0,C0_fixed0.50,0.5
abalone_19,SMOTE,MLP,1,4,0.0009999275207519531,5.703001260757446,6218,0.5,0.7648407335907336,0.03286270891957393,0.0,0.0,0.0,C0_fixed0.50,0.5
abalone_19,SMOTE,RF,2,4,0.0010001659393310547,0.2890000343322754,6218,0.5,0.8747586872586873,0.047939448833181283,0.10526315789473684,0.058823529411764705,0.5,C0_fixed0.50,0.5
abalone_19,SMOTE,LGBM,2,4,0.0010001659393310547,0.06399965286254883,6218,0.5,0.8845318532818532,0.044786405563497875,0.0,0.0,0.0,C0_fixed0.50,0.5
abalone_19,SMOTE,MLP,2,4,0.0010001659393310547,7.235000133514404,6218,0.5,0.8588320463320462,0.15860666172814242,0.09523809523809525,0.07692307692307693,0.125,C0_fixed0.50,0.5
abalone_19,SMOTE,RF,3,4,0.0010001659393310547,0.28043413162231445,6218,0.5,0.7387789575289575,0.025120134188328692,0.03773584905660377,0.022222222222222223,0.125,C0_fixed0.50,0.5
abalone_19,SMOTE,LGBM,3,4,0.0010001659393310547,0.06299853324890137,6218,0.5,0.7077702702702703,0.028699934041824735,0.07407407407407407,0.05263157894736842,0.125,C0_fixed0.50,0.5
abalone_19,SMOTE,MLP,3,4,0.0010001659393310547,5.5396974086761475,6218,0.5,0.7937982625482626,0.030321686253851475,0.09523809523809525,0.07692307692307693,0.125,C0_fixed0.50,0.5
abalone_19,ADASYN,RF,0,4,0.004999876022338867,0.28099989891052246,6213,0.49975857073877356,0.7601253616200578,0.025527428816332118,0.03703703703703704,0.021739130434782608,0.125,C0_fixed0.50,0.5
abalone_19,ADASYN,LGBM,0,4,0.004999876022338867,0.06600022315979004,6213,0.49975857073877356,0.8149710703953713,0.14649522972621767,0.11111111111111112,0.1,0.125,C0_fixed0.50,0.5
abalone_19,ADASYN,MLP,0,4,0.004999876022338867,5.898521900177002,6213,0.49975857073877356,0.7101012536162006,0.016350376932912986,0.0,0.0,0.0,C0_fixed0.50,0.5
abalone_19,ADASYN,RF,1,4,0.005000114440917969,0.2739999294281006,6220,0.50016077170418,0.787403474903475,0.03063709204909611,0.027777777777777776,0.015625,0.125,C0_fixed0.50,0.5
abalone_19,ADASYN,LGBM,1,4,0.005000114440917969,0.06000041961669922,6220,0.50016077170418,0.7834821428571428,0.036992672836626585,0.06666666666666667,0.045454545454545456,0.125,C0_fixed0.50,0.5
abalone_19,ADASYN,MLP,1,4,0.005000114440917969,4.8610029220581055,6220,0.50016077170418,0.7521718146718147,0.027047830562059293,0.0,0.0,0.0,C0_fixed0.50,0.5
abalone_19,ADASYN,RF,2,4,0.005000114440917969,0.2776145935058594,6227,0.5007226593865425,0.8751206563706564,0.043551840452111426,0.06818181818181818,0.0375,0.375,C0_fixed0.50,0.5
abalone_19,ADASYN,LGBM,2,4,0.005000114440917969,0.07196044921875,6227,0.5007226593865425,0.8451978764478764,0.03559171228158735,0.058823529411764705,0.038461538461538464,0.125,C0_fixed0.50,0.5
abalone_19,ADASYN,MLP,2,4,0.005000114440917969,5.013000249862671,6227,0.5007226593865425,0.8667953667953667,0.15590646533897498,0.06060606060606061,0.04,0.125,C0_fixed0.50,0.5
abalone_19,ADASYN,RF,3,4,0.004999876022338867,0.2928171157836914,6214,0.4996781461216608,0.7713561776061776,0.028277101252029695,0.05263157894736842,0.029411764705882353,0.25,C0_fixed0.50,0.5
abalone_19,ADASYN,LGBM,3,4,0.004999876022338867,0.0579981803894043,6214,0.4996781461216608,0.7268339768339768,0.044871805762505906,0.058823529411764705,0.038461538461538464,0.125,C0_fixed0.50,0.5
abalone_19,ADASYN,MLP,3,4,0.004999876022338867,6.0465474128723145,6214,0.4996781461216608,0.7893339768339768,0.024273274786707315,0.0,0.0,0.0,C0_fixed0.50,0.5
abalone_19,G-SMOTE,RF,0,4,0.22100090980529785,0.2759988307952881,6217,0.5000804246421103,0.7284233365477338,0.02215974966912593,0.0625,0.041666666666666664,0.125,C0_fixed0.50,0.5
abalone_19,G-SMOTE,LGBM,0,4,0.22100090980529785,0.06300044059753418,6217,0.5000804246421103,0.7569913211186113,0.039177184429897864,0.13333333333333333,0.14285714285714285,0.125,C0_fixed0.50,0.5
abalone_19,G-SMOTE,MLP,0,4,0.22100090980529785,6.032721281051636,6217,0.5000804246421103,0.6956364513018323,0.01573256412191443,0.0,0.0,0.0,C0_fixed0.50,0.5
abalone_19,G-SMOTE,RF,1,4,0.27900171279907227,0.28099966049194336,6219,0.5000803987779385,0.7764237451737452,0.026404302333520882,0.03571428571428571,0.020833333333333332,0.125,C0_fixed0.50,0.5
abalone_19,G-SMOTE,LGBM,1,4,0.27900171279907227,0.06800103187561035,6219,0.5000803987779385,0.7875844594594594,0.025651971343328358,0.0,0.0,0.0,C0_fixed0.50,0.5
abalone_19,G-SMOTE,MLP,1,4,0.27900171279907227,6.343001365661621,6219,0.5000803987779385,0.7829391891891891,0.03363610659715688,0.0,0.0,0.0,C0_fixed0.50,0.5
abalone_19,G-SMOTE,RF,2,4,0.2760009765625,0.26799869537353516,6218,0.5,0.7297297297297297,0.05316380368309223,0.12903225806451613,0.07407407407407407,0.5,C0_fixed0.50,0.5
abalone_19,G-SMOTE,LGBM,2,4,0.2760009765625,0.06800007820129395,6218,0.5,0.830055501930502,0.05264086158362235,0.09090909090909091,0.07142857142857142,0.125,C0_fixed0.50,0.5
abalone_19,G-SMOTE,MLP,2,4,0.2760009765625,9.262000322341919,6218,0.5,0.8491795366795366,0.1549608406175263,0.08695652173913045,0.06666666666666667,0.125,C0_fixed0.50,0.5
abalone_19,G-SMOTE,RF,3,4,0.24199962615966797,0.2819998264312744,6218,0.5,0.7162162162162162,0.02824919042697408,0.07692307692307693,0.045454545454545456,0.25,C0_fixed0.50,0.5
abalone_19,G-SMOTE,LGBM,3,4,0.24199962615966797,0.06000065803527832,6218,0.5,0.6792953667953668,0.030432215445086945,0.07692307692307691,0.05555555555555555,0.125,C0_fixed0.50,0.5
abalone_19,G-SMOTE,MLP,3,4,0.24199962615966797,5.5190324783325195,6218,0.5,0.783542471042471,0.027808984167162366,0.0,0.0,0.0,C0_fixed0.50,0.5
abalone_19,CTGAN,RF,0,4,1.8470003604888916,0.25499916076660156,6216,0.5,0.7851976856316296,0.023475463774047998,0.0,0.0,0.0,C0_fixed0.50,0.5
abalone_19,CTGAN,LGBM,0,4,1.8470003604888916,0.06999683380126953,6216,0.5,0.7287246865959498,0.1213061453373289,0.0,0.0,0.0,C0_fixed0.50,0.5
abalone_19,CTGAN,MLP,0,4,1.8470003604888916,4.124000549316406,6216,0.5,0.7647058823529411,0.028672044606188548,0.0,0.0,0.0,C0_fixed0.50,0.5
abalone_19,CTGAN,RF,1,4,1.9750044345855713,0.25499534606933594,6218,0.5,0.6692205598455598,0.016312037554339104,0.0,0.0,0.0,C0_fixed0.50,0.5
abalone_19,CTGAN,LGBM,1,4,1.9750044345855713,0.050997257232666016,6218,0.5,0.8056225868725868,0.030063149009386447,0.0,0.0,0.0,C0_fixed0.50,0.5
abalone_19,CTGAN,MLP,1,4,1.9750044345855713,3.263000965118408,6218,0.5,0.7171814671814672,0.02768137273122318,0.0,0.0,0.0,C0_fixed0.50,0.5
abalone_19,CTGAN,RF,2,4,2.0064730644226074,0.24699997901916504,6218,0.5,0.7676158301158301,0.027257825807822246,0.0,0.0,0.0,C0_fixed0.50,0.5
abalone_19,CTGAN,LGBM,2,4,2.0064730644226074,0.055999755859375,6218,0.5,0.8671573359073358,0.06604858277820361,0.0,0.0,0.0,C0_fixed0.50,0.5
abalone_19,CTGAN,MLP,2,4,2.0064730644226074,5.477000713348389,6218,0.5,0.8056225868725868,0.024263012776987544,0.0,0.0,0.0,C0_fixed0.50,0.5
abalone_19,CTGAN,RF,3,4,2.197998285293579,0.24100017547607422,6218,0.5,0.6864140926640927,0.01911177946786152,0.0,0.0,0.0,C0_fixed0.50,0.5
abalone_19,CTGAN,LGBM,3,4,2.197998285293579,0.058999061584472656,6218,0.5,0.5450048262548263,0.014618766829953878,0.0,0.0,0.0,C0_fixed0.50,0.5
abalone_19,CTGAN,MLP,3,4,2.197998285293579,7.320000410079956,6218,0.5,0.7379343629343629,0.020946369566720278,0.0,0.0,0.0,C0_fixed0.50,0.5
abalone_19,TVAE,RF,0,4,1.126999855041504,0.24299979209899902,6216,0.5,0.7722999035679846,0.028456723035316094,0.0,0.0,0.0,C0_fixed0.50,0.5
abalone_19,TVAE,LGBM,0,4,1.126999855041504,0.05299735069274902,6216,0.5,0.7010607521697204,0.18823209335689647,0.2222222222222222,1.0,0.125,C0_fixed0.50,0.5
abalone_19,TVAE,MLP,0,4,1.126999855041504,6.604999780654907,6216,0.5,0.7317984570877532,0.017093996743755984,0.0,0.0,0.0,C0_fixed0.50,0.5
abalone_19,TVAE,RF,1,4,1.1299993991851807,0.24699997901916504,6218,0.5,0.7238778957528957,0.025666090975523314,0.0,0.0,0.0,C0_fixed0.50,0.5
abalone_19,TVAE,LGBM,1,4,1.1299993991851807,0.055999040603637695,6218,0.5,0.6917229729729729,0.018259710177750153,0.0,0.0,0.0,C0_fixed0.50,0.5
abalone_19,TVAE,MLP,1,4,1.1299993991851807,5.575000762939453,6218,0.5,0.7357625482625482,0.03289995950255914,0.0909090909090909,0.05555555555555555,0.25,C0_fixed0.50,0.5
abalone_19,TVAE,RF,2,4,1.2219998836517334,0.26800060272216797,6218,0.5,0.7413127413127413,0.02092996055561479,0.0,0.0,0.0,C0_fixed0.50,0.5
abalone_19,TVAE,LGBM,2,4,1.2219998836517334,0.0689995288848877,6218,0.5,0.6662644787644788,0.03378036630819203,0.0,0.0,0.0,C0_fixed0.50,0.5
abalone_19,TVAE,MLP,2,4,1.2219998836517334,5.400000810623169,6218,0.5,0.8788610038610039,0.05347943038283155,0.0,0.0,0.0,C0_fixed0.50,0.5
abalone_19,TVAE,RF,3,4,1.2660000324249268,0.25499987602233887,6218,0.5,0.6318774131274131,0.013048070692014909,0.0,0.0,0.0,C0_fixed0.50,0.5
abalone_19,TVAE,LGBM,3,4,1.2660000324249268,0.05800032615661621,6218,0.5,0.6313947876447876,0.014583576243703947,0.0,0.0,0.0,C0_fixed0.50,0.5
abalone_19,TVAE,MLP,3,4,1.2660000324249268,5.653019666671753,6218,0.5,0.6761583011583011,0.021814753487275487,0.06666666666666667,0.045454545454545456,0.125,C0_fixed0.50,0.5
abalone_19,GMMSampling,RF,0,4,0.469998836517334,0.24800395965576172,3132,0.5,0.7974927675988428,0.04306027955624613,0.0,0.0,0.0,C0_fixed0.50,
abalone_19,GMMSampling,LGBM,0,4,0.469998836517334,0.0559999942779541,3132,0.5,0.6918997107039537,0.15590551047037787,0.0,0.0,0.0,C0_fixed0.50,
abalone_19,GMMSampling,MLP,0,4,0.469998836517334,4.765001058578491,3132,0.5,0.7471070395371263,0.029065700027922563,0.06060606060606061,0.04,0.125,C0_fixed0.50,
abalone_19,GMMSampling,RF,1,4,0.4480001926422119,0.2480146884918213,3132,0.5,0.783542471042471,0.022678710981275184,0.0,0.0,0.0,C0_fixed0.50,
abalone_19,GMMSampling,LGBM,1,4,0.4480001926422119,0.0559999942779541,3132,0.5,0.6075651544401545,0.02031469432680097,0.0,0.0,0.0,C0_fixed0.50,
abalone_19,GMMSampling,MLP,1,4,0.4480001926422119,2.993000030517578,3132,0.5,0.790057915057915,0.03438447387064739,0.0,0.0,0.0,C0_fixed0.50,
abalone_19,GMMSampling,RF,2,4,0.6446928977966309,0.2400038242340088,3131,0.4998403066113063,0.7502413127413128,0.023716207211092796,0.0,0.0,0.0,C0_fixed0.50,
abalone_19,GMMSampling,LGBM,2,4,0.6446928977966309,0.058000802993774414,3131,0.4998403066113063,0.8058638996138996,0.03767240922391362,0.0,0.0,0.0,C0_fixed0.50,
abalone_19,GMMSampling,MLP,2,4,0.6446928977966309,2.252000570297241,3131,0.4998403066113063,0.7931949806949807,0.02628710492021074,0.04,0.021739130434782608,0.25,C0_fixed0.50,
abalone_19,GMMSampling,RF,3,4,0.4519996643066406,0.23427271842956543,3132,0.5,0.6593870656370656,0.013285086541854478,0.0,0.0,0.0,C0_fixed0.50,
abalone_19,GMMSampling,LGBM,3,4,0.4519996643066406,0.05500030517578125,3132,0.5,0.7082528957528957,0.019538791010798043,0.0,0.0,0.0,C0_fixed0.50,
abalone_19,GMMSampling,MLP,3,4,0.4519996643066406,2.3900015354156494,3132,0.5,0.7269546332046333,0.018097434969556563,0.0,0.0,0.0,C0_fixed0.50,
abalone_19,SMOTE,RF,0,4,0.0010001659393310547,0.22995829582214355,3885,0.2,0.8000241080038573,0.04529706449061643,0.05,0.03125,0.125,C1_grid,0.2
abalone_19,SMOTE,LGBM,0,4,0.0010001659393310547,0.0559992790222168,3885,0.2,0.7125120540019287,0.14861142717971884,0.09090909090909091,0.07142857142857142,0.125,C1_grid,0.2
abalone_19,SMOTE,MLP,0,4,0.0010001659393310547,4.59896183013916,3885,0.2,0.6969623915139826,0.01633054276927371,0.0,0.0,0.0,C1_grid,0.2
abalone_19,SMOTE,RF,1,4,0.0010001659393310547,0.2259998321533203,3886,0.19994853319608852,0.790661196911197,0.03295800318575066,0.04166666666666667,0.025,0.125,C1_grid,0.2
abalone_19,SMOTE,LGBM,1,4,0.0010001659393310547,0.05500030517578125,3886,0.19994853319608852,0.8084580115830116,0.031410920573714605,0.058823529411764705,0.038461538461538464,0.125,C1_grid,0.2
abalone_19,SMOTE,MLP,1,4,0.0010001659393310547,5.531607627868652,3886,0.19994853319608852,0.7556708494208495,0.03048599957637095,0.0,0.0,0.0,C1_grid,0.2
abalone_19,SMOTE,RF,2,4,0.0009999275207519531,0.23100018501281738,3886,0.19994853319608852,0.8798262548262549,0.0495776675433275,0.08823529411764708,0.05,0.375,C1_grid,0.2
abalone_19,SMOTE,LGBM,2,4,0.0009999275207519531,0.05200028419494629,3886,0.19994853319608852,0.8739140926640927,0.05333823598924255,0.10526315789473685,0.06666666666666667,0.25,C1_grid,0.2
abalone_19,SMOTE,MLP,2,4,0.0009999275207519531,4.92300009727478,3886,0.19994853319608852,0.8671573359073359,0.08028686628000087,0.11111111111111112,0.1,0.125,C1_grid,0.2
abalone_19,SMOTE,RF,3,4,0.0009999275207519531,0.21599984169006348,3886,0.19994853319608852,0.7577220077220077,0.02498888060462896,0.04651162790697674,0.02857142857142857,0.125,C1_grid,0.2
abalone_19,SMOTE,LGBM,3,4,0.0009999275207519531,0.05599808692932129,3886,0.19994853319608852,0.6231901544401545,0.05672869733660036,0.09090909090909091,0.07142857142857142,0.125,C1_grid,0.2
abalone_19,SMOTE,MLP,3,4,0.0009999275207519531,4.4320008754730225,3886,0.19994853319608852,0.794280888030888,0.029467651377744805,0.0,0.0,0.0,C1_grid,0.2
abalone_19,SMOTE,RF,0,4,0.0009999275207519531,0.23100042343139648,4440,0.3,0.7812198649951785,0.04234469229399352,0.0425531914893617,0.02564102564102564,0.125,C1_grid,0.3
abalone_19,SMOTE,LGBM,0,4,0.0009999275207519531,0.05800056457519531,4440,0.3,0.7509643201542912,0.14684948970526213,0.08695652173913045,0.06666666666666667,0.125,C1_grid,0.3
abalone_19,SMOTE,MLP,0,4,0.0009999275207519531,6.821002960205078,4440,0.3,0.6973240115718418,0.01708674922751088,0.0,0.0,0.0,C1_grid,0.3
abalone_19,SMOTE,RF,1,4,0.0010004043579101562,0.2399461269378662,4441,0.2999324476469264,0.7853523166023166,0.025990468793390842,0.03333333333333334,0.019230769230769232,0.125,C1_grid,0.3
abalone_19,SMOTE,LGBM,1,4,0.0010004043579101562,0.05800008773803711,4441,0.2999324476469264,0.8027871621621622,0.028378184512950745,0.0,0.0,0.0,C1_grid,0.3
abalone_19,SMOTE,MLP,1,4,0.0010004043579101562,4.194000959396362,4441,0.2999324476469264,0.7556708494208494,0.030858394809315987,0.0,0.0,0.0,C1_grid,0.3
abalone_19,SMOTE,RF,2,4,0.0009996891021728516,0.2350001335144043,4441,0.2999324476469264,0.8641409266409267,0.045386147879648314,0.1111111111111111,0.0625,0.5,C1_grid,0.3
abalone_19,SMOTE,LGBM,2,4,0.0009996891021728516,0.05299973487854004,4441,0.2999324476469264,0.8414575289575289,0.03818954024144306,0.05128205128205128,0.03225806451612903,0.125,C1_grid,0.3
abalone_19,SMOTE,MLP,2,4,0.0009996891021728516,6.004001140594482,4441,0.2999324476469264,0.8593146718146719,0.1615054540778644,0.11764705882352941,0.1111111111111111,0.125,C1_grid,0.3
abalone_19,SMOTE,RF,3,4,0.0009999275207519531,0.23799920082092285,4441,0.2999324476469264,0.7583252895752897,0.025850167902449185,0.04545454545454545,0.027777777777777776,0.125,C1_grid,0.3
abalone_19,SMOTE,LGBM,3,4,0.0009999275207519531,0.051000356674194336,4441,0.2999324476469264,0.7245415057915058,0.03165006955567814,0.07142857142857144,0.05,0.125,C1_grid,0.3
abalone_19,SMOTE,MLP,3,4,0.0009999275207519531,5.724000453948975,4441,0.2999324476469264,0.7846283783783784,0.025429886909298823,0.0,0.0,0.0,C1_grid,0.3
abalone_19,SMOTE,RF,0,4,0.0010001659393310547,0.25774049758911133,5180,0.4,0.7791706846673095,0.04262980313171363,0.03921568627450981,0.023255813953488372,0.125,C1_grid,0.4
abalone_19,SMOTE,LGBM,0,4,0.0010001659393310547,0.060997724533081055,5180,0.4,0.8050867888138863,0.14973992953990467,0.1,0.08333333333333333,0.125,C1_grid,0.4
abalone_19,SMOTE,MLP,0,4,0.0010001659393310547,5.367000341415405,5180,0.4,0.709016393442623,0.016845224206447722,0.0,0.0,0.0,C1_grid,0.4
abalone_19,SMOTE,RF,1,4,0.0010001659393310547,0.25099968910217285,5181,0.3999227948272534,0.7828185328185326,0.028343440145240574,0.03389830508474576,0.0196078431372549,0.125,C1_grid,0.4
abalone_19,SMOTE,LGBM,1,4,0.0010001659393310547,0.06399703025817871,5181,0.3999227948272534,0.7993484555984557,0.028841032816787807,0.0,0.0,0.0,C1_grid,0.4
abalone_19,SMOTE,MLP,1,4,0.0010001659393310547,5.932001113891602,5181,0.3999227948272534,0.7623069498069498,0.030493268535286305,0.0,0.0,0.0,C1_grid,0.4
abalone_19,SMOTE,RF,2,4,0.0009999275207519531,0.24747347831726074,5181,0.3999227948272534,0.8724662162162162,0.05160649758404244,0.09999999999999999,0.05555555555555555,0.5,C1_grid,0.4
abalone_19,SMOTE,LGBM,2,4,0.0009999275207519531,0.053999900817871094,5181,0.3999227948272534,0.8938223938223939,0.08013103535038721,0.13793103448275862,0.09523809523809523,0.25,C1_grid,0.4
abalone_19,SMOTE,MLP,2,4,0.0009999275207519531,5.089999675750732,5181,0.3999227948272534,0.8699324324324326,0.17048862773679818,0.15999999999999998,0.11764705882352941,0.25,C1_grid,0.4
abalone_19,SMOTE,RF,3,4,0.0009999275207519531,0.24300003051757812,5181,0.3999227948272534,0.7761824324324325,0.026936586952704886,0.03921568627450981,0.023255813953488372,0.125,C1_grid,0.4
abalone_19,SMOTE,LGBM,3,4,0.0009999275207519531,0.08300065994262695,5181,0.3999227948272534,0.6304898648648648,0.030789326762801276,0.07407407407407407,0.05263157894736842,0.125,C1_grid,0.4
abalone_19,SMOTE,MLP,3,4,0.0009999275207519531,4.258000373840332,5181,0.3999227948272534,0.803692084942085,0.029285530416856824,0.0,0.0,0.0,C1_grid,0.4
abalone_19,SMOTE,RF,0,4,0.0009999275207519531,0.27699995040893555,6216,0.5,0.7557859209257473,0.04121232493954079,0.04,0.023809523809523808,0.125,C1_grid,0.5
abalone_19,SMOTE,LGBM,0,4,0.0009999275207519531,0.06299996376037598,6216,0.5,0.7964079074252652,0.14592587140793867,0.11764705882352941,0.1111111111111111,0.125,C1_grid,0.5
abalone_19,SMOTE,MLP,0,4,0.0009999275207519531,6.274278163909912,6216,0.5,0.6950337512054001,0.01991427917923261,0.0,0.0,0.0,C1_grid,0.5
abalone_19,SMOTE,RF,1,4,0.002001047134399414,0.2835099697113037,6218,0.5,0.769847972972973,0.025953371292056625,0.0303030303030303,0.017241379310344827,0.125,C1_grid,0.5
abalone_19,SMOTE,LGBM,1,4,0.002001047134399414,0.06200051307678223,6218,0.5,0.7825772200772201,0.027041038459959286,0.0,0.0,0.0,C1_grid,0.5
abalone_19,SMOTE,MLP,1,4,0.002001047134399414,5.785304307937622,6218,0.5,0.7648407335907336,0.03286270891957393,0.0,0.0,0.0,C1_grid,0.5
abalone_19,SMOTE,RF,2,4,0.0010004043579101562,0.28599977493286133,6218,0.5,0.8747586872586873,0.047939448833181283,0.10526315789473684,0.058823529411764705,0.5,C1_grid,0.5
abalone_19,SMOTE,LGBM,2,4,0.0010004043579101562,0.06395792961120605,6218,0.5,0.8845318532818532,0.044786405563497875,0.0,0.0,0.0,C1_grid,0.5
abalone_19,SMOTE,MLP,2,4,0.0010004043579101562,7.277000427246094,6218,0.5,0.8588320463320462,0.15860666172814242,0.09523809523809525,0.07692307692307693,0.125,C1_grid,0.5
abalone_19,SMOTE,RF,3,4,0.002000093460083008,0.2680649757385254,6218,0.5,0.7387789575289575,0.025120134188328692,0.03773584905660377,0.022222222222222223,0.125,C1_grid,0.5
abalone_19,SMOTE,LGBM,3,4,0.002000093460083008,0.06699872016906738,6218,0.5,0.7077702702702703,0.028699934041824735,0.07407407407407407,0.05263157894736842,0.125,C1_grid,0.5
abalone_19,SMOTE,MLP,3,4,0.002000093460083008,5.40700101852417,6218,0.5,0.7937982625482626,0.030321686253851475,0.09523809523809525,0.07692307692307693,0.125,C1_grid,0.5
abalone_19,ADASYN,RF,0,4,0.005000114440917969,0.21867775917053223,3890,0.20102827763496145,0.7745901639344263,0.027184596113248322,0.04878048780487805,0.030303030303030304,0.125,C1_grid,0.2
abalone_19,ADASYN,LGBM,0,4,0.005000114440917969,0.056997060775756836,3890,0.20102827763496145,0.7858003857280617,0.1428084287427182,0.07692307692307691,0.05555555555555555,0.125,C1_grid,0.2
abalone_19,ADASYN,MLP,0,4,0.005000114440917969,4.63700008392334,3890,0.20102827763496145,0.6943105110896818,0.018380893975860204,0.0,0.0,0.0,C1_grid,0.2
abalone_19,ADASYN,RF,1,4,0.004999637603759766,0.22800016403198242,3883,0.19933041462786505,0.7959097490347491,0.0320680135225321,0.03278688524590164,0.018867924528301886,0.125,C1_grid,0.2
abalone_19,ADASYN,LGBM,1,4,0.004999637603759766,0.05099606513977051,3883,0.19933041462786505,0.8136462355212355,0.04070100455165106,0.1,0.0625,0.25,C1_grid,0.2
abalone_19,ADASYN,MLP,1,4,0.004999637603759766,4.342832803726196,3883,0.19933041462786505,0.7483108108108109,0.030172652560123418,0.0,0.0,0.0,C1_grid,0.2
abalone_19,ADASYN,RF,2,4,0.005000114440917969,0.22499990463256836,3894,0.20159219311761684,0.863296332046332,0.061734920825593086,0.07407407407407407,0.0410958904109589,0.375,C1_grid,0.2
abalone_19,ADASYN,LGBM,2,4,0.005000114440917969,0.05399918556213379,3894,0.20159219311761684,0.822273166023166,0.031113329552875622,0.0,0.0,0.0,C1_grid,0.2
abalone_19,ADASYN,MLP,2,4,0.005000114440917969,4.57300066947937,3894,0.20159219311761684,0.8562982625482625,0.06318090691118884,0.06451612903225806,0.043478260869565216,0.125,C1_grid,0.2
abalone_19,ADASYN,RF,3,4,0.005000114440917969,0.2347397804260254,3890,0.20077120822622108,0.7887306949806949,0.03773953267015677,0.0303030303030303,0.017241379310344827,0.125,C1_grid,0.2
abalone_19,ADASYN,LGBM,3,4,0.005000114440917969,0.05299973487854004,3890,0.20077120822622108,0.6557673745173745,0.07623448925758991,0.052631578947368425,0.03333333333333333,0.125,C1_grid,0.2
abalone_19,ADASYN,MLP,3,4,0.005000114440917969,5.286803722381592,3890,0.20077120822622108,0.8068291505791505,0.029140358206920784,0.0,0.0,0.0,C1_grid,0.2
abalone_19,ADASYN,RF,0,4,0.0050008296966552734,0.2409989833831787,4441,0.3001576221571718,0.7801350048216008,0.04125291859637671,0.04,0.023809523809523808,0.125,C1_grid,0.3
abalone_19,ADASYN,LGBM,0,4,0.0050008296966552734,0.059000253677368164,4441,0.3001576221571718,0.7286644165863065,0.14329192601017934,0.09523809523809525,0.07692307692307693,0.125,C1_grid,0.3
abalone_19,ADASYN,MLP,0,4,0.0050008296966552734,5.086000442504883,4441,0.3001576221571718,0.6878013500482161,0.01660598555123401,0.0,0.0,0.0,C1_grid,0.3
abalone_19,ADASYN,RF,1,4,0.006000041961669922,0.24109745025634766,4444,0.3004050405040504,0.7999517374517374,0.033429250872083316,0.028985507246376815,0.01639344262295082,0.125,C1_grid,0.3
abalone_19,ADASYN,LGBM,1,4,0.006000041961669922,0.05800032615661621,4444,0.3004050405040504,0.8064068532818534,0.04605834317695268,0.05555555555555556,0.03571428571428571,0.125,C1_grid,0.3
abalone_19,ADASYN,MLP,1,4,0.006000041961669922,4.8440001010894775,4444,0.3004050405040504,0.7481901544401545,0.03016922143820092,0.0,0.0,0.0,C1_grid,0.3
abalone_19,ADASYN,RF,2,4,0.0050013065338134766,0.2352001667022705,4442,0.30009004952724,0.8665540540540541,0.04407147477460463,0.075,0.041666666666666664,0.375,C1_grid,0.3
abalone_19,ADASYN,LGBM,2,4,0.0050013065338134766,0.05399918556213379,4442,0.30009004952724,0.8687258687258687,0.03826531946024942,0.05128205128205128,0.03225806451612903,0.125,C1_grid,0.3
abalone_19,ADASYN,MLP,2,4,0.0050013065338134766,4.359000205993652,4442,0.30009004952724,0.865226833976834,0.07248927066503469,0.06896551724137931,0.047619047619047616,0.125,C1_grid,0.3
abalone_19,ADASYN,RF,3,4,0.004999876022338867,0.2329998016357422,4441,0.2999324476469264,0.7730453667953668,0.036650453490588195,0.03125,0.017857142857142856,0.125,C1_grid,0.3
abalone_19,ADASYN,LGBM,3,4,0.004999876022338867,0.05099964141845703,4441,0.2999324476469264,0.6124517374517375,0.054331191158370075,0.05714285714285714,0.037037037037037035,0.125,C1_grid,0.3
abalone_19,ADASYN,MLP,3,4,0.004999876022338867,3.9620003700256348,4441,0.2999324476469264,0.7890926640926641,0.027333371108211532,0.0,0.0,0.0,C1_grid,0.3
abalone_19,ADASYN,RF,0,4,0.005000114440917969,0.2569999694824219,5178,0.39976825028968715,0.7667550626808101,0.037100842166745016,0.0425531914893617,0.02564102564102564,0.125,C1_grid,0.4
abalone_19,ADASYN,LGBM,0,4,0.005000114440917969,0.060999393463134766,5178,0.39976825028968715,0.7005785920925748,0.14037413034845267,0.09090909090909091,0.07142857142857142,0.125,C1_grid,0.4
abalone_19,ADASYN,MLP,0,4,0.005000114440917969,4.912000417709351,5178,0.39976825028968715,0.6868370298939248,0.01604786076161911,0.0,0.0,0.0,C1_grid,0.4
abalone_19,ADASYN,RF,1,4,0.006000518798828125,0.2539997100830078,5191,0.40107879021383164,0.7895752895752896,0.03102232777627046,0.054054054054054064,0.030303030303030304,0.25,C1_grid,0.4
abalone_19,ADASYN,LGBM,1,4,0.006000518798828125,0.059999704360961914,5191,0.40107879021383164,0.7877051158301158,0.043639250260421314,0.06896551724137931,0.047619047619047616,0.125,C1_grid,0.4
abalone_19,ADASYN,MLP,1,4,0.006000518798828125,6.713000774383545,5191,0.40107879021383164,0.7392615830115831,0.026904223787589672,0.0,0.0,0.0,C1_grid,0.4
abalone_19,ADASYN,RF,2,4,0.005000114440917969,0.2554452419281006,5180,0.3998069498069498,0.8775337837837838,0.04689331303261584,0.07058823529411765,0.03896103896103896,0.375,C1_grid,0.4
abalone_19,ADASYN,LGBM,2,4,0.005000114440917969,0.059999942779541016,5180,0.3998069498069498,0.8827220077220077,0.05059831486104369,0.11111111111111112,0.07142857142857142,0.25,C1_grid,0.4
abalone_19,ADASYN,MLP,2,4,0.005000114440917969,5.120001316070557,5180,0.3998069498069498,0.8494208494208494,0.07189548343434135,0.08695652173913045,0.06666666666666667,0.125,C1_grid,0.4
abalone_19,ADASYN,RF,3,4,0.00599980354309082,0.2596864700317383,5179,0.3996910600502027,0.7603764478764479,0.03206477751321094,0.027777777777777776,0.015625,0.125,C1_grid,0.4
abalone_19,ADASYN,LGBM,3,4,0.00599980354309082,0.05300021171569824,5179,0.3996910600502027,0.680019305019305,0.054765558111459424,0.05,0.03125,0.125,C1_grid,0.4
abalone_19,ADASYN,MLP,3,4,0.00599980354309082,6.172661304473877,5179,0.3996910600502027,0.8120173745173745,0.02895093770966023,0.0,0.0,0.0,C1_grid,0.4
abalone_19,ADASYN,RF,0,4,0.006000041961669922,0.28600001335144043,6213,0.49975857073877356,0.7601253616200578,0.025527428816332118,0.03703703703703704,0.021739130434782608,0.125,C1_grid,0.5
abalone_19,ADASYN,LGBM,0,4,0.006000041961669922,0.05300021171569824,6213,0.49975857073877356,0.8149710703953713,0.14649522972621767,0.11111111111111112,0.1,0.125,C1_grid,0.5
abalone_19,ADASYN,MLP,0,4,0.006000041961669922,5.840000867843628,6213,0.49975857073877356,0.7101012536162006,0.016350376932912986,0.0,0.0,0.0,C1_grid,0.5
abalone_19,ADASYN,RF,1,4,0.004999876022338867,0.27300024032592773,6220,0.50016077170418,0.787403474903475,0.03063709204909611,0.027777777777777776,0.015625,0.125,C1_grid,0.5
abalone_19,ADASYN,LGBM,1,4,0.004999876022338867,0.06500005722045898,6220,0.50016077170418,0.7834821428571428,0.036992672836626585,0.06666666666666667,0.045454545454545456,0.125,C1_grid,0.5
abalone_19,ADASYN,MLP,1,4,0.004999876022338867,4.836001396179199,6220,0.50016077170418,0.7521718146718147,0.027047830562059293,0.0,0.0,0.0,C1_grid,0.5
abalone_19,ADASYN,RF,2,4,0.005998849868774414,0.27932119369506836,6227,0.5007226593865425,0.8751206563706564,0.043551840452111426,0.06818181818181818,0.0375,0.375,C1_grid,0.5
abalone_19,ADASYN,LGBM,2,4,0.005998849868774414,0.06299877166748047,6227,0.5007226593865425,0.8451978764478764,0.03559171228158735,0.058823529411764705,0.038461538461538464,0.125,C1_grid,0.5
abalone_19,ADASYN,MLP,2,4,0.005998849868774414,5.0978662967681885,6227,0.5007226593865425,0.8667953667953667,0.15590646533897498,0.06060606060606061,0.04,0.125,C1_grid,0.5
abalone_19,ADASYN,RF,3,4,0.006000041961669922,0.2799999713897705,6214,0.4996781461216608,0.7713561776061776,0.028277101252029695,0.05263157894736842,0.029411764705882353,0.25,C1_grid,0.5
abalone_19,ADASYN,LGBM,3,4,0.006000041961669922,0.08700060844421387,6214,0.4996781461216608,0.7268339768339768,0.044871805762505906,0.058823529411764705,0.038461538461538464,0.125,C1_grid,0.5
abalone_19,ADASYN,MLP,3,4,0.006000041961669922,6.0873095989227295,6214,0.4996781461216608,0.7893339768339768,0.024273274786707315,0.0,0.0,0.0,C1_grid,0.5
abalone_19,G-SMOTE,RF,0,4,0.2180008888244629,0.22899913787841797,3885,0.2,0.7504821600771456,0.024326464576656055,0.06896551724137931,0.047619047619047616,0.125,C1_grid,0.2
abalone_19,G-SMOTE,LGBM,0,4,0.2180008888244629,0.05100083351135254,3885,0.2,0.7539778206364512,0.047511492030485825,0.11764705882352941,0.1111111111111111,0.125,C1_grid,0.2
abalone_19,G-SMOTE,MLP,0,4,0.2180008888244629,3.1216657161712646,3885,0.2,0.7137174541947927,0.018235110507597855,0.0,0.0,0.0,C1_grid,0.2
abalone_19,G-SMOTE,RF,1,4,0.2570009231567383,0.22699928283691406,3887,0.20015436068947776,0.7907215250965252,0.03247150984750646,0.09523809523809523,0.058823529411764705,0.25,C1_grid,0.2
abalone_19,G-SMOTE,LGBM,1,4,0.2570009231567383,0.0689995288848877,3887,0.20015436068947776,0.8236607142857143,0.03089422271275704,0.0,0.0,0.0,C1_grid,0.2
abalone_19,G-SMOTE,MLP,1,4,0.2570009231567383,4.279999494552612,3887,0.20015436068947776,0.7363658301158301,0.02600022362226139,0.0,0.0,0.0,C1_grid,0.2
abalone_19,G-SMOTE,RF,2,4,0.26900148391723633,0.22899866104125977,3887,0.20015436068947776,0.8010376447876448,0.05388431309453863,0.13793103448275865,0.08,0.5,C1_grid,0.2
abalone_19,G-SMOTE,LGBM,2,4,0.26900148391723633,0.058000802993774414,3887,0.20015436068947776,0.7989864864864865,0.04757920781275564,0.07692307692307691,0.05555555555555555,0.125,C1_grid,0.2
abalone_19,G-SMOTE,MLP,2,4,0.26900148391723633,5.324000358581543,3887,0.20015436068947776,0.868484555984556,0.16678029720827303,0.11764705882352941,0.1111111111111111,0.125,C1_grid,0.2
abalone_19,G-SMOTE,RF,3,4,0.23600125312805176,0.22699832916259766,3886,0.19994853319608852,0.7199565637065638,0.027001337179693448,0.04651162790697674,0.02857142857142857,0.125,C1_grid,0.2
abalone_19,G-SMOTE,LGBM,3,4,0.23600125312805176,0.05999898910522461,3886,0.19994853319608852,0.6996862934362935,0.046002296396328864,0.06666666666666667,0.045454545454545456,0.125,C1_grid,0.2
abalone_19,G-SMOTE,MLP,3,4,0.23600125312805176,4.401000499725342,3886,0.19994853319608852,0.7887306949806949,0.02873825547843071,0.0,0.0,0.0,C1_grid,0.2
abalone_19,G-SMOTE,RF,0,4,0.27100110054016113,0.3249988555908203,4441,0.3001576221571718,0.6992526518804243,0.02018186546499958,0.058823529411764705,0.038461538461538464,0.125,C1_grid,0.3
abalone_19,G-SMOTE,LGBM,0,4,0.27100110054016113,0.05499982833862305,4441,0.3001576221571718,0.7671166827386692,0.033384204311817885,0.0,0.0,0.0,C1_grid,0.3
abalone_19,G-SMOTE,MLP,0,4,0.27100110054016113,5.099001169204712,4441,0.3001576221571718,0.7055207328833173,0.01671154787311414,0.0,0.0,0.0,C1_grid,0.3
abalone_19,G-SMOTE,RF,1,4,0.2519991397857666,0.23187994956970215,4441,0.2999324476469264,0.7807673745173744,0.02687628580757384,0.04081632653061225,0.024390243902439025,0.125,C1_grid,0.3
abalone_19,G-SMOTE,LGBM,1,4,0.2519991397857666,0.06299948692321777,4441,0.2999324476469264,0.8159387065637066,0.027541251536467026,0.0,0.0,0.0,C1_grid,0.3
abalone_19,G-SMOTE,MLP,1,4,0.2519991397857666,5.493013143539429,4441,0.2999324476469264,0.7549469111969113,0.028359974705833253,0.0,0.0,0.0,C1_grid,0.3
abalone_19,G-SMOTE,RF,2,4,0.29000115394592285,0.23399877548217773,4441,0.2999324476469264,0.8215492277992278,0.058526534556524915,0.12903225806451613,0.07407407407407407,0.5,C1_grid,0.3
abalone_19,G-SMOTE,LGBM,2,4,0.29000115394592285,0.057997941970825195,4441,0.2999324476469264,0.8798865830115831,0.049268262934276205,0.06896551724137931,0.047619047619047616,0.125,C1_grid,0.3
abalone_19,G-SMOTE,MLP,2,4,0.29000115394592285,4.571536302566528,4441,0.2999324476469264,0.8541264478764479,0.09280846562920808,0.09090909090909091,0.07142857142857142,0.125,C1_grid,0.3
abalone_19,G-SMOTE,RF,3,4,0.2180006504058838,0.23599982261657715,4440,0.29977477477477477,0.7834218146718146,0.027788509829808076,0.0425531914893617,0.02564102564102564,0.125,C1_grid,0.3
abalone_19,G-SMOTE,LGBM,3,4,0.2180006504058838,0.05300021171569824,4440,0.29977477477477477,0.6648166023166023,0.026921528334457007,0.06666666666666667,0.045454545454545456,0.125,C1_grid,0.3
abalone_19,G-SMOTE,MLP,3,4,0.2180006504058838,4.859902858734131,4440,0.29977477477477477,0.7895752895752896,0.030315703999894146,0.0,0.0,0.0,C1_grid,0.3
abalone_19,G-SMOTE,RF,0,4,0.23400068283081055,0.2586245536804199,5180,0.4,0.7328833172613307,0.02158635100479156,0.06451612903225806,0.043478260869565216,0.125,C1_grid,0.4
abalone_19,G-SMOTE,LGBM,0,4,0.23400068283081055,0.06000018119812012,5180,0.4,0.8060511089681774,0.032221152387777605,0.11111111111111112,0.1,0.125,C1_grid,0.4
abalone_19,G-SMOTE,MLP,0,4,0.23400068283081055,5.337001085281372,5180,0.4,0.7131147540983607,0.018186146344293858,0.0,0.0,0.0,C1_grid,0.4
abalone_19,G-SMOTE,RF,1,4,0.24167323112487793,0.2559995651245117,5181,0.3999227948272534,0.7610400579150578,0.025213433406544535,0.03333333333333334,0.019230769230769232,0.125,C1_grid,0.4
abalone_19,G-SMOTE,LGBM,1,4,0.24167323112487793,0.06599903106689453,5181,0.3999227948272534,0.8059242277992278,0.026058383176958765,0.0,0.0,0.0,C1_grid,0.4
abalone_19,G-SMOTE,MLP,1,4,0.24167323112487793,7.496250152587891,5181,0.3999227948272534,0.7508445945945945,0.02632691861434377,0.0,0.0,0.0,C1_grid,0.4
abalone_19,G-SMOTE,RF,2,4,0.28099894523620605,0.25999951362609863,5182,0.40003859513701273,0.7996500965250966,0.05862784001789257,0.14545454545454545,0.0851063829787234,0.5,C1_grid,0.4
abalone_19,G-SMOTE,LGBM,2,4,0.28099894523620605,0.07500004768371582,5182,0.40003859513701273,0.869148166023166,0.05928347391018563,0.08333333333333333,0.0625,0.125,C1_grid,0.4
abalone_19,G-SMOTE,MLP,2,4,0.28099894523620605,5.346527814865112,5182,0.40003859513701273,0.8606418918918919,0.1619861773503074,0.09090909090909091,0.07142857142857142,0.125,C1_grid,0.4
abalone_19,G-SMOTE,RF,3,4,0.24699735641479492,0.24899983406066895,5181,0.3999227948272534,0.763030888030888,0.026845678976585928,0.04,0.023809523809523808,0.125,C1_grid,0.4
abalone_19,G-SMOTE,LGBM,3,4,0.24699735641479492,0.08199691772460938,5181,0.3999227948272534,0.7176640926640926,0.03235451543863553,0.06896551724137931,0.047619047619047616,0.125,C1_grid,0.4
abalone_19,G-SMOTE,MLP,3,4,0.24699735641479492,4.833000659942627,5181,0.3999227948272534,0.7916264478764479,0.030198682232142428,0.0,0.0,0.0,C1_grid,0.4
abalone_19,G-SMOTE,RF,0,4,0.2890021800994873,0.27199792861938477,6217,0.5000804246421103,0.7284233365477338,0.02215974966912593,0.0625,0.041666666666666664,0.125,C1_grid,0.5
abalone_19,G-SMOTE,LGBM,0,4,0.2890021800994873,0.06494712829589844,6217,0.5000804246421103,0.7569913211186113,0.039177184429897864,0.13333333333333333,0.14285714285714285,0.125,C1_grid,0.5
abalone_19,G-SMOTE,MLP,0,4,0.2890021800994873,5.962000846862793,6217,0.5000804246421103,0.6956364513018323,0.01573256412191443,0.0,0.0,0.0,C1_grid,0.5
abalone_19,G-SMOTE,RF,1,4,0.24100089073181152,0.2629988193511963,6219,0.5000803987779385,0.7764237451737452,0.026404302333520882,0.03571428571428571,0.020833333333333332,0.125,C1_grid,0.5
abalone_19,G-SMOTE,LGBM,1,4,0.24100089073181152,0.06399965286254883,6219,0.5000803987779385,0.7875844594594594,0.025651971343328358,0.0,0.0,0.0,C1_grid,0.5
abalone_19,G-SMOTE,MLP,1,4,0.24100089073181152,6.332001209259033,6219,0.5000803987779385,0.7829391891891891,0.03363610659715688,0.0,0.0,0.0,C1_grid,0.5
abalone_19,G-SMOTE,RF,2,4,0.259998083114624,0.26999855041503906,6218,0.5,0.7297297297297297,0.05316380368309223,0.12903225806451613,0.07407407407407407,0.5,C1_grid,0.5
abalone_19,G-SMOTE,LGBM,2,4,0.259998083114624,0.0650022029876709,6218,0.5,0.830055501930502,0.05264086158362235,0.09090909090909091,0.07142857142857142,0.125,C1_grid,0.5
abalone_19,G-SMOTE,MLP,2,4,0.259998083114624,9.191353797912598,6218,0.5,0.8491795366795366,0.1549608406175263,0.08695652173913045,0.06666666666666667,0.125,C1_grid,0.5
abalone_19,G-SMOTE,RF,3,4,0.2350020408630371,0.26799798011779785,6218,0.5,0.7162162162162162,0.02824919042697408,0.07692307692307693,0.045454545454545456,0.25,C1_grid,0.5
abalone_19,G-SMOTE,LGBM,3,4,0.2350020408630371,0.06100058555603027,6218,0.5,0.6792953667953668,0.030432215445086945,0.07692307692307691,0.05555555555555555,0.125,C1_grid,0.5
abalone_19,G-SMOTE,MLP,3,4,0.2350020408630371,5.508002042770386,6218,0.5,0.783542471042471,0.027808984167162366,0.0,0.0,0.0,C1_grid,0.5
abalone_19,CTGAN,RF,0,4,1.9910008907318115,0.22452735900878906,3885,0.2,0.7530135004821601,0.0236544130930484,0.0,0.0,0.0,C1_grid,0.2
abalone_19,CTGAN,LGBM,0,4,1.9910008907318115,0.05399680137634277,3885,0.2,0.8244334619093538,0.07693715011113339,0.0,0.0,0.0,C1_grid,0.2
abalone_19,CTGAN,MLP,0,4,1.9910008907318115,3.512993812561035,3885,0.2,0.759884281581485,0.04117415825694157,0.0,0.0,0.0,C1_grid,0.2
abalone_19,CTGAN,RF,1,4,1.8409998416900635,0.21300029754638672,3886,0.19994853319608852,0.7170608108108107,0.019916174103613345,0.0,0.0,0.0,C1_grid,0.2
abalone_19,CTGAN,LGBM,1,4,1.8409998416900635,0.05299949645996094,3886,0.19994853319608852,0.7396235521235521,0.020089777643848714,0.0,0.0,0.0,C1_grid,0.2
abalone_19,CTGAN,MLP,1,4,1.8409998416900635,5.515999794006348,3886,0.19994853319608852,0.7296090733590734,0.02947116708536269,0.0,0.0,0.0,C1_grid,0.2
abalone_19,CTGAN,RF,2,4,1.9789998531341553,0.21700024604797363,3886,0.19994853319608852,0.750965250965251,0.028094295646165474,0.0,0.0,0.0,C1_grid,0.2
abalone_19,CTGAN,LGBM,2,4,1.9789998531341553,0.049001216888427734,3886,0.19994853319608852,0.540661196911197,0.017064331285581595,0.0,0.0,0.0,C1_grid,0.2
abalone_19,CTGAN,MLP,2,4,1.9789998531341553,5.273710250854492,3886,0.19994853319608852,0.8339768339768341,0.03077767968731777,0.0,0.0,0.0,C1_grid,0.2
abalone_19,CTGAN,RF,3,4,1.9709999561309814,0.22499990463256836,3886,0.19994853319608852,0.7072876447876448,0.02406229414987767,0.0,0.0,0.0,C1_grid,0.2
abalone_19,CTGAN,LGBM,3,4,1.9709999561309814,0.05799698829650879,3886,0.19994853319608852,0.6402630308880308,0.037788304612813454,0.13333333333333333,0.14285714285714285,0.125,C1_grid,0.2
abalone_19,CTGAN,MLP,3,4,1.9709999561309814,5.907000541687012,3886,0.19994853319608852,0.8264961389961389,0.02819442049698153,0.0,0.0,0.0,C1_grid,0.2
abalone_19,CTGAN,RF,0,4,1.994999885559082,0.2330000400543213,4440,0.3,0.7720588235294117,0.02358182576389958,0.0,0.0,0.0,C1_grid,0.3
abalone_19,CTGAN,LGBM,0,4,1.994999885559082,0.059000253677368164,4440,0.3,0.6825578592092574,0.05973432481175855,0.0,0.0,0.0,C1_grid,0.3
abalone_19,CTGAN,MLP,0,4,1.994999885559082,5.239000558853149,4440,0.3,0.7372227579556413,0.04490622216905623,0.0,0.0,0.0,C1_grid,0.3
abalone_19,CTGAN,RF,1,4,1.8970022201538086,0.23599791526794434,4441,0.2999324476469264,0.6712717181467183,0.019483464497852432,0.0,0.0,0.0,C1_grid,0.3
abalone_19,CTGAN,LGBM,1,4,1.8970022201538086,0.10399746894836426,4441,0.2999324476469264,0.790661196911197,0.025115217199260697,0.0,0.0,0.0,C1_grid,0.3
abalone_19,CTGAN,MLP,1,4,1.8970022201538086,3.5180001258850098,4441,0.2999324476469264,0.7153716216216216,0.023703230464706283,0.0,0.0,0.0,C1_grid,0.3
abalone_19,CTGAN,RF,2,4,1.9699993133544922,0.22356271743774414,4441,0.2999324476469264,0.7347972972972973,0.028239413695513773,0.0,0.0,0.0,C1_grid,0.3
abalone_19,CTGAN,LGBM,2,4,1.9699993133544922,0.07500052452087402,4441,0.2999324476469264,0.6724179536679536,0.14547301547529273,0.2,0.5,0.125,C1_grid,0.3
abalone_19,CTGAN,MLP,2,4,1.9699993133544922,4.021111488342285,4441,0.2999324476469264,0.8529198841698842,0.031438865625898656,0.0,0.0,0.0,C1_grid,0.3
abalone_19,CTGAN,RF,3,4,2.0299997329711914,0.23800015449523926,4441,0.2999324476469264,0.6829150579150579,0.015847672670297262,0.0,0.0,0.0,C1_grid,0.3
abalone_19,CTGAN,LGBM,3,4,2.0299997329711914,0.045000553131103516,4441,0.2999324476469264,0.5824083011583012,0.03259341836503903,0.0,0.0,0.0,C1_grid,0.3
abalone_19,CTGAN,MLP,3,4,2.0299997329711914,5.610000371932983,4441,0.2999324476469264,0.7784749034749034,0.02400586926387711,0.0,0.0,0.0,C1_grid,0.3
abalone_19,CTGAN,RF,0,4,2.0269997119903564,0.2330002784729004,5180,0.4,0.7713355834136933,0.022165434597198445,0.0,0.0,0.0,C1_grid,0.4
abalone_19,CTGAN,LGBM,0,4,2.0269997119903564,0.05200052261352539,5180,0.4,0.575337512054002,0.05149366895724115,0.0,0.0,0.0,C1_grid,0.4
abalone_19,CTGAN,MLP,0,4,2.0269997119903564,2.7820003032684326,5180,0.4,0.7837512054001928,0.03109381040279542,0.0,0.0,0.0,C1_grid,0.4
abalone_19,CTGAN,RF,1,4,1.8859999179840088,0.24300003051757812,5181,0.3999227948272534,0.6885255791505792,0.02117917727529204,0.0,0.0,0.0,C1_grid,0.4
abalone_19,CTGAN,LGBM,1,4,1.8859999179840088,0.057999610900878906,5181,0.3999227948272534,0.7428812741312742,0.016579873150354626,0.0,0.0,0.0,C1_grid,0.4
abalone_19,CTGAN,MLP,1,4,1.8859999179840088,5.173864841461182,5181,0.3999227948272534,0.7000482625482626,0.02710701791529773,0.0,0.0,0.0,C1_grid,0.4
abalone_19,CTGAN,RF,2,4,1.9970018863677979,0.2409980297088623,5181,0.3999227948272534,0.7384169884169884,0.02228470023741222,0.0,0.0,0.0,C1_grid,0.4
abalone_19,CTGAN,LGBM,2,4,1.9970018863677979,0.057000160217285156,5181,0.3999227948272534,0.7088561776061776,0.15054364184251265,0.0,0.0,0.0,C1_grid,0.4
abalone_19,CTGAN,MLP,2,4,1.9970018863677979,3.588000535964966,5181,0.3999227948272534,0.8069498069498069,0.02714786991047552,0.0,0.0,0.0,C1_grid,0.4
abalone_19,CTGAN,RF,3,4,1.9110000133514404,0.23799991607666016,5181,0.3999227948272534,0.7656853281853282,0.03821594374729642,0.0,0.0,0.0,C1_grid,0.4
abalone_19,CTGAN,LGBM,3,4,1.9110000133514404,0.06800007820129395,5181,0.3999227948272534,0.587536196911197,0.020865239618560048,0.0,0.0,0.0,C1_grid,0.4
abalone_19,CTGAN,MLP,3,4,1.9110000133514404,5.278000593185425,5181,0.3999227948272534,0.8010376447876448,0.027228334911800597,0.0,0.0,0.0,C1_grid,0.4
abalone_19,CTGAN,RF,0,4,1.9309978485107422,0.24399971961975098,6216,0.5,0.7587994214079075,0.031587653758321906,0.0,0.0,0.0,C1_grid,0.5
abalone_19,CTGAN,LGBM,0,4,1.9309978485107422,0.057999372482299805,6216,0.5,0.7360173577627773,0.1640437545623066,0.0,0.0,0.0,C1_grid,0.5
abalone_19,CTGAN,MLP,0,4,1.9309978485107422,5.395000696182251,6216,0.5,0.7133558341369335,0.028062084903354958,0.0,0.0,0.0,C1_grid,0.5
abalone_19,CTGAN,RF,1,4,1.7870054244995117,0.26299500465393066,6218,0.5,0.7019787644787645,0.019213274078251345,0.0,0.0,0.0,C1_grid,0.5
abalone_19,CTGAN,LGBM,1,4,1.7870054244995117,0.05799984931945801,6218,0.5,0.7436655405405406,0.022226545888739922,0.0,0.0,0.0,C1_grid,0.5
abalone_19,CTGAN,MLP,1,4,1.7870054244995117,5.780015230178833,6218,0.5,0.7217664092664092,0.023827950555341124,0.0,0.0,0.0,C1_grid,0.5
abalone_19,CTGAN,RF,2,4,1.7355120182037354,0.2599949836730957,6218,0.5,0.8044160231660232,0.027972136806201975,0.0,0.0,0.0,C1_grid,0.5
abalone_19,CTGAN,LGBM,2,4,1.7355120182037354,0.057000160217285156,6218,0.5,0.6943774131274132,0.03610150974413033,0.0,0.0,0.0,C1_grid,0.5
abalone_19,CTGAN,MLP,2,4,1.7355120182037354,8.176898956298828,6218,0.5,0.756515444015444,0.019756311874664853,0.0,0.0,0.0,C1_grid,0.5
abalone_19,CTGAN,RF,3,4,1.731008768081665,0.25799131393432617,6218,0.5,0.7818532818532818,0.03186097899126788,0.0,0.0,0.0,C1_grid,0.5
abalone_19,CTGAN,LGBM,3,4,1.731008768081665,0.04999685287475586,6218,0.5,0.6469594594594594,0.04830419717397923,0.0,0.0,0.0,C1_grid,0.5
abalone_19,CTGAN,MLP,3,4,1.731008768081665,5.6090004444122314,6218,0.5,0.79621138996139,0.026021002981267933,0.0,0.0,0.0,C1_grid,0.5
abalone_19,TVAE,RF,0,4,1.0069997310638428,0.22900009155273438,3885,0.2,0.7744696239151398,0.03485650106245855,0.0,0.0,0.0,C1_grid,0.2
abalone_19,TVAE,LGBM,0,4,1.0069997310638428,0.0559999942779541,3885,0.2,0.7033510125361621,0.15813045035243942,0.36363636363636365,0.6666666666666666,0.25,C1_grid,0.2
abalone_19,TVAE,MLP,0,4,1.0069997310638428,5.544000625610352,3885,0.2,0.7772420443587271,0.034084764065419694,0.0,0.0,0.0,C1_grid,0.2
abalone_19,TVAE,RF,1,4,1.003002405166626,0.21999788284301758,3886,0.19994853319608852,0.7641771235521235,0.02467953392324974,0.0,0.0,0.0,C1_grid,0.2
abalone_19,TVAE,LGBM,1,4,1.003002405166626,0.05699920654296875,3886,0.19994853319608852,0.7066240347490348,0.022451224259426337,0.0,0.0,0.0,C1_grid,0.2
abalone_19,TVAE,MLP,1,4,1.003002405166626,3.091001033782959,3886,0.19994853319608852,0.7354005791505792,0.026522566260148265,0.0,0.0,0.0,C1_grid,0.2
abalone_19,TVAE,RF,2,4,1.123000144958496,0.23399972915649414,3886,0.19994853319608852,0.734676640926641,0.022844845459756225,0.0,0.0,0.0,C1_grid,0.2
abalone_19,TVAE,LGBM,2,4,1.123000144958496,0.059000253677368164,3886,0.19994853319608852,0.6904560810810811,0.14118775277003695,0.2222222222222222,1.0,0.125,C1_grid,0.2
abalone_19,TVAE,MLP,2,4,1.123000144958496,4.805001974105835,3886,0.19994853319608852,0.8832046332046333,0.05345791327599286,0.09523809523809525,0.07692307692307693,0.125,C1_grid,0.2
abalone_19,TVAE,RF,3,4,1.0860021114349365,0.22499799728393555,3886,0.19994853319608852,0.6693412162162162,0.014217203017077691,0.0,0.0,0.0,C1_grid,0.2
abalone_19,TVAE,LGBM,3,4,1.0860021114349365,0.05899977684020996,3886,0.19994853319608852,0.7000482625482625,0.01773019595978576,0.0,0.0,0.0,C1_grid,0.2
abalone_19,TVAE,MLP,3,4,1.0860021114349365,4.074000597000122,3886,0.19994853319608852,0.7379343629343629,0.02491404963600065,0.07407407407407407,0.05263157894736842,0.125,C1_grid,0.2
abalone_19,TVAE,RF,0,4,1.0289955139160156,0.22500014305114746,4440,0.3,0.7765188042430087,0.035700313830110554,0.0,0.0,0.0,C1_grid,0.3
abalone_19,TVAE,LGBM,0,4,1.0289955139160156,0.05299949645996094,4440,0.3,0.6614030858244937,0.09665712733483368,0.0,0.0,0.0,C1_grid,0.3
abalone_19,TVAE,MLP,0,4,1.0289955139160156,6.275000095367432,4440,0.3,0.7469864995178399,0.021608616719937856,0.0,0.0,0.0,C1_grid,0.3
abalone_19,TVAE,RF,1,4,1.1529996395111084,0.22900009155273438,4441,0.2999324476469264,0.730152027027027,0.022479192217988324,0.0,0.0,0.0,C1_grid,0.3
abalone_19,TVAE,LGBM,1,4,1.1529996395111084,0.057000160217285156,4441,0.2999324476469264,0.7383566602316602,0.02437333698887883,0.0,0.0,0.0,C1_grid,0.3
abalone_19,TVAE,MLP,1,4,1.1529996395111084,3.869000196456909,4441,0.2999324476469264,0.7586872586872586,0.034085901457455416,0.0,0.0,0.0,C1_grid,0.3
abalone_19,TVAE,RF,2,4,1.1969995498657227,0.22900032997131348,4441,0.2999324476469264,0.75,0.0207311708286278,0.0,0.0,0.0,C1_grid,0.3
abalone_19,TVAE,LGBM,2,4,1.1969995498657227,0.05500006675720215,4441,0.2999324476469264,0.555019305019305,0.0649181194625639,0.0,0.0,0.0,C1_grid,0.3
abalone_19,TVAE,MLP,2,4,1.1969995498657227,3.609553098678589,4441,0.2999324476469264,0.8871862934362935,0.06375552460651787,0.0,0.0,0.0,C1_grid,0.3
abalone_19,TVAE,RF,3,4,1.0980000495910645,0.23099994659423828,4441,0.2999324476469264,0.5957408301158301,0.011817545082587826,0.0,0.0,0.0,C1_grid,0.3
abalone_19,TVAE,LGBM,3,4,1.0980000495910645,0.05500006675720215,4441,0.2999324476469264,0.53125,0.012171500349411507,0.0,0.0,0.0,C1_grid,0.3
abalone_19,TVAE,MLP,3,4,1.0980000495910645,5.07400107383728,4441,0.2999324476469264,0.7233349420849421,0.02864364790907211,0.05555555555555556,0.03571428571428571,0.125,C1_grid,0.3
abalone_19,TVAE,RF,0,4,1.121999979019165,0.24000096321105957,5180,0.4,0.7710945033751205,0.03042178271301093,0.0,0.0,0.0,C1_grid,0.4
abalone_19,TVAE,LGBM,0,4,1.121999979019165,0.05200004577636719,5180,0.4,0.7971311475409837,0.2238634027460313,0.0,0.0,0.0,C1_grid,0.4
abalone_19,TVAE,MLP,0,4,1.121999979019165,4.320000171661377,5180,0.4,0.7642237222757955,0.020697751760552174,0.0,0.0,0.0,C1_grid,0.4
abalone_19,TVAE,RF,1,4,1.1749999523162842,0.23599982261657715,5181,0.3999227948272534,0.7551278957528957,0.02727837066797085,0.0,0.0,0.0,C1_grid,0.4
abalone_19,TVAE,LGBM,1,4,1.1749999523162842,0.059000492095947266,5181,0.3999227948272534,0.7229729729729729,0.026706954974120192,0.0,0.0,0.0,C1_grid,0.4
abalone_19,TVAE,MLP,1,4,1.1749999523162842,4.452000856399536,5181,0.3999227948272534,0.7778716216216217,0.04084693300161821,0.05405405405405405,0.034482758620689655,0.125,C1_grid,0.4
abalone_19,TVAE,RF,2,4,1.1959998607635498,0.24399995803833008,5181,0.3999227948272534,0.7696669884169884,0.027572192867132042,0.0,0.0,0.0,C1_grid,0.4
abalone_19,TVAE,LGBM,2,4,1.1959998607635498,0.059998512268066406,5181,0.3999227948272534,0.644546332046332,0.04029522999484527,0.0,0.0,0.0,C1_grid,0.4
abalone_19,TVAE,MLP,2,4,1.1959998607635498,2.949000358581543,5181,0.3999227948272534,0.888996138996139,0.043608724343762895,0.05714285714285714,0.037037037037037035,0.125,C1_grid,0.4
abalone_19,TVAE,RF,3,4,1.2190001010894775,0.2259998321533203,5181,0.3999227948272534,0.6614382239382239,0.013368363764483152,0.0,0.0,0.0,C1_grid,0.4
abalone_19,TVAE,LGBM,3,4,1.2190001010894775,0.05900001525878906,5181,0.3999227948272534,0.5931467181467182,0.02428510061452352,0.0,0.0,0.0,C1_grid,0.4
abalone_19,TVAE,MLP,3,4,1.2190001010894775,5.2990007400512695,5181,0.3999227948272534,0.7170608108108107,0.018854996746145526,0.0,0.0,0.0,C1_grid,0.4
abalone_19,TVAE,RF,0,4,1.233999490737915,0.2539999485015869,6216,0.5,0.7938765670202507,0.03414714997164484,0.0,0.0,0.0,C1_grid,0.5
abalone_19,TVAE,LGBM,0,4,1.233999490737915,0.050000667572021484,6216,0.5,0.7833895853423337,0.15605823783374323,0.0,0.0,0.0,C1_grid,0.5
abalone_19,TVAE,MLP,0,4,1.233999490737915,5.931000232696533,6216,0.5,0.7219141755062681,0.023635359648658406,0.052631578947368425,0.03333333333333333,0.125,C1_grid,0.5
abalone_19,TVAE,RF,1,4,1.1700093746185303,0.24200010299682617,6218,0.5,0.7134411196911197,0.026152194999275097,0.0,0.0,0.0,C1_grid,0.5
abalone_19,TVAE,LGBM,1,4,1.1700093746185303,0.05499982833862305,6218,0.5,0.6838803088803089,0.021046703521462446,0.0,0.0,0.0,C1_grid,0.5
abalone_19,TVAE,MLP,1,4,1.1700093746185303,4.402885675430298,6218,0.5,0.7472249034749034,0.03384089963058433,0.08888888888888889,0.05405405405405406,0.25,C1_grid,0.5
abalone_19,TVAE,RF,2,4,1.186999797821045,0.2559998035430908,6218,0.5,0.7326858108108109,0.02067684526472678,0.0,0.0,0.0,C1_grid,0.5
abalone_19,TVAE,LGBM,2,4,1.186999797821045,0.0599970817565918,6218,0.5,0.7224903474903476,0.024424385543006393,0.0,0.0,0.0,C1_grid,0.5
abalone_19,TVAE,MLP,2,4,1.186999797821045,6.090998888015747,6218,0.5,0.8480936293436293,0.04166750996025806,0.11428571428571428,0.07407407407407407,0.25,C1_grid,0.5
abalone_19,TVAE,RF,3,4,1.2589993476867676,0.247999906539917,6218,0.5,0.6815878378378378,0.014746718136029,0.0,0.0,0.0,C1_grid,0.5
abalone_19,TVAE,LGBM,3,4,1.2589993476867676,0.053998470306396484,6218,0.5,0.6675313706563706,0.02227014996835392,0.0,0.0,0.0,C1_grid,0.5
abalone_19,TVAE,MLP,3,4,1.2589993476867676,3.943000555038452,6218,0.5,0.7094594594594594,0.021977314908101352,0.05,0.03125,0.125,C1_grid,0.5
pageblocks,None,RF,0,3,0.0,0.20799970626831055,3648,0.004934210526315789,0.9992837465564739,0.8772069597069596,0.761904761904762,0.7272727272727273,0.8,C0_fixed0.50,
pageblocks,None,LGBM,0,3,0.0,0.03600025177001953,3648,0.004934210526315789,0.9982093663911845,0.7691727053140096,0.6666666666666666,0.6363636363636364,0.7,C0_fixed0.50,
pageblocks,None,MLP,0,3,0.0,1.4190001487731934,3648,0.004934210526315789,0.9995592286501377,0.9229292929292928,0.8571428571428572,0.8181818181818182,0.9,C0_fixed0.50,
pageblocks,None,RF,1,3,0.0,0.20245051383972168,3649,0.005206906001644286,0.9988980716253443,0.7723424723424723,0.7058823529411765,0.75,0.6666666666666666,C0_fixed0.50,
pageblocks,None,LGBM,1,3,0.0,0.03499937057495117,3649,0.005206906001644286,0.9992041628405265,0.8753468753468753,0.782608695652174,0.6428571428571429,1.0,C0_fixed0.50,
pageblocks,None,MLP,1,3,0.0,1.4200007915496826,3649,0.005206906001644286,0.9988980716253444,0.8327339327339329,0.7000000000000001,0.6363636363636364,0.7777777777777778,C0_fixed0.50,
pageblocks,None,RF,2,3,0.0,0.2011556625366211,3649,0.005206906001644286,0.9996326905417814,0.941919191919192,0.8571428571428571,0.75,1.0,C0_fixed0.50,
pageblocks,None,LGBM,2,3,0.0,0.03899884223937988,3649,0.005206906001644286,0.9993878175696358,0.8517195767195767,0.7999999999999999,0.7272727272727273,0.8888888888888888,C0_fixed0.50,
pageblocks,None,MLP,2,3,0.0,1.1600005626678467,3649,0.005206906001644286,0.9996326905417815,0.9278138528138529,0.7777777777777778,0.7777777777777778,0.7777777777777778,C0_fixed0.50,
pageblocks,SMOTE,RF,0,3,0.0009999275207519531,0.2782607078552246,7260,0.5,0.9991735537190082,0.8757783882783882,0.7272727272727272,0.6666666666666666,0.8,C0_fixed0.50,0.5
pageblocks,SMOTE,LGBM,0,3,0.0009999275207519531,0.05500006675720215,7260,0.5,0.9000826446280992,0.8278047447601903,0.8000000000000002,0.8,0.8,C0_fixed0.50,0.5
pageblocks,SMOTE,MLP,0,3,0.0009999275207519531,1.9140005111694336,7260,0.5,0.9996694214876033,0.941540404040404,0.8695652173913044,0.7692307692307693,1.0,C0_fixed0.50,0.5
pageblocks,SMOTE,RF,1,3,0.0009999275207519531,0.2780001163482666,7260,0.5,0.9992041628405265,0.8538800705467373,0.7777777777777778,0.7777777777777778,0.7777777777777778,C0_fixed0.50,0.5
pageblocks,SMOTE,LGBM,1,3,0.0009999275207519531,0.07499909400939941,7260,0.5,0.9990817263544537,0.7430335097001765,0.7777777777777778,0.7777777777777778,0.7777777777777778,C0_fixed0.50,0.5
pageblocks,SMOTE,MLP,1,3,0.0009999275207519531,1.6818153858184814,7260,0.5,0.9889194980104071,0.7341438191438193,0.7368421052631577,0.7,0.7777777777777778,C0_fixed0.50,0.5
pageblocks,SMOTE,RF,2,3,0.0009999275207519531,0.28299999237060547,7260,0.5,0.9996326905417814,0.9278138528138529,0.8571428571428571,0.75,1.0,C0_fixed0.50,0.5
pageblocks,SMOTE,LGBM,2,3,0.0009999275207519531,0.049997806549072266,7260,0.5,0.9992653810835628,0.8577040243706913,0.7999999999999999,0.7272727272727273,0.8888888888888888,C0_fixed0.50,0.5
pageblocks,SMOTE,MLP,2,3,0.0009999275207519531,1.685002326965332,7260,0.5,0.9993878175696358,0.8643658810325477,0.8421052631578948,0.8,0.8888888888888888,C0_fixed0.50,0.5
pageblocks,ADASYN,RF,0,3,0.00599980354309082,0.2849998474121094,7256,0.49972436604189635,0.999090909090909,0.8402272727272727,0.761904761904762,0.7272727272727273,0.8,C0_fixed0.50,0.5
pageblocks,ADASYN,LGBM,0,3,0.00599980354309082,0.06299996376037598,7256,0.49972436604189635,0.899641873278237,0.7216756728120364,0.761904761904762,0.7272727272727273,0.8,C0_fixed0.50,0.5
pageblocks,ADASYN,MLP,0,3,0.00599980354309082,3.3670010566711426,7256,0.49972436604189635,0.9994490358126721,0.8979292929292929,0.8571428571428572,0.8181818181818182,0.9,C0_fixed0.50,0.5
pageblocks,ADASYN,RF,1,3,0.004998922348022461,0.2759997844696045,7260,0.5,0.9992041628405265,0.8287477954144622,0.8421052631578948,0.8,0.8888888888888888,C0_fixed0.50,0.5
pageblocks,ADASYN,LGBM,1,3,0.004998922348022461,0.05500054359436035,7260,0.5,0.9994490358126722,0.8909171075837745,0.8421052631578948,0.8,0.8888888888888888,C0_fixed0.50,0.5
pageblocks,ADASYN,MLP,1,3,0.004998922348022461,1.6280014514923096,7260,0.5,0.9862258953168044,0.7300519197578024,0.7777777777777778,0.7777777777777778,0.7777777777777778,C0_fixed0.50,0.5
pageblocks,ADASYN,RF,2,3,0.006000041961669922,0.2700002193450928,7257,0.4997933030177759,0.9998163452708907,0.9674523007856342,0.8421052631578948,0.8,0.8888888888888888,C0_fixed0.50,0.5
pageblocks,ADASYN,LGBM,2,3,0.006000041961669922,0.06599903106689453,7257,0.4997933030177759,0.9993572084481176,0.8501322751322753,0.7777777777777778,0.7777777777777778,0.7777777777777778,C0_fixed0.50,0.5
pageblocks,ADASYN,MLP,2,3,0.006000041961669922,1.665001630783081,7257,0.4997933030177759,0.9993878175696358,0.8733605900272566,0.9,0.8181818181818182,1.0,C0_fixed0.50,0.5
pageblocks,G-SMOTE,RF,0,3,0.20100092887878418,0.26599931716918945,7060,0.48583569405099153,0.9992837465564738,0.8866008991008991,0.7272727272727272,0.6666666666666666,0.8,C0_fixed0.50,0.5
pageblocks,G-SMOTE,LGBM,0,3,0.20100092887878418,0.06500005722045898,7060,0.48583569405099153,0.9004683195592287,0.8189182870536461,0.8000000000000002,0.8,0.8,C0_fixed0.50,0.5
pageblocks,G-SMOTE,MLP,0,3,0.20100092887878418,3.2257561683654785,7060,0.48583569405099153,0.9994490358126722,0.9022333222333222,0.8695652173913044,0.7692307692307693,1.0,C0_fixed0.50,0.5
pageblocks,G-SMOTE,RF,1,3,0.194000244140625,0.2669956684112549,6879,0.47230702136938507,0.9992041628405265,0.8287477954144622,0.7777777777777778,0.7777777777777778,0.7777777777777778,C0_fixed0.50,0.5
pageblocks,G-SMOTE,LGBM,1,3,0.194000244140625,0.05000019073486328,6879,0.47230702136938507,0.9993572084481176,0.8764260430927099,0.7777777777777778,0.7777777777777778,0.7777777777777778,C0_fixed0.50,0.5
pageblocks,G-SMOTE,MLP,1,3,0.194000244140625,2.1900007724761963,6879,0.47230702136938507,0.9536577900214265,0.7145349982468374,0.823529411764706,0.875,0.7777777777777778,C0_fixed0.50,0.5
pageblocks,G-SMOTE,RF,2,3,0.2220008373260498,0.2819991111755371,7259,0.4999311199889792,0.9995714722987451,0.9202380952380953,0.8571428571428571,0.75,1.0,C0_fixed0.50,0.5
pageblocks,G-SMOTE,LGBM,2,3,0.2220008373260498,0.059000492095947266,7259,0.4999311199889792,0.9992653810835629,0.8487093153759822,0.8571428571428571,0.75,1.0,C0_fixed0.50,0.5
pageblocks,G-SMOTE,MLP,2,3,0.2220008373260498,1.458796501159668,7259,0.4999311199889792,0.9992653810835629,0.8233605900272567,0.9,0.8181818181818182,1.0,C0_fixed0.50,0.5
pageblocks,CTGAN,RF,0,3,1.937999963760376,0.2710001468658447,7260,0.5,0.9977961432506888,0.7340384615384614,0.64,0.5333333333333333,0.8,C0_fixed0.50,0.5
pageblocks,CTGAN,LGBM,0,3,1.937999963760376,0.059000253677368164,7260,0.5,0.9978787878787877,0.7275145687645688,0.6956521739130435,0.6153846153846154,0.8,C0_fixed0.50,0.5
pageblocks,CTGAN,MLP,0,3,1.937999963760376,2.2120022773742676,7260,0.5,0.9965840220385674,0.4615164952007057,0.6,0.45,0.9,C0_fixed0.50,0.5
pageblocks,CTGAN,RF,1,3,1.9649996757507324,0.26999950408935547,7260,0.5,0.9983471074380166,0.7039682539682539,0.6956521739130435,0.5714285714285714,0.8888888888888888,C0_fixed0.50,0.5
pageblocks,CTGAN,LGBM,1,3,1.9649996757507324,0.0540003776550293,7260,0.5,0.9979185797367615,0.6838149504816171,0.6956521739130435,0.5714285714285714,0.8888888888888888,C0_fixed0.50,0.5
pageblocks,CTGAN,MLP,1,3,1.9649996757507324,2.7370002269744873,7260,0.5,0.9989592898683808,0.86235754985755,0.7272727272727274,0.6153846153846154,0.8888888888888888,C0_fixed0.50,0.5
pageblocks,CTGAN,RF,2,3,1.9449958801269531,0.2909998893737793,7260,0.5,0.9977349250076523,0.7278347197464845,0.5925925925925926,0.4444444444444444,0.8888888888888888,C0_fixed0.50,0.5
pageblocks,CTGAN,LGBM,2,3,1.9449958801269531,0.07000041007995605,7260,0.5,0.9984695439240894,0.7674352880235233,0.6956521739130435,0.5714285714285714,0.8888888888888888,C0_fixed0.50,0.5
pageblocks,CTGAN,MLP,2,3,1.9449958801269531,3.1120007038116455,7260,0.5,0.9984695439240894,0.6702279202279202,0.7000000000000001,0.6363636363636364,0.7777777777777778,C0_fixed0.50,0.5
pageblocks,TVAE,RF,0,3,0.9739990234375,0.27900004386901855,7260,0.5,0.9997245179063361,0.954040404040404,0.9090909090909091,0.8333333333333334,1.0,C0_fixed0.50,0.5
pageblocks,TVAE,LGBM,0,3,0.9739990234375,0.0559999942779541,7260,0.5,0.9994765840220385,0.9064610389610389,0.8000000000000002,0.8,0.8,C0_fixed0.50,0.5
pageblocks,TVAE,MLP,0,3,0.9739990234375,2.725001573562622,7260,0.5,0.9973002754820938,0.5377949776401788,0.6666666666666666,0.5,1.0,C0_fixed0.50,0.5
pageblocks,TVAE,RF,1,3,1.1429994106292725,0.2780001163482666,7260,0.5,0.9989592898683807,0.7963554963554964,0.7999999999999999,0.7272727272727273,0.8888888888888888,C0_fixed0.50,0.5
pageblocks,TVAE,LGBM,1,3,1.1429994106292725,0.06100010871887207,7260,0.5,0.9992041628405265,0.8304945054945055,0.7368421052631577,0.7,0.7777777777777778,C0_fixed0.50,0.5
pageblocks,TVAE,MLP,1,3,1.1429994106292725,3.139742374420166,7260,0.5,0.979675543311907,0.6713308913308914,0.5882352941176471,0.625,0.5555555555555556,C0_fixed0.50,0.5
pageblocks,TVAE,RF,2,3,0.9450044631958008,0.3549952507019043,7260,0.5,0.9993265993265993,0.8657848324514992,0.8571428571428571,0.75,1.0,C0_fixed0.50,0.5
pageblocks,TVAE,LGBM,2,3,0.9450044631958008,0.06500029563903809,7260,0.5,0.9992041628405265,0.897530864197531,0.7272727272727274,0.6153846153846154,0.8888888888888888,C0_fixed0.50,0.5
pageblocks,TVAE,MLP,2,3,0.9450044631958008,2.4210026264190674,7260,0.5,0.9988980716253443,0.8552028218694886,0.7999999999999999,0.7272727272727273,0.8888888888888888,C0_fixed0.50,0.5
pageblocks,GMMSampling,RF,0,3,0.4649984836578369,0.23600029945373535,3648,0.5,0.9980716253443527,0.6870802808302808,0.5405405405405406,0.37037037037037035,1.0,C0_fixed0.50,
pageblocks,GMMSampling,LGBM,0,3,0.4649984836578369,0.051000356674194336,3648,0.5,0.9966391184573002,0.5265557462496822,0.5714285714285715,0.4,1.0,C0_fixed0.50,
pageblocks,GMMSampling,MLP,0,3,0.4649984836578369,1.3580002784729004,3648,0.5,0.9948760330578512,0.35854523495827845,0.5714285714285715,0.4,1.0,C0_fixed0.50,
pageblocks,GMMSampling,RF,1,3,0.5169994831085205,0.25974440574645996,3648,0.5,0.9981022344658709,0.7463610463610464,0.5925925925925926,0.4444444444444444,0.8888888888888888,C0_fixed0.50,
pageblocks,GMMSampling,LGBM,1,3,0.5169994831085205,0.05200028419494629,3648,0.5,0.9960208142026324,0.6289664583782231,0.6153846153846153,0.47058823529411764,0.8888888888888888,C0_fixed0.50,
pageblocks,GMMSampling,MLP,1,3,0.5169994831085205,1.018066644668579,3648,0.5,0.997551270278543,0.6161764705882353,0.6,0.42857142857142855,1.0,C0_fixed0.50,
pageblocks,GMMSampling,RF,2,3,0.5509974956512451,0.2570044994354248,3648,0.5,0.9995102540557086,0.9138278388278389,0.6923076923076924,0.5294117647058824,1.0,C0_fixed0.50,
pageblocks,GMMSampling,LGBM,2,3,0.5509974956512451,0.04800057411193848,3648,0.5,0.9995102540557086,0.9121572871572874,0.6666666666666666,0.5,1.0,C0_fixed0.50,
pageblocks,GMMSampling,MLP,2,3,0.5509974956512451,1.446000576019287,3648,0.5,0.9981022344658709,0.5562449895783229,0.6923076923076924,0.5294117647058824,1.0,C0_fixed0.50,
pageblocks,SMOTE,RF,0,3,0.0009996891021728516,0.22888875007629395,4537,0.19991183601498788,0.9991735537190083,0.8757783882783882,0.7826086956521738,0.6923076923076923,0.9,C1_grid,0.2
pageblocks,SMOTE,LGBM,0,3,0.0009996891021728516,0.05000042915344238,4537,0.19991183601498788,0.9996143250688705,0.932651515151515,0.8333333333333333,0.7142857142857143,1.0,C1_grid,0.2
pageblocks,SMOTE,MLP,0,3,0.0009996891021728516,2.109001874923706,4537,0.19991183601498788,0.9995592286501377,0.9229292929292928,0.9090909090909091,0.8333333333333334,1.0,C1_grid,0.2
pageblocks,SMOTE,RF,1,3,0.0010001659393310547,0.22781872749328613,4537,0.19991183601498788,0.9990817263544536,0.8168430335097003,0.8421052631578948,0.8,0.8888888888888888,C1_grid,0.2
pageblocks,SMOTE,LGBM,1,3,0.0010001659393310547,0.042000532150268555,4537,0.19991183601498788,0.9988368533823079,0.7693232693232694,0.631578947368421,0.6,0.6666666666666666,C1_grid,0.2
pageblocks,SMOTE,MLP,1,3,0.0010001659393310547,1.2542214393615723,4537,0.19991183601498788,0.9782675237220692,0.7335932486470123,0.7777777777777778,0.7777777777777778,0.7777777777777778,C1_grid,0.2
pageblocks,SMOTE,RF,2,3,0.0010001659393310547,0.2304069995880127,4537,0.19991183601498788,0.9996326905417815,0.9278138528138529,0.8571428571428571,0.75,1.0,C1_grid,0.2
pageblocks,SMOTE,LGBM,2,3,0.0010001659393310547,0.04400062561035156,4537,0.19991183601498788,0.9992041628405265,0.7439955106621773,0.9,0.8181818181818182,1.0,C1_grid,0.2
pageblocks,SMOTE,MLP,2,3,0.0010001659393310547,1.508000373840332,4537,0.19991183601498788,0.9994490358126722,0.8762706429373096,0.8421052631578948,0.8,0.8888888888888888,C1_grid,0.2
pageblocks,SMOTE,RF,0,3,0.0009999275207519531,0.23600029945373535,5185,0.29990356798457085,0.9991735537190082,0.8757783882783882,0.7272727272727272,0.6666666666666666,0.8,C1_grid,0.3
pageblocks,SMOTE,LGBM,0,3,0.0009999275207519531,0.04699993133544922,5185,0.29990356798457085,0.9997520661157024,0.9497222222222222,0.9090909090909091,0.8333333333333334,1.0,C1_grid,0.3
pageblocks,SMOTE,MLP,0,3,0.0009999275207519531,2.887000322341919,5185,0.29990356798457085,0.9996143250688705,0.932651515151515,0.8571428571428572,0.8181818181818182,0.9,C1_grid,0.3
pageblocks,SMOTE,RF,1,3,0.0009996891021728516,0.23400020599365234,5185,0.29990356798457085,0.9990817263544537,0.8168430335097003,0.7777777777777778,0.7777777777777778,0.7777777777777778,C1_grid,0.3
pageblocks,SMOTE,LGBM,1,3,0.0009996891021728516,0.04500007629394531,5185,0.29990356798457085,0.9992041628405265,0.8290123456790124,0.7777777777777778,0.7777777777777778,0.7777777777777778,C1_grid,0.3
pageblocks,SMOTE,MLP,1,3,0.0009996891021728516,1.774000883102417,5185,0.29990356798457085,0.9724517906336089,0.7632853711285084,0.7777777777777778,0.7777777777777778,0.7777777777777778,C1_grid,0.3
pageblocks,SMOTE,RF,2,3,0.0010004043579101562,0.2329998016357422,5185,0.29990356798457085,0.9996326905417815,0.9278138528138529,0.8571428571428571,0.75,1.0,C1_grid,0.3
pageblocks,SMOTE,LGBM,2,3,0.0010004043579101562,0.04199957847595215,5185,0.29990356798457085,0.9994490358126721,0.8762706429373097,0.8571428571428571,0.75,1.0,C1_grid,0.3
pageblocks,SMOTE,MLP,2,3,0.0010004043579101562,1.2010011672973633,5185,0.29990356798457085,0.9993265993265994,0.8511383678050345,0.9,0.8181818181818182,1.0,C1_grid,0.3
pageblocks,SMOTE,RF,0,3,0.001999378204345703,0.2519955635070801,6050,0.4,0.9991735537190083,0.8757783882783882,0.7272727272727272,0.6666666666666666,0.8,C1_grid,0.4
pageblocks,SMOTE,LGBM,0,3,0.001999378204345703,0.05800032615661621,6050,0.4,0.9988705234159779,0.8491806722689075,0.7368421052631577,0.7777777777777778,0.7,C1_grid,0.4
pageblocks,SMOTE,MLP,0,3,0.001999378204345703,3.5100011825561523,6050,0.4,0.9996694214876033,0.9354365079365078,0.8571428571428572,0.8181818181818182,0.9,C1_grid,0.4
pageblocks,SMOTE,RF,1,3,0.0010001659393310547,0.24504661560058594,6050,0.4,0.9990817263544536,0.8168430335097003,0.8421052631578948,0.8,0.8888888888888888,C1_grid,0.4
pageblocks,SMOTE,LGBM,1,3,0.0010001659393310547,0.042998552322387695,6050,0.4,0.9992041628405264,0.8290123456790124,0.7777777777777778,0.7777777777777778,0.7777777777777778,C1_grid,0.4
pageblocks,SMOTE,MLP,1,3,0.0010001659393310547,2.330000638961792,6050,0.4,0.9961432506887052,0.8148875815542482,0.7368421052631577,0.7,0.7777777777777778,C1_grid,0.4
pageblocks,SMOTE,RF,2,3,0.0009999275207519531,0.24199724197387695,6050,0.4,0.9996939087848178,0.9376903960237295,0.8571428571428571,0.75,1.0,C1_grid,0.4
pageblocks,SMOTE,LGBM,2,3,0.0009999275207519531,0.04900074005126953,6050,0.4,0.9994490358126721,0.8909171075837745,0.8571428571428571,0.75,1.0,C1_grid,0.4
pageblocks,SMOTE,MLP,2,3,0.0009999275207519531,1.4740009307861328,6050,0.4,0.9993265993265994,0.8511383678050345,0.8421052631578948,0.8,0.8888888888888888,C1_grid,0.4
pageblocks,SMOTE,RF,0,3,0.0009996891021728516,0.2839975357055664,7260,0.5,0.9991735537190082,0.8757783882783882,0.7272727272727272,0.6666666666666666,0.8,C1_grid,0.5
pageblocks,SMOTE,LGBM,0,3,0.0009996891021728516,0.050000667572021484,7260,0.5,0.9000826446280992,0.8278047447601903,0.8000000000000002,0.8,0.8,C1_grid,0.5
pageblocks,SMOTE,MLP,0,3,0.0009996891021728516,1.9100005626678467,7260,0.5,0.9996694214876033,0.941540404040404,0.8695652173913044,0.7692307692307693,1.0,C1_grid,0.5
pageblocks,SMOTE,RF,1,3,0.0009999275207519531,0.27499938011169434,7260,0.5,0.9992041628405265,0.8538800705467373,0.7777777777777778,0.7777777777777778,0.7777777777777778,C1_grid,0.5
pageblocks,SMOTE,LGBM,1,3,0.0009999275207519531,0.06100058555603027,7260,0.5,0.9990817263544537,0.7430335097001765,0.7777777777777778,0.7777777777777778,0.7777777777777778,C1_grid,0.5
pageblocks,SMOTE,MLP,1,3,0.0009999275207519531,1.6890006065368652,7260,0.5,0.9889194980104071,0.7341438191438193,0.7368421052631577,0.7,0.7777777777777778,C1_grid,0.5
pageblocks,SMOTE,RF,2,3,0.0010001659393310547,0.27759289741516113,7260,0.5,0.9996326905417814,0.9278138528138529,0.8571428571428571,0.75,1.0,C1_grid,0.5
pageblocks,SMOTE,LGBM,2,3,0.0010001659393310547,0.05599832534790039,7260,0.5,0.9992653810835628,0.8577040243706913,0.7999999999999999,0.7272727272727273,0.8888888888888888,C1_grid,0.5
pageblocks,SMOTE,MLP,2,3,0.0010001659393310547,1.6320009231567383,7260,0.5,0.9993878175696358,0.8643658810325477,0.8421052631578948,0.8,0.8888888888888888,C1_grid,0.5
pageblocks,ADASYN,RF,0,3,0.004999399185180664,0.21899676322937012,4536,0.19973544973544974,0.9990633608815427,0.8402272727272727,0.761904761904762,0.7272727272727273,0.8,C1_grid,0.2
pageblocks,ADASYN,LGBM,0,3,0.004999399185180664,0.0540006160736084,4536,0.19973544973544974,0.9991460055096418,0.8827272727272727,0.7692307692307693,0.625,1.0,C1_grid,0.2
pageblocks,ADASYN,MLP,0,3,0.004999399185180664,1.8100004196166992,4536,0.19973544973544974,0.9996694214876033,0.941540404040404,0.8333333333333333,0.7142857142857143,1.0,C1_grid,0.2
pageblocks,ADASYN,RF,1,3,0.00500035285949707,0.22299957275390625,4540,0.20044052863436124,0.9992653810835629,0.8363235529902198,0.8421052631578948,0.8,0.8888888888888888,C1_grid,0.2
pageblocks,ADASYN,LGBM,1,3,0.00500035285949707,0.04800009727478027,4540,0.20044052863436124,0.9990205081114173,0.7864789531456198,0.7368421052631577,0.7,0.7777777777777778,C1_grid,0.2
pageblocks,ADASYN,MLP,1,3,0.00500035285949707,1.708000898361206,4540,0.20044052863436124,0.9927150290786654,0.7907848324514992,0.7272727272727274,0.6153846153846154,0.8888888888888888,C1_grid,0.2
pageblocks,ADASYN,RF,2,3,0.006000041961669922,0.21699786186218262,4540,0.20044052863436124,0.9996939087848179,0.9436868686868689,0.8421052631578948,0.8,0.8888888888888888,C1_grid,0.2
pageblocks,ADASYN,LGBM,2,3,0.006000041961669922,0.04600095748901367,4540,0.20044052863436124,0.9995714722987451,0.9297008547008547,0.7777777777777778,0.7777777777777778,0.7777777777777778,C1_grid,0.2
pageblocks,ADASYN,MLP,2,3,0.006000041961669922,1.9430010318756104,4540,0.20044052863436124,0.9993265993265994,0.8511383678050345,0.8421052631578948,0.8,0.8888888888888888,C1_grid,0.2
pageblocks,ADASYN,RF,0,3,0.006000041961669922,0.23013067245483398,5188,0.30030840400925213,0.9991735537190083,0.8651723276723277,0.7272727272727272,0.6666666666666666,0.8,C1_grid,0.3
pageblocks,ADASYN,LGBM,0,3,0.006000041961669922,0.04900002479553223,5188,0.30030840400925213,0.9994214876033057,0.906655844155844,0.7826086956521738,0.6923076923076923,0.9,C1_grid,0.3
pageblocks,ADASYN,MLP,0,3,0.006000041961669922,2.916414260864258,5188,0.30030840400925213,0.9996143250688705,0.9351301476301476,0.8571428571428572,0.8181818181818182,0.9,C1_grid,0.3
pageblocks,ADASYN,RF,1,3,0.006000995635986328,0.2389986515045166,5186,0.30003856536829926,0.9992653810835629,0.8363235529902198,0.8421052631578948,0.8,0.8888888888888888,C1_grid,0.3
pageblocks,ADASYN,LGBM,1,3,0.006000995635986328,0.05699801445007324,5186,0.30003856536829926,0.9992041628405265,0.8515873015873014,0.7368421052631577,0.7,0.7777777777777778,C1_grid,0.3
pageblocks,ADASYN,MLP,1,3,0.006000995635986328,1.2780003547668457,5186,0.30003856536829926,0.9673094582185491,0.6637289333111622,0.7368421052631577,0.7,0.7777777777777778,C1_grid,0.3
pageblocks,ADASYN,RF,2,3,0.005000114440917969,0.21900010108947754,5189,0.3004432453266525,0.9997551270278543,0.9535634118967453,0.8421052631578948,0.8,0.8888888888888888,C1_grid,0.3
pageblocks,ADASYN,LGBM,2,3,0.005000114440917969,0.04599714279174805,5189,0.3004432453266525,0.9994490358126722,0.9177350427350428,0.7777777777777778,0.7777777777777778,0.7777777777777778,C1_grid,0.3
pageblocks,ADASYN,MLP,2,3,0.005000114440917969,2.196000337600708,5189,0.3004432453266525,0.9992041628405265,0.8287477954144621,0.7999999999999999,0.7272727272727273,0.8888888888888888,C1_grid,0.3
pageblocks,ADASYN,RF,0,3,0.005999565124511719,0.24827122688293457,6048,0.3998015873015873,0.9991184573002755,0.8602272727272727,0.761904761904762,0.7272727272727273,0.8,C1_grid,0.4
pageblocks,ADASYN,LGBM,0,3,0.005999565124511719,0.05800008773803711,6048,0.3998015873015873,0.9987603305785123,0.8131596099978452,0.6666666666666666,0.6363636363636364,0.7,C1_grid,0.4
pageblocks,ADASYN,MLP,0,3,0.005999565124511719,2.396000623703003,6048,0.3998015873015873,0.9997245179063361,0.9497222222222222,0.8571428571428572,0.8181818181818182,0.9,C1_grid,0.4
pageblocks,ADASYN,RF,1,3,0.0049991607666015625,0.24499988555908203,6056,0.40059445178335534,0.9991429445974901,0.8223375390042058,0.8421052631578948,0.8,0.8888888888888888,C1_grid,0.4
pageblocks,ADASYN,LGBM,1,3,0.0049991607666015625,0.05399799346923828,6056,0.40059445178335534,0.9992653810835629,0.8577040243706913,0.7368421052631577,0.7,0.7777777777777778,C1_grid,0.4
pageblocks,ADASYN,MLP,1,3,0.0049991607666015625,1.4200007915496826,6056,0.40059445178335534,0.9896541169268441,0.7491181657848325,0.7368421052631577,0.7,0.7777777777777778,C1_grid,0.4
pageblocks,ADASYN,RF,2,3,0.00599980354309082,0.24287676811218262,6053,0.4002973732033702,0.9998775635139271,0.9797979797979799,0.8421052631578948,0.8,0.8888888888888888,C1_grid,0.4
pageblocks,ADASYN,LGBM,2,3,0.00599980354309082,0.042998313903808594,6053,0.4002973732033702,0.9992041628405265,0.8333435083435083,0.7777777777777778,0.7777777777777778,0.7777777777777778,C1_grid,0.4
pageblocks,ADASYN,MLP,2,3,0.00599980354309082,1.643000602722168,6053,0.4002973732033702,0.9992041628405265,0.8085457752124419,0.9,0.8181818181818182,1.0,C1_grid,0.4
pageblocks,ADASYN,RF,0,3,0.005000114440917969,0.28713274002075195,7256,0.49972436604189635,0.999090909090909,0.8402272727272727,0.761904761904762,0.7272727272727273,0.8,C1_grid,0.5
pageblocks,ADASYN,LGBM,0,3,0.005000114440917969,0.04800081253051758,7256,0.49972436604189635,0.899641873278237,0.7216756728120364,0.761904761904762,0.7272727272727273,0.8,C1_grid,0.5
pageblocks,ADASYN,MLP,0,3,0.005000114440917969,3.366131544113159,7256,0.49972436604189635,0.9994490358126721,0.8979292929292929,0.8571428571428572,0.8181818181818182,0.9,C1_grid,0.5
pageblocks,ADASYN,RF,1,3,0.006000041961669922,0.26966428756713867,7260,0.5,0.9992041628405265,0.8287477954144622,0.8421052631578948,0.8,0.8888888888888888,C1_grid,0.5
pageblocks,ADASYN,LGBM,1,3,0.006000041961669922,0.06000041961669922,7260,0.5,0.9994490358126722,0.8909171075837745,0.8421052631578948,0.8,0.8888888888888888,C1_grid,0.5
pageblocks,ADASYN,MLP,1,3,0.006000041961669922,1.6590006351470947,7260,0.5,0.9862258953168044,0.7300519197578024,0.7777777777777778,0.7777777777777778,0.7777777777777778,C1_grid,0.5
pageblocks,ADASYN,RF,2,3,0.004999876022338867,0.27699995040893555,7257,0.4997933030177759,0.9998163452708907,0.9674523007856342,0.8421052631578948,0.8,0.8888888888888888,C1_grid,0.5
pageblocks,ADASYN,LGBM,2,3,0.004999876022338867,0.0540003776550293,7257,0.4997933030177759,0.9993572084481176,0.8501322751322753,0.7777777777777778,0.7777777777777778,0.7777777777777778,C1_grid,0.5
pageblocks,ADASYN,MLP,2,3,0.004999876022338867,1.643000602722168,7257,0.4997933030177759,0.9993878175696358,0.8733605900272566,0.9,0.8181818181818182,1.0,C1_grid,0.5
pageblocks,G-SMOTE,RF,0,3,0.21399927139282227,0.21099853515625,4488,0.19117647058823528,0.9991735537190083,0.8651723276723277,0.7272727272727272,0.6666666666666666,0.8,C1_grid,0.2
pageblocks,G-SMOTE,LGBM,0,3,0.21399927139282227,0.05299854278564453,4488,0.19117647058823528,0.9992837465564739,0.8961247086247086,0.7826086956521738,0.6923076923076923,0.9,C1_grid,0.2
pageblocks,G-SMOTE,MLP,0,3,0.21399927139282227,2.6080009937286377,4488,0.19117647058823528,0.9995041322314049,0.9086435786435786,0.8571428571428572,0.8181818181818182,0.9,C1_grid,0.2
pageblocks,G-SMOTE,RF,1,3,0.1789989471435547,0.22100567817687988,4443,0.18298446995273465,0.99914294459749,0.8223375390042058,0.8421052631578948,0.8,0.8888888888888888,C1_grid,0.2
pageblocks,G-SMOTE,LGBM,1,3,0.1789989471435547,0.04900050163269043,4443,0.18298446995273465,0.9992041628405265,0.8590267756934424,0.761904761904762,0.6666666666666666,0.8888888888888888,C1_grid,0.2
pageblocks,G-SMOTE,MLP,1,3,0.1789989471435547,1.4100027084350586,4443,0.18298446995273465,0.9963881236608509,0.8040201062799934,0.7368421052631577,0.7,0.7777777777777778,C1_grid,0.2
pageblocks,G-SMOTE,RF,2,3,0.2109992504119873,0.21799874305725098,4537,0.19991183601498788,0.9995102540557087,0.9121572871572874,0.8571428571428571,0.75,1.0,C1_grid,0.2
pageblocks,G-SMOTE,LGBM,2,3,0.2109992504119873,0.04700064659118652,4537,0.19991183601498788,0.9992653810835629,0.8038800705467373,0.7999999999999999,0.7272727272727273,0.8888888888888888,C1_grid,0.2
pageblocks,G-SMOTE,MLP,2,3,0.2109992504119873,1.5000014305114746,4537,0.19991183601498788,0.9993265993265994,0.83658810325477,0.8421052631578948,0.8,0.8888888888888888,C1_grid,0.2
pageblocks,G-SMOTE,RF,0,3,0.21700167655944824,0.24599909782409668,5100,0.28823529411764703,0.9991735537190083,0.8499342324342324,0.7272727272727272,0.6666666666666666,0.8,C1_grid,0.3
pageblocks,G-SMOTE,LGBM,0,3,0.21700167655944824,0.07400035858154297,5100,0.28823529411764703,0.9995592286501377,0.9283119658119657,0.8181818181818182,0.75,0.9,C1_grid,0.3
pageblocks,G-SMOTE,MLP,0,3,0.21700167655944824,2.192000389099121,5100,0.28823529411764703,0.9996143250688705,0.9272546897546897,0.9090909090909091,0.8333333333333334,1.0,C1_grid,0.3
pageblocks,G-SMOTE,RF,1,3,0.197998046875,0.22799897193908691,5023,0.27732430818236115,0.9990817263544536,0.8168430335097003,0.7058823529411765,0.75,0.6666666666666666,C1_grid,0.3
pageblocks,G-SMOTE,LGBM,1,3,0.197998046875,0.051000356674194336,5023,0.27732430818236115,0.9996326905417815,0.9479717813051147,0.7999999999999999,0.7272727272727273,0.8888888888888888,C1_grid,0.3
pageblocks,G-SMOTE,MLP,1,3,0.197998046875,2.504000663757324,5023,0.27732430818236115,0.9971227425772881,0.8021825396825397,0.823529411764706,0.875,0.7777777777777778,C1_grid,0.3
pageblocks,G-SMOTE,RF,2,3,0.24000096321105957,0.23099899291992188,5186,0.30003856536829926,0.9995102540557086,0.9121572871572874,0.8571428571428571,0.75,1.0,C1_grid,0.3
pageblocks,G-SMOTE,LGBM,2,3,0.24000096321105957,0.05300021171569824,5186,0.30003856536829926,0.9993265993265994,0.8567901234567903,0.8571428571428571,0.75,1.0,C1_grid,0.3
pageblocks,G-SMOTE,MLP,2,3,0.24000096321105957,1.9970006942749023,5186,0.30003856536829926,0.9993878175696358,0.8643658810325477,0.8421052631578948,0.8,0.8888888888888888,C1_grid,0.3
pageblocks,G-SMOTE,RF,0,3,0.21700072288513184,0.23999881744384766,5916,0.38640973630831643,0.9992837465564739,0.8866008991008991,0.7272727272727272,0.6666666666666666,0.8,C1_grid,0.4
pageblocks,G-SMOTE,LGBM,0,3,0.21700072288513184,0.05500030517578125,5916,0.38640973630831643,0.9985399449035812,0.8013095238095237,0.7368421052631577,0.7777777777777778,0.7,C1_grid,0.4
pageblocks,G-SMOTE,MLP,0,3,0.21700072288513184,3.0879998207092285,5916,0.38640973630831643,0.9994490358126721,0.897929292929293,0.8571428571428572,0.8181818181818182,0.9,C1_grid,0.4
pageblocks,G-SMOTE,RF,1,3,0.2310013771057129,0.25299835205078125,5797,0.3738140417457306,0.9992041628405265,0.8287477954144622,0.7777777777777778,0.7777777777777778,0.7777777777777778,C1_grid,0.4
pageblocks,G-SMOTE,LGBM,1,3,0.2310013771057129,0.05900001525878906,5797,0.3738140417457306,0.9992041628405265,0.8590267756934424,0.7777777777777778,0.7777777777777778,0.7777777777777778,C1_grid,0.4
pageblocks,G-SMOTE,MLP,1,3,0.2310013771057129,1.9750010967254639,5797,0.3738140417457306,0.9959595959595959,0.7975715642382311,0.7368421052631577,0.7,0.7777777777777778,C1_grid,0.4
pageblocks,G-SMOTE,RF,2,3,0.1739974021911621,0.2452075481414795,6049,0.39990081005124817,0.9995102540557086,0.9121572871572874,0.8571428571428571,0.75,1.0,C1_grid,0.4
pageblocks,G-SMOTE,LGBM,2,3,0.1739974021911621,0.05700063705444336,6049,0.39990081005124817,0.9993265993265993,0.8709315375982043,0.8571428571428571,0.75,1.0,C1_grid,0.4
pageblocks,G-SMOTE,MLP,2,3,0.1739974021911621,1.7039997577667236,6049,0.39990081005124817,0.9992041628405266,0.8157848324514991,0.8421052631578948,0.8,0.8888888888888888,C1_grid,0.4
pageblocks,G-SMOTE,RF,0,3,0.2090010643005371,0.26399922370910645,7060,0.48583569405099153,0.9992837465564738,0.8866008991008991,0.7272727272727272,0.6666666666666666,0.8,C1_grid,0.5
pageblocks,G-SMOTE,LGBM,0,3,0.2090010643005371,0.06400012969970703,7060,0.48583569405099153,0.9004683195592287,0.8189182870536461,0.8000000000000002,0.8,0.8,C1_grid,0.5
pageblocks,G-SMOTE,MLP,0,3,0.2090010643005371,3.218001127243042,7060,0.48583569405099153,0.9994490358126722,0.9022333222333222,0.8695652173913044,0.7692307692307693,1.0,C1_grid,0.5
pageblocks,G-SMOTE,RF,1,3,0.21900200843811035,0.26799798011779785,6879,0.47230702136938507,0.9992041628405265,0.8287477954144622,0.7777777777777778,0.7777777777777778,0.7777777777777778,C1_grid,0.5
pageblocks,G-SMOTE,LGBM,1,3,0.21900200843811035,0.06299901008605957,6879,0.47230702136938507,0.9993572084481176,0.8764260430927099,0.7777777777777778,0.7777777777777778,0.7777777777777778,C1_grid,0.5
pageblocks,G-SMOTE,MLP,1,3,0.21900200843811035,2.194457530975342,6879,0.47230702136938507,0.9536577900214265,0.7145349982468374,0.823529411764706,0.875,0.7777777777777778,C1_grid,0.5
pageblocks,G-SMOTE,RF,2,3,0.18400073051452637,0.27899932861328125,7259,0.4999311199889792,0.9995714722987451,0.9202380952380953,0.8571428571428571,0.75,1.0,C1_grid,0.5
pageblocks,G-SMOTE,LGBM,2,3,0.18400073051452637,0.059998273849487305,7259,0.4999311199889792,0.9992653810835629,0.8487093153759822,0.8571428571428571,0.75,1.0,C1_grid,0.5
pageblocks,G-SMOTE,MLP,2,3,0.18400073051452637,1.4990007877349854,7259,0.4999311199889792,0.9992653810835629,0.8233605900272567,0.9,0.8181818181818182,1.0,C1_grid,0.5
pageblocks,CTGAN,RF,0,3,1.7619998455047607,0.22499847412109375,4537,0.19991183601498788,0.9984022038567493,0.7362770562770562,0.7826086956521738,0.6923076923076923,0.9,C1_grid,0.2
pageblocks,CTGAN,LGBM,0,3,1.7619998455047607,0.0540003776550293,4537,0.19991183601498788,0.9984022038567494,0.8089706589706588,0.8181818181818182,0.75,0.9,C1_grid,0.2
pageblocks,CTGAN,MLP,0,3,1.7619998455047607,2.384000778198242,4537,0.19991183601498788,0.9970247933884298,0.4915295815295815,0.6206896551724138,0.47368421052631576,0.9,C1_grid,0.2
pageblocks,CTGAN,RF,1,3,1.882000207901001,0.22900009155273438,4537,0.19991183601498788,0.9994490358126722,0.8615961199294533,0.782608695652174,0.6428571428571429,1.0,C1_grid,0.2
pageblocks,CTGAN,LGBM,1,3,1.882000207901001,0.05500006675720215,4537,0.19991183601498788,0.9992041628405264,0.8455618455618457,0.782608695652174,0.6428571428571429,1.0,C1_grid,0.2
pageblocks,CTGAN,MLP,1,3,1.882000207901001,1.9290003776550293,4537,0.19991183601498788,0.999571472298745,0.9253086419753087,0.7777777777777778,0.7777777777777778,0.7777777777777778,C1_grid,0.2
pageblocks,CTGAN,RF,2,3,1.8920021057128906,0.22899746894836426,4537,0.19991183601498788,0.9986531986531986,0.8403050108932464,0.6666666666666667,0.5333333333333333,0.8888888888888888,C1_grid,0.2
pageblocks,CTGAN,LGBM,2,3,1.8920021057128906,0.06000089645385742,4537,0.19991183601498788,0.9986531986531987,0.78335121668455,0.7272727272727274,0.6153846153846154,0.8888888888888888,C1_grid,0.2
pageblocks,CTGAN,MLP,2,3,1.8920021057128906,1.827000617980957,4537,0.19991183601498788,0.9995102540557086,0.9121572871572872,0.7777777777777778,0.7777777777777778,0.7777777777777778,C1_grid,0.2
pageblocks,CTGAN,RF,0,3,1.797999620437622,0.24200034141540527,5185,0.29990356798457085,0.9984573002754821,0.7969198193111237,0.75,0.6428571428571429,0.9,C1_grid,0.3
pageblocks,CTGAN,LGBM,0,3,1.797999620437622,0.05600166320800781,5185,0.29990356798457085,0.9992561983471073,0.8480341880341881,0.8181818181818182,0.75,0.9,C1_grid,0.3
pageblocks,CTGAN,MLP,0,3,1.797999620437622,1.970998764038086,5185,0.29990356798457085,0.9963085399449036,0.44607546048722524,0.625,0.45454545454545453,1.0,C1_grid,0.3
pageblocks,CTGAN,RF,1,3,1.8229994773864746,0.2390000820159912,5185,0.29990356798457085,0.9988980716253443,0.8099747474747476,0.761904761904762,0.6666666666666666,0.8888888888888888,C1_grid,0.3
pageblocks,CTGAN,LGBM,1,3,1.8229994773864746,0.051000356674194336,5185,0.29990356798457085,0.9986531986531986,0.8196349459507354,0.761904761904762,0.6666666666666666,0.8888888888888888,C1_grid,0.3
pageblocks,CTGAN,MLP,1,3,1.8229994773864746,1.9380006790161133,5185,0.29990356798457085,0.999265381083563,0.8715488215488216,0.5882352941176471,0.625,0.5555555555555556,C1_grid,0.3
pageblocks,CTGAN,RF,2,3,1.8859996795654297,0.24499726295471191,5185,0.29990356798457085,0.9981634527089073,0.767896047307812,0.56,0.4375,0.7777777777777778,C1_grid,0.3
pageblocks,CTGAN,LGBM,2,3,1.8859996795654297,0.04700016975402832,5185,0.29990356798457085,0.9982858891949802,0.6501655207537561,0.6956521739130435,0.5714285714285714,0.8888888888888888,C1_grid,0.3
pageblocks,CTGAN,MLP,2,3,1.8859996795654297,1.8890008926391602,5185,0.29990356798457085,0.9990817263544536,0.835917785917786,0.7368421052631577,0.7,0.7777777777777778,C1_grid,0.3
pageblocks,CTGAN,RF,0,3,1.9060001373291016,0.268035888671875,6050,0.4,0.9981818181818183,0.7597960372960373,0.6956521739130435,0.6153846153846154,0.8,C1_grid,0.4
pageblocks,CTGAN,LGBM,0,3,1.9060001373291016,0.05000042915344238,6050,0.4,0.9979889807162534,0.754458041958042,0.7272727272727272,0.6666666666666666,0.8,C1_grid,0.4
pageblocks,CTGAN,MLP,0,3,1.9060001373291016,2.1620025634765625,6050,0.4,0.9970798898071627,0.47630217005217007,0.6428571428571429,0.5,0.9,C1_grid,0.4
pageblocks,CTGAN,RF,1,3,1.9180002212524414,0.25799989700317383,6050,0.4,0.9992041628405265,0.8287477954144622,0.7999999999999999,0.7272727272727273,0.8888888888888888,C1_grid,0.4
pageblocks,CTGAN,LGBM,1,3,1.9180002212524414,0.06000041961669922,6050,0.4,0.9993878175696358,0.8733605900272567,0.9,0.8181818181818182,1.0,C1_grid,0.4
pageblocks,CTGAN,MLP,1,3,1.9180002212524414,2.3690004348754883,6050,0.4,0.9993265993265994,0.8966810966810967,0.7368421052631577,0.7,0.7777777777777778,C1_grid,0.4
pageblocks,CTGAN,RF,2,3,1.9760003089904785,0.25499987602233887,6050,0.4,0.9992653810835629,0.8827160493827162,0.782608695652174,0.6428571428571429,1.0,C1_grid,0.4
pageblocks,CTGAN,LGBM,2,3,1.9760003089904785,0.057000160217285156,6050,0.4,0.999571472298745,0.9092953342953345,0.8571428571428571,0.75,1.0,C1_grid,0.4
pageblocks,CTGAN,MLP,2,3,1.9760003089904785,2.3300023078918457,6050,0.4,0.9990817263544536,0.8398860398860399,0.6666666666666667,0.8333333333333334,0.5555555555555556,C1_grid,0.4
pageblocks,CTGAN,RF,0,3,1.936000108718872,0.27699995040893555,7260,0.5,0.9981818181818182,0.8040626764539808,0.64,0.5333333333333333,0.8,C1_grid,0.5
pageblocks,CTGAN,LGBM,0,3,1.936000108718872,0.05299830436706543,7260,0.5,0.9984022038567493,0.7864212614870509,0.6923076923076923,0.5625,0.9,C1_grid,0.5
pageblocks,CTGAN,MLP,0,3,1.936000108718872,2.2170000076293945,7260,0.5,0.9969146005509641,0.47567941346579123,0.5925925925925927,0.47058823529411764,0.8,C1_grid,0.5
pageblocks,CTGAN,RF,1,3,1.6780002117156982,0.2799999713897705,7260,0.5,0.9977961432506888,0.6390432098765433,0.72,0.5625,1.0,C1_grid,0.5
pageblocks,CTGAN,LGBM,1,3,1.6780002117156982,0.06399774551391602,7260,0.5,0.997398224670952,0.5179433221099888,0.6428571428571429,0.47368421052631576,1.0,C1_grid,0.5
pageblocks,CTGAN,MLP,1,3,1.6780002117156982,2.708000421524048,7260,0.5,0.9989592898683808,0.8506512006512008,0.7272727272727274,0.6153846153846154,0.8888888888888888,C1_grid,0.5
pageblocks,CTGAN,RF,2,3,1.876000165939331,0.28299999237060547,7260,0.5,0.9986531986531987,0.8183760683760684,0.7272727272727274,0.6153846153846154,0.8888888888888888,C1_grid,0.5
pageblocks,CTGAN,LGBM,2,3,1.876000165939331,0.06599807739257812,7260,0.5,0.9988980716253444,0.8487003192885545,0.7272727272727274,0.6153846153846154,0.8888888888888888,C1_grid,0.5
pageblocks,CTGAN,MLP,2,3,1.876000165939331,1.9030022621154785,7260,0.5,0.999265381083563,0.8938271604938273,0.7058823529411765,0.75,0.6666666666666666,C1_grid,0.5
pageblocks,TVAE,RF,0,3,0.9879970550537109,0.2220001220703125,4537,0.19991183601498788,0.9998347107438016,0.9697979797979797,0.8695652173913044,0.7692307692307693,1.0,C1_grid,0.2
pageblocks,TVAE,LGBM,0,3,0.9879970550537109,0.05000162124633789,4537,0.19991183601498788,0.9995592286501377,0.9262412587412586,0.8571428571428572,0.8181818181818182,0.9,C1_grid,0.2
pageblocks,TVAE,MLP,0,3,0.9879970550537109,1.8299987316131592,4537,0.19991183601498788,0.9966942148760329,0.4617371057734836,0.6428571428571429,0.5,0.9,C1_grid,0.2
pageblocks,TVAE,RF,1,3,1.1440002918243408,0.2199997901916504,4537,0.19991183601498788,0.9992041628405266,0.8371523538190204,0.8421052631578948,0.8,0.8888888888888888,C1_grid,0.2
pageblocks,TVAE,LGBM,1,3,1.1440002918243408,0.05300021171569824,4537,0.19991183601498788,0.999571472298745,0.8989337822671155,0.9,0.8181818181818182,1.0,C1_grid,0.2
pageblocks,TVAE,MLP,1,3,1.1440002918243408,2.07448410987854,4537,0.19991183601498788,0.999265381083563,0.8715488215488216,0.5882352941176471,0.625,0.5555555555555556,C1_grid,0.2
pageblocks,TVAE,RF,2,3,1.0219993591308594,0.23100018501281738,4537,0.19991183601498788,0.9993878175696357,0.8733605900272566,0.9,0.8181818181818182,1.0,C1_grid,0.2
pageblocks,TVAE,LGBM,2,3,1.0219993591308594,0.051000118255615234,4537,0.19991183601498788,0.9973063973063973,0.7798059964726631,0.8421052631578948,0.8,0.8888888888888888,C1_grid,0.2
pageblocks,TVAE,MLP,2,3,1.0219993591308594,1.8200006484985352,4537,0.19991183601498788,0.9990817263544536,0.8204295704295704,0.7058823529411765,0.75,0.6666666666666666,C1_grid,0.2
pageblocks,TVAE,RF,0,3,0.9699959754943848,0.24500012397766113,5185,0.29990356798457085,0.9997520661157024,0.9497222222222221,0.9090909090909091,0.8333333333333334,1.0,C1_grid,0.3
pageblocks,TVAE,LGBM,0,3,0.9699959754943848,0.0560002326965332,5185,0.29990356798457085,0.9995316804407715,0.9153499278499277,0.8181818181818182,0.75,0.9,C1_grid,0.3
pageblocks,TVAE,MLP,0,3,0.9699959754943848,2.068000555038452,5185,0.29990356798457085,0.9968595041322315,0.4721428571428572,0.6666666666666666,0.5,1.0,C1_grid,0.3
pageblocks,TVAE,RF,1,3,1.161508321762085,0.2479996681213379,5185,0.29990356798457085,0.99914294459749,0.8223375390042058,0.7999999999999999,0.7272727272727273,0.8888888888888888,C1_grid,0.3
pageblocks,TVAE,LGBM,1,3,1.161508321762085,0.05300021171569824,5185,0.29990356798457085,0.9991429445974901,0.7678050344717011,0.8421052631578948,0.8,0.8888888888888888,C1_grid,0.3
pageblocks,TVAE,MLP,1,3,1.161508321762085,2.0840015411376953,5185,0.29990356798457085,0.9987756351392715,0.7984746734746735,0.6666666666666666,0.6666666666666666,0.6666666666666666,C1_grid,0.3
pageblocks,TVAE,RF,2,3,0.9330003261566162,0.24299979209899902,5185,0.29990356798457085,0.9993878175696358,0.8733605900272567,0.9,0.8181818181818182,1.0,C1_grid,0.3
pageblocks,TVAE,LGBM,2,3,0.9330003261566162,0.05200052261352539,5185,0.29990356798457085,0.9987756351392715,0.7956790123456791,0.7999999999999999,0.7272727272727273,0.8888888888888888,C1_grid,0.3
pageblocks,TVAE,MLP,2,3,0.9330003261566162,2.3139991760253906,5185,0.29990356798457085,0.9981022344658709,0.6095117845117844,0.4,0.5,0.3333333333333333,C1_grid,0.3
pageblocks,TVAE,RF,0,3,1.055999994277954,0.2690002918243408,6050,0.4,0.9996694214876033,0.9354365079365079,0.8695652173913044,0.7692307692307693,1.0,C1_grid,0.4
pageblocks,TVAE,LGBM,0,3,1.055999994277954,0.05499982833862305,6050,0.4,0.9996143250688705,0.9351301476301476,0.8695652173913044,0.7692307692307693,1.0,C1_grid,0.4
pageblocks,TVAE,MLP,0,3,1.055999994277954,2.2120003700256348,6050,0.4,0.9970247933884298,0.48104894589414715,0.6428571428571429,0.5,0.9,C1_grid,0.4
pageblocks,TVAE,RF,1,3,1.1410002708435059,0.25799989700317383,6050,0.4,0.9991429445974901,0.8223375390042058,0.7999999999999999,0.7272727272727273,0.8888888888888888,C1_grid,0.4
pageblocks,TVAE,LGBM,1,3,1.1410002708435059,0.051000118255615234,6050,0.4,0.9991429445974901,0.7771604938271606,0.8421052631578948,0.8,0.8888888888888888,C1_grid,0.4
pageblocks,TVAE,MLP,1,3,1.1410002708435059,2.272144317626953,6050,0.4,0.9993265993265993,0.8863025863025864,0.6666666666666666,0.6666666666666666,0.6666666666666666,C1_grid,0.4
pageblocks,TVAE,RF,2,3,1.1349999904632568,0.2599976062774658,6050,0.4,0.9993265993265993,0.8657848324514992,0.8571428571428571,0.75,1.0,C1_grid,0.4
pageblocks,TVAE,LGBM,2,3,1.1349999904632568,0.06299805641174316,6050,0.4,0.9986531986531987,0.8160012826679494,0.7000000000000001,0.6363636363636364,0.7777777777777778,C1_grid,0.4
pageblocks,TVAE,MLP,2,3,1.1349999904632568,2.5490009784698486,6050,0.4,0.9990205081114173,0.765993265993266,0.8571428571428571,0.75,1.0,C1_grid,0.4
pageblocks,TVAE,RF,0,3,1.1099982261657715,0.2779970169067383,7260,0.5,0.9997796143250689,0.9622222222222221,0.9090909090909091,0.8333333333333334,1.0,C1_grid,0.5
pageblocks,TVAE,LGBM,0,3,1.1099982261657715,0.0579986572265625,7260,0.5,0.999641873278237,0.932651515151515,0.8571428571428572,0.8181818181818182,0.9,C1_grid,0.5
pageblocks,TVAE,MLP,0,3,1.1099982261657715,2.6858034133911133,7260,0.5,0.9978512396694215,0.5694630369630369,0.7200000000000001,0.6,0.9,C1_grid,0.5
pageblocks,TVAE,RF,1,3,1.2129976749420166,0.2820000648498535,7260,0.5,0.9988980716253444,0.7918100418100418,0.761904761904762,0.6666666666666666,0.8888888888888888,C1_grid,0.5
pageblocks,TVAE,LGBM,1,3,1.2129976749420166,0.0540003776550293,7260,0.5,0.99914294459749,0.7964165464165465,0.8571428571428571,0.75,1.0,C1_grid,0.5
pageblocks,TVAE,MLP,1,3,1.2129976749420166,2.6280007362365723,7260,0.5,0.9990205081114172,0.8472120472120475,0.6666666666666666,0.6666666666666666,0.6666666666666666,C1_grid,0.5
pageblocks,TVAE,RF,2,3,1.181002140045166,0.2879977226257324,7260,0.5,0.9992041628405265,0.8623456790123458,0.7999999999999999,0.7272727272727273,0.8888888888888888,C1_grid,0.5
pageblocks,TVAE,LGBM,2,3,1.181002140045166,0.059000253677368164,7260,0.5,0.9992653810835628,0.8808862433862434,0.8421052631578948,0.8,0.8888888888888888,C1_grid,0.5
pageblocks,TVAE,MLP,2,3,1.181002140045166,3.13800048828125,7260,0.5,0.9988368533823079,0.7364348614348615,0.7368421052631577,0.7,0.7777777777777778,C1_grid,0.5
fraud_detection,None,RF,0,5,0.0,16.643998622894287,227845,0.0017248568105510324,0.9777022107184077,0.8032261693777312,0.7853403141361256,0.8152173913043478,0.7575757575757576,C0_fixed0.50,
fraud_detection,None,LGBM,0,5,0.0,0.46900057792663574,227845,0.0017248568105510324,0.9783654209115406,0.7111482058480026,0.6264150943396227,0.5,0.8383838383838383,C0_fixed0.50,
fraud_detection,None,MLP,0,5,0.0,88.24038219451904,227845,0.0017248568105510324,0.9646085390066538,0.7805586094885443,0.7731958762886598,0.7894736842105263,0.7575757575757576,C0_fixed0.50,
fraud_detection,None,RF,1,5,0.0009987354278564453,16.382001638412476,227845,0.0017248568105510324,0.9802802660372609,0.8746466252657145,0.8775510204081632,0.8865979381443299,0.8686868686868687,C0_fixed0.50,
fraud_detection,None,LGBM,1,5,0.0009987354278564453,0.46199679374694824,227845,0.0017248568105510324,0.9741292957004404,0.7752978604142433,0.7355371900826446,0.6223776223776224,0.898989898989899,C0_fixed0.50,
fraud_detection,None,MLP,1,5,0.0009987354278564453,158.0699999332428,227845,0.0017248568105510324,0.9674846703142783,0.8687223464394563,0.8556149732620321,0.9090909090909091,0.8080808080808081,C0_fixed0.50,
fraud_detection,None,RF,2,5,0.0009999275207519531,16.875999450683594,227846,0.0017292381696408978,0.9909361454868073,0.8512099727921748,0.8631578947368421,0.8913043478260869,0.8367346938775511,C0_fixed0.50,
fraud_detection,None,LGBM,2,5,0.0009999275207519531,0.5169999599456787,227846,0.0017292381696408978,0.991914957073697,0.761587454216441,0.6563706563706564,0.5279503105590062,0.8673469387755102,C0_fixed0.50,
fraud_detection,None,MLP,2,5,0.0009999275207519531,128.77816724777222,227846,0.0017292381696408978,0.9716287302779648,0.8602161294838369,0.8901098901098902,0.9642857142857143,0.826530612244898,C0_fixed0.50,
fraud_detection,None,RF,3,5,0.0010001659393310547,16.34600043296814,227846,0.0017292381696408978,0.9717608056887176,0.8349988182420832,0.8342245989304812,0.8764044943820225,0.7959183673469388,C0_fixed0.50,
fraud_detection,None,LGBM,3,5,0.0010001659393310547,0.5069999694824219,227846,0.0017292381696408978,0.9719976800666981,0.78734225139464,0.6217228464419476,0.4911242603550296,0.8469387755102041,C0_fixed0.50,
fraud_detection,None,MLP,3,5,0.0010001659393310547,56.51082968711853,227846,0.0017292381696408978,0.9545626491456192,0.847683897041688,0.8603351955307262,0.9506172839506173,0.7857142857142857,C0_fixed0.50,
fraud_detection,None,RF,4,5,0.0009996891021728516,16.82800030708313,227846,0.0017292381696408978,0.980369215375157,0.8067364738386076,0.8205128205128205,0.8247422680412371,0.8163265306122449,C0_fixed0.50,
fraud_detection,None,LGBM,4,5,0.0009996891021728516,0.5011715888977051,227846,0.0017292381696408978,0.9784000176579082,0.7413293135988185,0.6387832699619772,0.509090909090909,0.8571428571428571,C0_fixed0.50,
fraud_detection,None,MLP,4,5,0.0009996891021728516,164.12599992752075,227846,0.0017292381696408978,0.9439844136659288,0.8013136595796999,0.8128342245989305,0.8539325842696629,0.7755102040816326,C0_fixed0.50,
fraud_detection,SMOTE,RF,0,5,0.14100027084350586,38.54499959945679,454904,0.5,0.9826947170738388,0.7995357893286301,0.6829268292682927,0.5714285714285714,0.8484848484848485,C0_fixed0.50,0.5
fraud_detection,SMOTE,LGBM,0,5,0.14100027084350586,0.7599987983703613,454904,0.5,0.9848379154078819,0.7481667843711386,0.48587570621468934,0.33725490196078434,0.8686868686868687,C0_fixed0.50,0.5
fraud_detection,SMOTE,MLP,0,5,0.14100027084350586,414.2458326816559,454904,0.5,0.9430117079203479,0.7982632488063199,0.7999999999999999,0.7920792079207921,0.8080808080808081,C0_fixed0.50,0.5
fraud_detection,SMOTE,RF,1,5,0.13899922370910645,38.5430006980896,454904,0.5,0.9734177680645506,0.8585607616932052,0.7272727272727274,0.6153846153846154,0.8888888888888888,C0_fixed0.50,0.5
fraud_detection,SMOTE,LGBM,1,5,0.13899922370910645,0.8030006885528564,454904,0.5,0.9741238777518961,0.7686503781525201,0.5083798882681565,0.35135135135135137,0.9191919191919192,C0_fixed0.50,0.5
fraud_detection,SMOTE,MLP,1,5,0.13899922370910645,339.76658058166504,454904,0.5,0.9666284568066044,0.8806228223887947,0.8529411764705883,0.8285714285714286,0.8787878787878788,C0_fixed0.50,0.5
fraud_detection,SMOTE,RF,2,5,0.1369953155517578,38.25300216674805,454904,0.5,0.9921197995755642,0.8352894103023314,0.6774193548387096,0.56,0.8571428571428571,C0_fixed0.50,0.5
fraud_detection,SMOTE,LGBM,2,5,0.1369953155517578,0.7839996814727783,454904,0.5,0.9919628703001522,0.7620314291704778,0.450261780104712,0.3028169014084507,0.8775510204081632,C0_fixed0.50,0.5
fraud_detection,SMOTE,MLP,2,5,0.1369953155517578,340.1926300525665,454904,0.5,0.9762122494918863,0.8490020897108254,0.8367346938775511,0.8367346938775511,0.8367346938775511,C0_fixed0.50,0.5
fraud_detection,SMOTE,RF,3,5,0.14599847793579102,38.62899899482727,454904,0.5,0.9720364413285494,0.8213876619178294,0.6899563318777293,0.6030534351145038,0.8061224489795918,C0_fixed0.50,0.5
fraud_detection,SMOTE,LGBM,3,5,0.14599847793579102,0.7720000743865967,454904,0.5,0.9652664998257536,0.787805707034408,0.49122807017543857,0.3442622950819672,0.8571428571428571,C0_fixed0.50,0.5
fraud_detection,SMOTE,MLP,3,5,0.14599847793579102,325.8978440761566,454904,0.5,0.9600915124680265,0.8380892759869133,0.8465608465608465,0.8791208791208791,0.8163265306122449,C0_fixed0.50,0.5
fraud_detection,SMOTE,RF,4,5,0.1399996280670166,38.85300040245056,454904,0.5,0.983756339529991,0.7925099983050851,0.6666666666666666,0.5496688741721855,0.8469387755102041,C0_fixed0.50,0.5
fraud_detection,SMOTE,LGBM,4,5,0.1399996280670166,0.7720000743865967,454904,0.5,0.983733728793911,0.7397260887507718,0.4628099173553719,0.3169811320754717,0.8571428571428571,C0_fixed0.50,0.5
fraud_detection,SMOTE,MLP,4,5,0.1399996280670166,225.8230004310608,454904,0.5,0.9503340825980955,0.7866905328189129,0.7562189054726368,0.7378640776699029,0.7755102040816326,C0_fixed0.50,0.5
fraud_detection,ADASYN,RF,0,5,0.19299793243408203,34.66700196266174,454867,0.4999593287708275,0.9792759027234873,0.7443288114067358,0.1826086956521739,0.1023142509135201,0.8484848484848485,C0_fixed0.50,0.5
fraud_detection,ADASYN,LGBM,0,5,0.19299793243408203,0.8849995136260986,454867,0.4999593287708275,0.9783545850144517,0.7413957404679355,0.25513196480938416,0.14922813036020582,0.8787878787878788,C0_fixed0.50,0.5
fraud_detection,ADASYN,MLP,0,5,0.19299793243408203,301.0688099861145,454867,0.4999593287708275,0.9421048676803736,0.7928132331482353,0.7722772277227724,0.7572815533980582,0.7878787878787878,C0_fixed0.50,0.5
fraud_detection,ADASYN,RF,1,5,0.19699835777282715,34.730000495910645,454850,0.49994063977135317,0.9779233696016137,0.8102320950117027,0.17857142857142858,0.09900990099009901,0.9090909090909091,C0_fixed0.50,0.5
fraud_detection,ADASYN,LGBM,1,5,0.19699835777282715,0.8359997272491455,454850,0.49994063977135317,0.9718596193544755,0.7607659640766329,0.24338624338624337,0.1400304414003044,0.9292929292929293,C0_fixed0.50,0.5
fraud_detection,ADASYN,MLP,1,5,0.19699835777282715,244.62125420570374,454850,0.49994063977135317,0.9616359504511729,0.8749284621121748,0.8390243902439025,0.8113207547169812,0.8686868686868687,C0_fixed0.50,0.5
fraud_detection,ADASYN,RF,2,5,0.19295859336853027,35.332056283950806,454920,0.5000175855095401,0.9902000404122044,0.804935484113828,0.19290465631929046,0.10820895522388059,0.8877551020408163,C0_fixed0.50,0.5
fraud_detection,ADASYN,LGBM,2,5,0.19295859336853027,0.8199992179870605,454920,0.5000175855095401,0.9882081422337325,0.7605204498152048,0.2133333333333333,0.12104539202200826,0.8979591836734694,C0_fixed0.50,0.5
fraud_detection,ADASYN,MLP,2,5,0.19295859336853027,215.19518947601318,454920,0.5000175855095401,0.9689610223211034,0.8463499179355357,0.8058252427184466,0.7685185185185185,0.8469387755102041,C0_fixed0.50,0.5
fraud_detection,ADASYN,RF,3,5,0.1979982852935791,34.08395004272461,454891,0.49998571086260224,0.9749167978747344,0.7810956170680144,0.2650231124807396,0.1560798548094374,0.8775510204081632,C0_fixed0.50,0.5
fraud_detection,ADASYN,LGBM,3,5,0.1979982852935791,0.8629999160766602,454891,0.49998571086260224,0.9695368782899968,0.7719038364217795,0.2824675324675325,0.16795366795366795,0.8877551020408163,C0_fixed0.50,0.5
fraud_detection,ADASYN,MLP,3,5,0.1979982852935791,297.7979974746704,454891,0.49998571086260224,0.9537312559689651,0.8049484055416726,0.7239819004524887,0.6504065040650406,0.8163265306122449,C0_fixed0.50,0.5
fraud_detection,ADASYN,RF,4,5,0.19299626350402832,35.72400188446045,454896,0.49999120678133024,0.9848692902059264,0.6982805556293736,0.18376068376068375,0.1026252983293556,0.8775510204081632,C0_fixed0.50,0.5
fraud_detection,ADASYN,LGBM,4,5,0.19299626350402832,0.8419997692108154,454896,0.49999120678133024,0.9845882710575041,0.7171664089104852,0.2178988326848249,0.12481426448736999,0.8571428571428571,C0_fixed0.50,0.5
fraud_detection,ADASYN,MLP,4,5,0.19299626350402832,463.320992231369,454896,0.49999120678133024,0.9611346569825723,0.769859843137225,0.6723404255319149,0.5766423357664233,0.8061224489795918,C0_fixed0.50,0.5
fraud_detection,G-SMOTE,RF,0,5,1.1230802536010742,36.35799956321716,454904,0.5,0.9849974340240418,0.8043254916139346,0.702928870292887,0.6,0.8484848484848485,C0_fixed0.50,0.5
fraud_detection,G-SMOTE,LGBM,0,5,1.1230802536010742,0.7530002593994141,454904,0.5,0.9800361918962767,0.7384235871753954,0.45866666666666667,0.3115942028985507,0.8686868686868687,C0_fixed0.50,0.5
fraud_detection,G-SMOTE,MLP,0,5,1.1230802536010742,501.0256927013397,454904,0.5,0.9539920244244673,0.7910954507126363,0.7959183673469388,0.8041237113402062,0.7878787878787878,C0_fixed0.50,0.5
fraud_detection,G-SMOTE,RF,1,5,0.9030001163482666,36.999000549316406,454904,0.5,0.9793032589226951,0.8604046389572344,0.6926070038910506,0.5632911392405063,0.898989898989899,C0_fixed0.50,0.5
fraud_detection,G-SMOTE,LGBM,1,5,0.9030001163482666,0.7690002918243408,454904,0.5,0.9724752226554805,0.7692929882319248,0.4838709677419355,0.32967032967032966,0.9090909090909091,C0_fixed0.50,0.5
fraud_detection,G-SMOTE,MLP,1,5,0.9030001163482666,343.6760149002075,454904,0.5,0.970487457271482,0.86841605577157,0.823529411764706,0.8,0.8484848484848485,C0_fixed0.50,0.5
fraud_detection,G-SMOTE,RF,2,5,0.8209996223449707,37.46151566505432,454904,0.5,0.9937858160340266,0.8368660677253461,0.6693227091633467,0.5490196078431373,0.8571428571428571,C0_fixed0.50,0.5
fraud_detection,G-SMOTE,LGBM,2,5,0.8209996223449707,0.8169999122619629,454904,0.5,0.990229649709452,0.7682309848529052,0.4652406417112299,0.31521739130434784,0.8877551020408163,C0_fixed0.50,0.5
fraud_detection,G-SMOTE,MLP,2,5,0.8209996223449707,220.0650177001953,454904,0.5,0.9677089976732476,0.8341296165987382,0.7902439024390243,0.7570093457943925,0.826530612244898,C0_fixed0.50,0.5
fraud_detection,G-SMOTE,RF,3,5,1.3369979858398438,36.44800066947937,454903,0.49999890086457993,0.9737959513861997,0.8170402913664322,0.7168141592920354,0.6328125,0.826530612244898,C0_fixed0.50,0.5
fraud_detection,G-SMOTE,LGBM,3,5,1.3369979858398438,0.798999547958374,454903,0.49999890086457993,0.9694834021046648,0.7829312914914117,0.4709141274238227,0.3231939163498099,0.8673469387755102,C0_fixed0.50,0.5
fraud_detection,G-SMOTE,MLP,3,5,1.3369979858398438,308.52350783348083,454903,0.49999890086457993,0.9529608758896697,0.8448568967219793,0.837696335078534,0.8602150537634409,0.8163265306122449,C0_fixed0.50,0.5
fraud_detection,G-SMOTE,RF,4,5,1.0762391090393066,36.95147180557251,454905,0.5000010991305877,0.9843120073416701,0.796763994566725,0.6857142857142857,0.5714285714285714,0.8571428571428571,C0_fixed0.50,0.5
fraud_detection,G-SMOTE,LGBM,4,5,1.0762391090393066,0.8150005340576172,454905,0.5000010991305877,0.9835235925085966,0.7398997916684432,0.44619422572178485,0.3003533568904594,0.8673469387755102,C0_fixed0.50,0.5
fraud_detection,G-SMOTE,MLP,4,5,1.0762391090393066,365.2781183719635,454905,0.5000010991305877,0.9558074957820211,0.7980390168929339,0.7638190954773869,0.7524752475247525,0.7755102040816326,C0_fixed0.50,0.5
fraud_detection,CTGAN,RF,0,5,9.643507480621338,39.358999490737915,454904,0.5,0.9565483191303146,0.7553585096535339,0.7761194029850745,0.7647058823529411,0.7878787878787878,C0_fixed0.50,0.5
fraud_detection,CTGAN,LGBM,0,5,9.643507480621338,0.6870009899139404,454904,0.5,0.9598180954862804,0.7787414071432648,0.7647058823529412,0.7428571428571429,0.7878787878787878,C0_fixed0.50,0.5
fraud_detection,CTGAN,MLP,0,5,9.643507480621338,93.89613771438599,454904,0.5,0.9666243711404889,0.8188368563059968,0.7914438502673797,0.8409090909090909,0.7474747474747475,C0_fixed0.50,0.5
fraud_detection,CTGAN,RF,1,5,9.86650800704956,40.304513692855835,454904,0.5,0.9742820640856269,0.8253776439008131,0.8252427184466019,0.794392523364486,0.8585858585858586,C0_fixed0.50,0.5
fraud_detection,CTGAN,LGBM,1,5,9.86650800704956,0.6760010719299316,454904,0.5,0.9647629061307552,0.8490378379416916,0.798076923076923,0.7614678899082569,0.8383838383838383,C0_fixed0.50,0.5
fraud_detection,CTGAN,MLP,1,5,9.86650800704956,137.1479971408844,454904,0.5,0.9794999038092086,0.881974295648005,0.8723404255319148,0.9213483146067416,0.8282828282828283,C0_fixed0.50,0.5
fraud_detection,CTGAN,RF,2,5,9.592745780944824,39.59200048446655,454904,0.5,0.983059175167526,0.8194066000965692,0.8247422680412372,0.8333333333333334,0.8163265306122449,C0_fixed0.50,0.5
fraud_detection,CTGAN,LGBM,2,5,9.592745780944824,0.6489994525909424,454904,0.5,0.9679835566113613,0.8392429665262553,0.8181818181818183,0.81,0.826530612244898,C0_fixed0.50,0.5
fraud_detection,CTGAN,MLP,2,5,9.592745780944824,116.06628894805908,454904,0.5,0.9749575330897355,0.8599668187675255,0.8586387434554974,0.8817204301075269,0.8367346938775511,C0_fixed0.50,0.5
fraud_detection,CTGAN,RF,3,5,9.15639066696167,37.960999965667725,454904,0.5,0.9687408368197533,0.7960085071179316,0.7918781725888324,0.7878787878787878,0.7959183673469388,C0_fixed0.50,0.5
fraud_detection,CTGAN,LGBM,3,5,9.15639066696167,0.6570000648498535,454904,0.5,0.9719570345768401,0.7973702970814397,0.7751196172248804,0.7297297297297297,0.826530612244898,C0_fixed0.50,0.5
fraud_detection,CTGAN,MLP,3,5,9.15639066696167,148.24749660491943,454904,0.5,0.9744902445440831,0.8545070794159139,0.8524590163934426,0.9176470588235294,0.7959183673469388,C0_fixed0.50,0.5
fraud_detection,CTGAN,RF,4,5,9.413489580154419,40.02410531044006,454904,0.5,0.9650007339516711,0.7806134045428267,0.8163265306122449,0.8163265306122449,0.8163265306122449,C0_fixed0.50,0.5
fraud_detection,CTGAN,LGBM,4,5,9.413489580154419,0.6349997520446777,454904,0.5,0.9502478567355049,0.7862583155711722,0.806122448979592,0.8061224489795918,0.8061224489795918,C0_fixed0.50,0.5
fraud_detection,CTGAN,MLP,4,5,9.413489580154419,133.7673680782318,454904,0.5,0.9685296238327208,0.8174189760772581,0.7939698492462313,0.7821782178217822,0.8061224489795918,C0_fixed0.50,0.5
fraud_detection,TVAE,RF,0,5,6.491001129150391,41.207998752593994,454904,0.5,0.9742375658525,0.7745448358936855,0.7729468599033815,0.7407407407407407,0.8080808080808081,C0_fixed0.50,0.5
fraud_detection,TVAE,LGBM,0,5,6.491001129150391,0.6629993915557861,454904,0.5,0.9615979359925336,0.7008015816872033,0.7512195121951221,0.7264150943396226,0.7777777777777778,C0_fixed0.50,0.5
fraud_detection,TVAE,MLP,0,5,6.491001129150391,186.90952587127686,454904,0.5,0.9591571945826909,0.8014148669826663,0.8021390374331552,0.8522727272727273,0.7575757575757576,C0_fixed0.50,0.5
fraud_detection,TVAE,RF,1,5,6.4780004024505615,40.83799934387207,454904,0.5,0.9757317650059855,0.8564089160560345,0.8736842105263157,0.9120879120879121,0.8383838383838383,C0_fixed0.50,0.5
fraud_detection,TVAE,LGBM,1,5,6.4780004024505615,0.7139995098114014,454904,0.5,0.9699244347170064,0.8433240449096006,0.8316831683168316,0.8155339805825242,0.8484848484848485,C0_fixed0.50,0.5
fraud_detection,TVAE,MLP,1,5,6.4780004024505615,146.89054679870605,454904,0.5,0.9775588571290521,0.8725466343753684,0.8571428571428572,0.9,0.8181818181818182,C0_fixed0.50,0.5
fraud_detection,TVAE,RF,2,5,6.416997671127319,40.16003060340881,454904,0.5,0.984193659877823,0.8457114340100835,0.8241206030150754,0.8118811881188119,0.8367346938775511,C0_fixed0.50,0.5
fraud_detection,TVAE,LGBM,2,5,6.416997671127319,0.6759998798370361,454904,0.5,0.982915256037874,0.8118893588740149,0.8019323671497586,0.7614678899082569,0.8469387755102041,C0_fixed0.50,0.5
fraud_detection,TVAE,MLP,2,5,6.416997671127319,134.41409873962402,454904,0.5,0.9626061493306326,0.8423239531813514,0.8474576271186441,0.9493670886075949,0.7653061224489796,C0_fixed0.50,0.5
fraud_detection,TVAE,RF,3,5,6.458999395370483,40.82600021362305,454904,0.5,0.9630955102615056,0.8452097773885257,0.7345132743362831,0.6484375,0.8469387755102041,C0_fixed0.50,0.5
fraud_detection,TVAE,LGBM,3,5,6.458999395370483,0.7190005779266357,454904,0.5,0.9648881288969873,0.7901823936999604,0.7339449541284403,0.6666666666666666,0.8163265306122449,C0_fixed0.50,0.5
fraud_detection,TVAE,MLP,3,5,6.458999395370483,158.3059709072113,454904,0.5,0.9714763769848547,0.8294459003402629,0.826086956521739,0.8837209302325582,0.7755102040816326,C0_fixed0.50,0.5
fraud_detection,TVAE,RF,4,5,6.440419912338257,41.25400114059448,454904,0.5,0.960040369136417,0.7403082527526285,0.8181818181818183,0.81,0.826530612244898,C0_fixed0.50,0.5
fraud_detection,TVAE,LGBM,4,5,6.440419912338257,0.6649997234344482,454904,0.5,0.9690093841732743,0.7205851948285853,0.8099999999999999,0.7941176470588235,0.826530612244898,C0_fixed0.50,0.5
fraud_detection,TVAE,MLP,4,5,6.440419912338257,335.960654258728,454904,0.5,0.9591689585459072,0.8175895783405103,0.8022598870056498,0.8987341772151899,0.7244897959183674,C0_fixed0.50,0.5
fraud_detection,GMMSampling,RF,0,5,29.161999702453613,18.598000288009644,227842,0.49999561099358325,0.9349780448737591,0.6462023492178662,0.006546990496304118,0.0032849422485959523,0.9393939393939394,C0_fixed0.50,
fraud_detection,GMMSampling,LGBM,0,5,29.161999702453613,0.4910001754760742,227842,0.49999561099358325,0.9203890193637481,0.6532192358958325,0.006405969518848333,0.003214184797965527,0.9191919191919192,C0_fixed0.50,
fraud_detection,GMMSampling,MLP,0,5,29.161999702453613,69.88479948043823,227842,0.49999561099358325,0.9471925878200609,0.6248118085817146,0.015753606513850785,0.007946428571428571,0.898989898989899,C0_fixed0.50,
fraud_detection,GMMSampling,RF,1,5,28.165998220443726,18.881999969482422,227843,0.4999978055064233,0.9347454283616639,0.6554466012864749,0.006472719597565695,0.003247670149675233,0.9292929292929293,C0_fixed0.50,
fraud_detection,GMMSampling,LGBM,1,5,28.165998220443726,0.47299957275390625,227843,0.4999978055064233,0.9204876970823193,0.6696546765464788,0.0064242852100247095,0.003223406893131664,0.9191919191919192,C0_fixed0.50,
fraud_detection,GMMSampling,MLP,1,5,28.165998220443726,110.32749962806702,227843,0.4999978055064233,0.9533624765673726,0.6999195672130186,0.014490394008466297,0.007304062371768568,0.898989898989899,C0_fixed0.50,
fraud_detection,GMMSampling,RF,2,5,28.548999071121216,18.594000816345215,227845,0.49999780552568635,0.9469110683859918,0.7006458680853217,0.0062950269287263055,0.003158338012352611,0.9183673469387755,C0_fixed0.50,
fraud_detection,GMMSampling,LGBM,2,5,28.548999071121216,0.490001916885376,227845,0.49999780552568635,0.9269011053060937,0.7154274493923654,0.006337581860432363,0.0031797625777275295,0.9183673469387755,C0_fixed0.50,
fraud_detection,GMMSampling,MLP,2,5,28.548999071121216,184.83333253860474,227845,0.49999780552568635,0.9533613192036571,0.70495536968951,0.0162708060594726,0.008210645526613816,0.8877551020408163,C0_fixed0.50,
fraud_detection,GMMSampling,RF,3,5,29.301002025604248,18.736998796463013,227844,0.4999956110321097,0.9453031040951632,0.722050761744437,0.006574575974820774,0.0032985928343334386,0.9591836734693877,C0_fixed0.50,
fraud_detection,GMMSampling,LGBM,3,5,29.301002025604248,0.4830000400543213,227844,0.4999956110321097,0.9245430388183269,0.7196060188190686,0.006532045654082528,0.0032773020403848185,0.9489795918367347,C0_fixed0.50,
fraud_detection,GMMSampling,MLP,3,5,29.301002025604248,90.4640007019043,227844,0.4999956110321097,0.9582263959168599,0.6721780460354773,0.02060407398735659,0.010421601136901942,0.8979591836734694,C0_fixed0.50,
fraud_detection,GMMSampling,RF,4,5,29.199567317962646,18.837002277374268,227845,0.49999780552568635,0.9339400427881263,0.6861699824763668,0.006202955115695567,0.0031121057416602558,0.9081632653061225,C0_fixed0.50,
fraud_detection,GMMSampling,LGBM,4,5,29.199567317962646,0.4760007858276367,227845,0.49999780552568635,0.9235770579269114,0.6504362715061567,0.006269150847039763,0.0031454320551334157,0.9081632653061225,C0_fixed0.50,
fraud_detection,GMMSampling,MLP,4,5,29.199567317962646,127.68200016021729,227845,0.49999780552568635,0.9379154049816116,0.6516647080051362,0.01653363740022805,0.008344523307116823,0.8877551020408163,C0_fixed0.50,
fraud_detection,SMOTE,RF,0,5,0.07699775695800781,22.03400158882141,284315,0.2,0.984323832027963,0.8016135947597194,0.702928870292887,0.6,0.8484848484848485,C1_grid,0.2
fraud_detection,SMOTE,LGBM,0,5,0.07699775695800781,0.6009984016418457,284315,0.2,0.9816587342570846,0.7467297455514321,0.4735376044568245,0.3269230769230769,0.8585858585858586,C1_grid,0.2
fraud_detection,SMOTE,MLP,0,5,0.07699775695800781,171.28813910484314,284315,0.2,0.9507979217104658,0.7895177898221086,0.7684729064039408,0.75,0.7878787878787878,C1_grid,0.2
fraud_detection,SMOTE,RF,1,5,0.07499837875366211,22.770002365112305,284315,0.2,0.9811926130446081,0.8630487087844908,0.7295081967213115,0.6137931034482759,0.898989898989899,C1_grid,0.2
fraud_detection,SMOTE,LGBM,1,5,0.07499837875366211,0.6049995422363281,284315,0.2,0.9748283887003265,0.7690612454520441,0.5027624309392266,0.34600760456273766,0.9191919191919192,C1_grid,0.2
fraud_detection,SMOTE,MLP,1,5,0.07499837875366211,216.8640010356903,284315,0.2,0.969456981222101,0.8746712335670257,0.8151658767772512,0.7678571428571429,0.8686868686868687,C1_grid,0.2
fraud_detection,SMOTE,RF,2,5,0.0749969482421875,22.144002199172974,284315,0.2,0.9909589356731737,0.839526413575303,0.6774193548387096,0.56,0.8571428571428571,C1_grid,0.2
fraud_detection,SMOTE,LGBM,2,5,0.0749969482421875,0.5880007743835449,284315,0.2,0.9950017711743263,0.7738365311482585,0.46739130434782605,0.31851851851851853,0.8775510204081632,C1_grid,0.2
fraud_detection,SMOTE,MLP,2,5,0.0749969482421875,134.68700098991394,284315,0.2,0.9728873945864154,0.8472695704057654,0.8258706467661691,0.8058252427184466,0.8469387755102041,C1_grid,0.2
fraud_detection,SMOTE,RF,3,5,0.07399916648864746,22.536001205444336,284315,0.2,0.9737356560899864,0.8210145607088005,0.6722689075630252,0.5714285714285714,0.8163265306122449,C1_grid,0.2
fraud_detection,SMOTE,LGBM,3,5,0.07399916648864746,0.5950014591217041,284315,0.2,0.9710489264027719,0.776731283772315,0.47592067988668557,0.32941176470588235,0.8571428571428571,C1_grid,0.2
fraud_detection,SMOTE,MLP,3,5,0.07399916648864746,172.513001203537,284315,0.2,0.9568719948806422,0.8212299672718112,0.7897435897435898,0.7938144329896907,0.7857142857142857,C1_grid,0.2
fraud_detection,SMOTE,RF,4,5,0.0749974250793457,22.196001529693604,284315,0.2,0.9873481267364058,0.7896888341835963,0.6774193548387096,0.56,0.8571428571428571,C1_grid,0.2
fraud_detection,SMOTE,LGBM,4,5,0.0749974250793457,0.6089968681335449,284315,0.2,0.9817472141240295,0.7430302672290243,0.44973544973544965,0.30357142857142855,0.8673469387755102,C1_grid,0.2
fraud_detection,SMOTE,MLP,4,5,0.0749974250793457,172.54802989959717,284315,0.2,0.9380756540873212,0.787149738732541,0.7638190954773869,0.7524752475247525,0.7755102040816326,C1_grid,0.2
fraud_detection,SMOTE,RF,0,5,0.08599972724914551,25.963002920150757,324931,0.299999076727059,0.9849954800098126,0.8020208683961653,0.6859504132231405,0.5804195804195804,0.8383838383838383,C1_grid,0.3
fraud_detection,SMOTE,LGBM,0,5,0.08599972724914551,0.6289987564086914,324931,0.299999076727059,0.9841862516624664,0.74460197094407,0.4899135446685878,0.34274193548387094,0.8585858585858586,C1_grid,0.3
fraud_detection,SMOTE,MLP,0,5,0.08599972724914551,191.77168536186218,324931,0.299999076727059,0.9421505205582725,0.7913766295363643,0.7959183673469388,0.8041237113402062,0.7878787878787878,C1_grid,0.3
fraud_detection,SMOTE,RF,1,5,0.08899736404418945,25.71399974822998,324931,0.299999076727059,0.9821258324766757,0.8541000463979764,0.7242798353909464,0.6111111111111112,0.8888888888888888,C1_grid,0.3
fraud_detection,SMOTE,LGBM,1,5,0.08899736404418945,0.6570005416870117,324931,0.299999076727059,0.9711917017634268,0.7682038377035071,0.48924731182795694,0.3333333333333333,0.9191919191919192,C1_grid,0.3
fraud_detection,SMOTE,MLP,1,5,0.08899736404418945,103.64600086212158,324931,0.299999076727059,0.9717364276392114,0.8650866980287786,0.7981220657276996,0.7456140350877193,0.8585858585858586,C1_grid,0.3
fraud_detection,SMOTE,RF,2,5,0.08899950981140137,26.47700023651123,324931,0.299999076727059,0.9926163385178914,0.8424465742178454,0.6614173228346457,0.5384615384615384,0.8571428571428571,C1_grid,0.3
fraud_detection,SMOTE,LGBM,2,5,0.08899950981140137,0.6286435127258301,324931,0.299999076727059,0.9930428918485424,0.7636699321799486,0.4514435695538057,0.303886925795053,0.8775510204081632,C1_grid,0.3
fraud_detection,SMOTE,MLP,2,5,0.08899950981140137,202.28702211380005,324931,0.299999076727059,0.9690988401410192,0.8438138837416863,0.8282828282828283,0.82,0.8367346938775511,C1_grid,0.3
fraud_detection,SMOTE,RF,3,5,0.09700179100036621,25.52499747276306,324931,0.299999076727059,0.9759132853148293,0.8180657047094939,0.6986899563318777,0.6106870229007634,0.8163265306122449,C1_grid,0.3
fraud_detection,SMOTE,LGBM,3,5,0.09700179100036621,0.6599991321563721,324931,0.299999076727059,0.970594199377164,0.789120964424643,0.4761904761904762,0.3281853281853282,0.8673469387755102,C1_grid,0.3
fraud_detection,SMOTE,MLP,3,5,0.09700179100036621,130.48700070381165,324931,0.299999076727059,0.9549929709322837,0.8323158091360531,0.814070351758794,0.801980198019802,0.826530612244898,C1_grid,0.3
fraud_detection,SMOTE,RF,4,5,0.08800077438354492,26.13800024986267,324931,0.299999076727059,0.9866852373786333,0.8065879473563972,0.6666666666666665,0.5454545454545454,0.8571428571428571,C1_grid,0.3
fraud_detection,SMOTE,LGBM,4,5,0.08800077438354492,0.6360001564025879,324931,0.299999076727059,0.984656641616603,0.7397793793179963,0.45528455284552855,0.30996309963099633,0.8571428571428571,C1_grid,0.3
fraud_detection,SMOTE,MLP,4,5,0.08800077438354492,232.94200015068054,324931,0.299999076727059,0.9556764970729864,0.8023081224948314,0.7958115183246073,0.8172043010752689,0.7755102040816326,C1_grid,0.3
fraud_detection,SMOTE,RF,0,5,0.10900235176086426,31.627997875213623,379086,0.3999989448304606,0.9848446656388552,0.8057607801554769,0.6885245901639345,0.5793103448275863,0.8484848484848485,C1_grid,0.4
fraud_detection,SMOTE,LGBM,0,5,0.10900235176086426,0.7219996452331543,379086,0.3999989448304606,0.9828849670046934,0.7374172455918924,0.4846796657381615,0.3346153846153846,0.8787878787878788,C1_grid,0.4
fraud_detection,SMOTE,MLP,0,5,0.10900235176086426,194.07341051101685,379086,0.3999989448304606,0.9443434574363297,0.7925905566827021,0.7860696517412936,0.7745098039215687,0.797979797979798,C1_grid,0.4
fraud_detection,SMOTE,RF,1,5,0.10899901390075684,30.944999933242798,379086,0.3999989448304606,0.9790716194177145,0.8601120014733457,0.7242798353909464,0.6111111111111112,0.8888888888888888,C1_grid,0.4
fraud_detection,SMOTE,LGBM,1,5,0.10899901390075684,0.7169997692108154,379086,0.3999989448304606,0.974901841871576,0.7664985294721814,0.5142857142857142,0.35856573705179284,0.9090909090909091,C1_grid,0.4
fraud_detection,SMOTE,MLP,1,5,0.10899901390075684,144.8290011882782,379086,0.3999989448304606,0.9708919382169123,0.8752476643948853,0.8341708542713568,0.83,0.8383838383838383,C1_grid,0.4
fraud_detection,SMOTE,RF,2,5,0.10904431343078613,31.091954469680786,379086,0.3999989448304606,0.9911696103093471,0.8360017470485597,0.6511627906976745,0.525,0.8571428571428571,C1_grid,0.4
fraud_detection,SMOTE,LGBM,2,5,0.10904431343078613,0.7179970741271973,379086,0.3999989448304606,0.9921715709831759,0.7615930621138134,0.4467532467532467,0.29965156794425085,0.8775510204081632,C1_grid,0.4
fraud_detection,SMOTE,MLP,2,5,0.10904431343078613,190.1112141609192,379086,0.3999989448304606,0.9759771696167696,0.8445794367960544,0.784688995215311,0.7387387387387387,0.8367346938775511,C1_grid,0.4
fraud_detection,SMOTE,RF,3,5,0.1100003719329834,30.834999799728394,379086,0.3999989448304606,0.9788108690885038,0.8129732350458305,0.6952789699570816,0.6,0.826530612244898,C1_grid,0.4
fraud_detection,SMOTE,LGBM,3,5,0.1100003719329834,0.724999189376831,379086,0.3999989448304606,0.9720887510870202,0.7854296168618794,0.478386167146974,0.3333333333333333,0.8469387755102041,C1_grid,0.4
fraud_detection,SMOTE,MLP,3,5,0.1100003719329834,299.55278420448303,379086,0.3999989448304606,0.9618144146672616,0.8315929950172495,0.8080808080808082,0.8,0.8163265306122449,C1_grid,0.4
fraud_detection,SMOTE,RF,4,5,0.11099982261657715,31.746000051498413,379086,0.3999989448304606,0.9858755576866274,0.8039284941791881,0.6693227091633467,0.5490196078431373,0.8571428571428571,C1_grid,0.4
fraud_detection,SMOTE,LGBM,4,5,0.11099982261657715,0.7130002975463867,379086,0.3999989448304606,0.9818051765665202,0.7337209992276321,0.4432717678100263,0.298932384341637,0.8571428571428571,C1_grid,0.4
fraud_detection,SMOTE,MLP,4,5,0.11099982261657715,226.16784024238586,379086,0.3999989448304606,0.9558762252416927,0.7827955932573782,0.7162790697674418,0.6581196581196581,0.7857142857142857,C1_grid,0.4
fraud_detection,SMOTE,RF,0,5,0.1379997730255127,38.555999994277954,454904,0.5,0.9826947170738388,0.7995357893286301,0.6829268292682927,0.5714285714285714,0.8484848484848485,C1_grid,0.5
fraud_detection,SMOTE,LGBM,0,5,0.1379997730255127,0.823000431060791,454904,0.5,0.9848379154078819,0.7481667843711386,0.48587570621468934,0.33725490196078434,0.8686868686868687,C1_grid,0.5
fraud_detection,SMOTE,MLP,0,5,0.1379997730255127,413.7814106941223,454904,0.5,0.9430117079203479,0.7982632488063199,0.7999999999999999,0.7920792079207921,0.8080808080808081,C1_grid,0.5
fraud_detection,SMOTE,RF,1,5,0.1379990577697754,39.59111571311951,454904,0.5,0.9734177680645506,0.8585607616932052,0.7272727272727274,0.6153846153846154,0.8888888888888888,C1_grid,0.5
fraud_detection,SMOTE,LGBM,1,5,0.1379990577697754,0.8089971542358398,454904,0.5,0.9741238777518961,0.7686503781525201,0.5083798882681565,0.35135135135135137,0.9191919191919192,C1_grid,0.5
fraud_detection,SMOTE,MLP,1,5,0.1379990577697754,339.08805775642395,454904,0.5,0.9666284568066044,0.8806228223887947,0.8529411764705883,0.8285714285714286,0.8787878787878788,C1_grid,0.5
fraud_detection,SMOTE,RF,2,5,0.13899731636047363,38.417001724243164,454904,0.5,0.9921197995755642,0.8352894103023314,0.6774193548387096,0.56,0.8571428571428571,C1_grid,0.5
fraud_detection,SMOTE,LGBM,2,5,0.13899731636047363,0.7839999198913574,454904,0.5,0.9919628703001522,0.7620314291704778,0.450261780104712,0.3028169014084507,0.8775510204081632,C1_grid,0.5
fraud_detection,SMOTE,MLP,2,5,0.13899731636047363,339.07199811935425,454904,0.5,0.9762122494918863,0.8490020897108254,0.8367346938775511,0.8367346938775511,0.8367346938775511,C1_grid,0.5
fraud_detection,SMOTE,RF,3,5,0.13699817657470703,38.54800295829773,454904,0.5,0.9720364413285494,0.8213876619178294,0.6899563318777293,0.6030534351145038,0.8061224489795918,C1_grid,0.5
fraud_detection,SMOTE,LGBM,3,5,0.13699817657470703,0.7780001163482666,454904,0.5,0.9652664998257536,0.787805707034408,0.49122807017543857,0.3442622950819672,0.8571428571428571,C1_grid,0.5
fraud_detection,SMOTE,MLP,3,5,0.13699817657470703,324.54400086402893,454904,0.5,0.9600915124680265,0.8380892759869133,0.8465608465608465,0.8791208791208791,0.8163265306122449,C1_grid,0.5
fraud_detection,SMOTE,RF,4,5,0.13699841499328613,39.323002099990845,454904,0.5,0.983756339529991,0.7925099983050851,0.6666666666666666,0.5496688741721855,0.8469387755102041,C1_grid,0.5
fraud_detection,SMOTE,LGBM,4,5,0.13699841499328613,0.7660014629364014,454904,0.5,0.983733728793911,0.7397260887507718,0.4628099173553719,0.3169811320754717,0.8571428571428571,C1_grid,0.5
fraud_detection,SMOTE,MLP,4,5,0.13699841499328613,225.5162796974182,454904,0.5,0.9503340825980955,0.7866905328189129,0.7562189054726368,0.7378640776699029,0.7755102040816326,C1_grid,0.5
fraud_detection,ADASYN,RF,0,5,0.13499808311462402,20.97100043296814,284309,0.19998311696077156,0.9807318209618475,0.7673556820705427,0.18736383442265797,0.10500610500610501,0.8686868686868687,C1_grid,0.2
fraud_detection,ADASYN,LGBM,0,5,0.13499808311462402,0.6139993667602539,284309,0.19998311696077156,0.975508474470893,0.7540446559450152,0.2555066079295154,0.14948453608247422,0.8787878787878788,C1_grid,0.2
fraud_detection,ADASYN,MLP,0,5,0.13499808311462402,195.2800543308258,284309,0.19998311696077156,0.9516152325712146,0.7865485714791851,0.7623762376237624,0.7475728155339806,0.7777777777777778,C1_grid,0.2
fraud_detection,ADASYN,RF,1,5,0.1269979476928711,21.305999994277954,284276,0.19989024750594492,0.977076570889771,0.8109882193912329,0.18724279835390947,0.10423825887743414,0.9191919191919192,C1_grid,0.2
fraud_detection,ADASYN,LGBM,1,5,0.1269979476928711,0.6319992542266846,284276,0.19989024750594492,0.972340040398356,0.7656482940138564,0.2362002567394095,0.13529411764705881,0.9292929292929293,C1_grid,0.2
fraud_detection,ADASYN,MLP,1,5,0.1269979476928711,200.513689994812,284276,0.19989024750594492,0.9693923211148824,0.8761753072715032,0.8349514563106796,0.8037383177570093,0.8686868686868687,C1_grid,0.2
fraud_detection,ADASYN,RF,2,5,0.14699840545654297,20.61800742149353,284318,0.20000844125240047,0.9898989228317111,0.8103273783162195,0.19594594594594594,0.11012658227848102,0.8877551020408163,C1_grid,0.2
fraud_detection,ADASYN,LGBM,2,5,0.14699840545654297,0.6399998664855957,284318,0.20000844125240047,0.9869490292995661,0.7642752878605588,0.22138364779874212,0.12625538020086083,0.8979591836734694,C1_grid,0.2
fraud_detection,ADASYN,MLP,2,5,0.14699840545654297,255.05919456481934,284318,0.20000844125240047,0.9664602031305463,0.8407699699421086,0.8282828282828283,0.82,0.8367346938775511,C1_grid,0.2
fraud_detection,ADASYN,RF,3,5,0.1399991512298584,20.420000314712524,284303,0.19996623320893553,0.9737796214101418,0.7899894181251639,0.2635658914728682,0.15539305301645337,0.8673469387755102,C1_grid,0.2
fraud_detection,ADASYN,LGBM,3,5,0.1399991512298584,0.6419999599456787,284303,0.19996623320893553,0.9669048809401184,0.7598071824736852,0.29000000000000004,0.17330677290836655,0.8877551020408163,C1_grid,0.2
fraud_detection,ADASYN,MLP,3,5,0.1399991512298584,109.70604228973389,284303,0.19996623320893553,0.955861510318212,0.8082347523268353,0.8241758241758241,0.8928571428571429,0.7653061224489796,C1_grid,0.2
fraud_detection,ADASYN,RF,4,5,0.12999725341796875,20.436002731323242,284353,0.2001069093696919,0.9827131950154453,0.7140732858930816,0.18356456776947705,0.10250297973778308,0.8775510204081632,C1_grid,0.2
fraud_detection,ADASYN,LGBM,4,5,0.12999725341796875,0.6169960498809814,284353,0.2001069093696919,0.9838819547304352,0.7125540966313205,0.2178988326848249,0.12481426448736999,0.8571428571428571,C1_grid,0.2
fraud_detection,ADASYN,MLP,4,5,0.12999725341796875,177.14319849014282,284353,0.2001069093696919,0.945596774488773,0.7913170903810777,0.7358490566037734,0.6842105263157895,0.7959183673469388,C1_grid,0.2
fraud_detection,ADASYN,RF,0,5,0.1379990577697754,24.592000246047974,324897,0.2999258226453307,0.9784939417565202,0.7517943324969361,0.1728395061728395,0.09621993127147767,0.8484848484848485,C1_grid,0.3
fraud_detection,ADASYN,LGBM,0,5,0.1379990577697754,0.6670007705688477,324897,0.2999258226453307,0.9769774490770569,0.759709228880049,0.2543352601156069,0.14839797639123103,0.8888888888888888,C1_grid,0.3
fraud_detection,ADASYN,MLP,0,5,0.1379990577697754,179.63900017738342,324897,0.2999258226453307,0.9527860423697787,0.7824055845165939,0.7699999999999999,0.7623762376237624,0.7777777777777778,C1_grid,0.3
fraud_detection,ADASYN,RF,1,5,0.1529989242553711,24.785000562667847,324936,0.30000984809316295,0.9773824629354587,0.816374381925819,0.18680203045685279,0.1038374717832957,0.9292929292929293,C1_grid,0.3
fraud_detection,ADASYN,LGBM,1,5,0.1529989242553711,0.6289987564086914,324936,0.30000984809316295,0.9689314402132931,0.7638640863522143,0.2408376963350785,0.13834586466165413,0.9292929292929293,C1_grid,0.3
fraud_detection,ADASYN,MLP,1,5,0.1529989242553711,239.30512285232544,324936,0.30000984809316295,0.9669927916415086,0.8747468724997787,0.8390243902439025,0.8113207547169812,0.8686868686868687,C1_grid,0.3
fraud_detection,ADASYN,RF,2,5,0.15599799156188965,24.149999856948853,324952,0.30004431423717964,0.9900550445808346,0.8079195050647946,0.19572553430821146,0.10998735777496839,0.8877551020408163,C1_grid,0.3
fraud_detection,ADASYN,LGBM,2,5,0.15599799156188965,0.6849968433380127,324952,0.30004431423717964,0.9871207632236019,0.7623276748076716,0.22222222222222218,0.12680115273775217,0.8979591836734694,C1_grid,0.3
fraud_detection,ADASYN,MLP,2,5,0.15599799156188965,240.9993278980255,324952,0.30004431423717964,0.9686191695256088,0.8374916420305657,0.8367346938775511,0.8367346938775511,0.8367346938775511,C1_grid,0.3
fraud_detection,ADASYN,RF,3,5,0.1470017433166504,23.997000455856323,324966,0.30007446932909904,0.9731178087540875,0.7820178694062728,0.26380368098159507,0.1552346570397112,0.8775510204081632,C1_grid,0.3
fraud_detection,ADASYN,LGBM,3,5,0.1470017433166504,0.693000078201294,324966,0.30007446932909904,0.9688599918098889,0.7553090097601606,0.28115015974440893,0.16666666666666666,0.8979591836734694,C1_grid,0.3
fraud_detection,ADASYN,MLP,3,5,0.1470017433166504,168.8609607219696,324966,0.30007446932909904,0.9617406605995722,0.8154151024512208,0.8461538461538461,0.9166666666666666,0.7857142857142857,C1_grid,0.3
fraud_detection,ADASYN,RF,4,5,0.15899872779846191,24.107999801635742,324916,0.29996676063967304,0.9832447267636105,0.7078131145245995,0.1778697001034126,0.09896432681242807,0.8775510204081632,C1_grid,0.3
fraud_detection,ADASYN,LGBM,4,5,0.15899872779846191,0.6839995384216309,324916,0.29996676063967304,0.9822284997920171,0.7194871667993916,0.2210663198959688,0.12667660208643816,0.8673469387755102,C1_grid,0.3
fraud_detection,ADASYN,MLP,4,5,0.15899872779846191,195.39900016784668,324916,0.29996676063967304,0.9621277348672266,0.7942461810814206,0.7700000000000001,0.7549019607843137,0.7857142857142857,C1_grid,0.3
fraud_detection,ADASYN,RF,0,5,0.18599963188171387,28.753999948501587,379107,0.40003218088824527,0.9800459619674223,0.7417908470772907,0.18025751072961374,0.10084033613445378,0.8484848484848485,C1_grid,0.4
fraud_detection,ADASYN,LGBM,0,5,0.18599963188171387,0.7549991607666016,379107,0.40003218088824527,0.9784112514270965,0.764021711241368,0.24478442280945759,0.14193548387096774,0.8888888888888888,C1_grid,0.4
fraud_detection,ADASYN,MLP,0,5,0.18599963188171387,412.6780004501343,379107,0.40003218088824527,0.9521721266265171,0.7872240342697456,0.7439613526570048,0.7129629629629629,0.7777777777777778,C1_grid,0.4
fraud_detection,ADASYN,RF,1,5,0.178999662399292,28.159000158309937,379074,0.3999799511441038,0.9760475159416475,0.807647820535581,0.19320594479830147,0.10794780545670225,0.9191919191919192,C1_grid,0.4
fraud_detection,ADASYN,LGBM,1,5,0.178999662399292,0.7309985160827637,379074,0.3999799511441038,0.9698762949119069,0.7640578538029583,0.23989569752281617,0.1377245508982036,0.9292929292929293,C1_grid,0.4
fraud_detection,ADASYN,MLP,1,5,0.178999662399292,168.65182733535767,379074,0.3999799511441038,0.9665668165395582,0.86172058993863,0.8484848484848486,0.8484848484848485,0.8484848484848485,C1_grid,0.4
fraud_detection,ADASYN,RF,2,5,0.17104339599609375,28.40595531463623,379126,0.4000622484345574,0.99059590774389,0.8131909179171334,0.1993047508690614,0.11241830065359477,0.8775510204081632,C1_grid,0.4
fraud_detection,ADASYN,LGBM,2,5,0.17104339599609375,0.7180004119873047,379126,0.4000622484345574,0.9884914942358773,0.764884972851146,0.21917808219178078,0.12482269503546099,0.8979591836734694,C1_grid,0.4
fraud_detection,ADASYN,MLP,2,5,0.17104339599609375,117.96900010108948,379126,0.4000622484345574,0.9711637745860351,0.8406919688736779,0.8410256410256411,0.845360824742268,0.8367346938775511,C1_grid,0.4
fraud_detection,ADASYN,RF,3,5,0.1719977855682373,28.325000286102295,379043,0.39993087855467585,0.9761237805007165,0.7900856738696665,0.26604068857589985,0.15711645101663585,0.8673469387755102,C1_grid,0.4
fraud_detection,ADASYN,LGBM,3,5,0.1719977855682373,0.7260000705718994,379043,0.39993087855467585,0.9702868907617916,0.7577236389489976,0.2770700636942675,0.1641509433962264,0.8877551020408163,C1_grid,0.4
fraud_detection,ADASYN,MLP,3,5,0.1719977855682373,214.73962831497192,379043,0.39993087855467585,0.9563038552740618,0.822473824258807,0.8315789473684211,0.8586956521739131,0.8061224489795918,C1_grid,0.4
fraud_detection,ADASYN,RF,4,5,0.17699790000915527,28.48300004005432,379075,0.3999815339972301,0.9828829549863313,0.7030083765642567,0.18220338983050846,0.1016548463356974,0.8775510204081632,C1_grid,0.4
fraud_detection,ADASYN,LGBM,4,5,0.17699790000915527,0.6999998092651367,379075,0.3999815339972301,0.9844884966982942,0.7163637833329096,0.22134387351778653,0.12708018154311648,0.8571428571428571,C1_grid,0.4
fraud_detection,ADASYN,MLP,4,5,0.17699790000915527,203.05654907226562,379075,0.3999815339972301,0.9577733736689724,0.7997175014127067,0.7586206896551724,0.7333333333333333,0.7857142857142857,C1_grid,0.4
fraud_detection,ADASYN,RF,0,5,0.18799829483032227,35.69599986076355,454867,0.4999593287708275,0.9792759027234873,0.7443288114067358,0.1826086956521739,0.1023142509135201,0.8484848484848485,C1_grid,0.5
fraud_detection,ADASYN,LGBM,0,5,0.18799829483032227,0.8389997482299805,454867,0.4999593287708275,0.9783545850144517,0.7413957404679355,0.25513196480938416,0.14922813036020582,0.8787878787878788,C1_grid,0.5
fraud_detection,ADASYN,MLP,0,5,0.18799829483032227,299.9479994773865,454867,0.4999593287708275,0.9421048676803736,0.7928132331482353,0.7722772277227724,0.7572815533980582,0.7878787878787878,C1_grid,0.5
fraud_detection,ADASYN,RF,1,5,0.20599937438964844,35.06906747817993,454850,0.49994063977135317,0.9779233696016137,0.8102320950117027,0.17857142857142858,0.09900990099009901,0.9090909090909091,C1_grid,0.5
fraud_detection,ADASYN,LGBM,1,5,0.20599937438964844,0.8389992713928223,454850,0.49994063977135317,0.9718596193544755,0.7607659640766329,0.24338624338624337,0.1400304414003044,0.9292929292929293,C1_grid,0.5
fraud_detection,ADASYN,MLP,1,5,0.20599937438964844,243.8576979637146,454850,0.49994063977135317,0.9616359504511729,0.8749284621121748,0.8390243902439025,0.8113207547169812,0.8686868686868687,C1_grid,0.5
fraud_detection,ADASYN,RF,2,5,0.19999909400939941,34.49900007247925,454920,0.5000175855095401,0.9902000404122044,0.804935484113828,0.19290465631929046,0.10820895522388059,0.8877551020408163,C1_grid,0.5
fraud_detection,ADASYN,LGBM,2,5,0.19999909400939941,0.7960000038146973,454920,0.5000175855095401,0.9882081422337325,0.7605204498152048,0.2133333333333333,0.12104539202200826,0.8979591836734694,C1_grid,0.5
fraud_detection,ADASYN,MLP,2,5,0.19999909400939941,214.22619938850403,454920,0.5000175855095401,0.9689610223211034,0.8463499179355357,0.8058252427184466,0.7685185185185185,0.8469387755102041,C1_grid,0.5
fraud_detection,ADASYN,RF,3,5,0.20199894905090332,34.62700080871582,454891,0.49998571086260224,0.9749167978747344,0.7810956170680144,0.2650231124807396,0.1560798548094374,0.8775510204081632,C1_grid,0.5
fraud_detection,ADASYN,LGBM,3,5,0.20199894905090332,0.845001220703125,454891,0.49998571086260224,0.9695368782899968,0.7719038364217795,0.2824675324675325,0.16795366795366795,0.8877551020408163,C1_grid,0.5
fraud_detection,ADASYN,MLP,3,5,0.20199894905090332,296.0853316783905,454891,0.49998571086260224,0.9537312559689651,0.8049484055416726,0.7239819004524887,0.6504065040650406,0.8163265306122449,C1_grid,0.5
fraud_detection,ADASYN,RF,4,5,0.19999980926513672,34.632999897003174,454896,0.49999120678133024,0.9848692902059264,0.6982805556293736,0.18376068376068375,0.1026252983293556,0.8775510204081632,C1_grid,0.5
fraud_detection,ADASYN,LGBM,4,5,0.19999980926513672,0.8050000667572021,454896,0.49999120678133024,0.9845882710575041,0.7171664089104852,0.2178988326848249,0.12481426448736999,0.8571428571428571,C1_grid,0.5
fraud_detection,ADASYN,MLP,4,5,0.19999980926513672,464.07400035858154,454896,0.49999120678133024,0.9611346569825723,0.769859843137225,0.6723404255319149,0.5766423357664233,0.8061224489795918,C1_grid,0.5
fraud_detection,G-SMOTE,RF,0,5,1.0629985332489014,22.558000564575195,284314,0.19999718620961332,0.9850615612182888,0.808786879994189,0.6974789915966385,0.5971223021582733,0.8383838383838383,C1_grid,0.2
fraud_detection,G-SMOTE,LGBM,0,5,1.0629985332489014,0.567000150680542,284314,0.19999718620961332,0.9822498235613971,0.7368483837989946,0.48710601719197705,0.34,0.8585858585858586,C1_grid,0.2
fraud_detection,G-SMOTE,MLP,0,5,1.0629985332489014,226.03218960762024,284314,0.19999718620961332,0.9335608516446672,0.8193161854976071,0.7766990291262135,0.7476635514018691,0.8080808080808081,C1_grid,0.2
fraud_detection,G-SMOTE,RF,1,5,0.8119995594024658,21.635000228881836,284315,0.2,0.9808062511402117,0.8618267047091251,0.7154471544715447,0.5986394557823129,0.8888888888888888,C1_grid,0.2
fraud_detection,G-SMOTE,LGBM,1,5,0.8119995594024658,0.6300027370452881,284315,0.2,0.970097453795113,0.7700985518191542,0.5013927576601671,0.34615384615384615,0.9090909090909091,C1_grid,0.2
fraud_detection,G-SMOTE,MLP,1,5,0.8119995594024658,240.55800008773804,284315,0.2,0.9687226271472618,0.8698825715758549,0.8292682926829269,0.8018867924528302,0.8585858585858586,C1_grid,0.2
fraud_detection,G-SMOTE,RF,2,5,0.7440431118011475,22.05146837234497,284315,0.2,0.9941838367691483,0.8443078101348587,0.6693227091633467,0.5490196078431373,0.8571428571428571,C1_grid,0.2
fraud_detection,G-SMOTE,LGBM,2,5,0.7440431118011475,0.6130025386810303,284315,0.2,0.9915822562428063,0.7691832727258134,0.45789473684210524,0.30851063829787234,0.8877551020408163,C1_grid,0.2
fraud_detection,G-SMOTE,MLP,2,5,0.7440431118011475,261.23300099372864,284315,0.2,0.971916389086982,0.8312904947767772,0.7922705314009661,0.7522935779816514,0.8367346938775511,C1_grid,0.2
fraud_detection,G-SMOTE,RF,3,5,1.1941437721252441,22.03696084022522,284316,0.20000281377059329,0.9810583044747364,0.8202359183222521,0.7012987012987013,0.6090225563909775,0.826530612244898,C1_grid,0.2
fraud_detection,G-SMOTE,LGBM,3,5,1.1941437721252441,0.6270008087158203,284316,0.20000281377059329,0.9707319274719367,0.7753178932427495,0.47752808988764045,0.32945736434108525,0.8673469387755102,C1_grid,0.2
fraud_detection,G-SMOTE,MLP,3,5,1.1941437721252441,205.12237405776978,284316,0.20000281377059329,0.9577841406861534,0.829106877410051,0.8556149732620321,0.898876404494382,0.8163265306122449,C1_grid,0.2
fraud_detection,G-SMOTE,RF,4,5,0.9969980716705322,21.933000326156616,284315,0.2,0.9859547849880503,0.8000514702178491,0.6774193548387096,0.56,0.8571428571428571,C1_grid,0.2
fraud_detection,G-SMOTE,LGBM,4,5,0.9969980716705322,0.6330001354217529,284315,0.2,0.9829875745032727,0.7321145571965035,0.4732394366197183,0.32684824902723736,0.8571428571428571,C1_grid,0.2
fraud_detection,G-SMOTE,MLP,4,5,0.9969980716705322,169.74499988555908,284315,0.2,0.9513391836519354,0.7916803575142746,0.7614213197969544,0.7575757575757576,0.7653061224489796,C1_grid,0.2
fraud_detection,G-SMOTE,RF,0,5,1.0300023555755615,24.903997898101807,324930,0.2999969224140584,0.9847407476093969,0.8105102877753289,0.6857142857142857,0.5753424657534246,0.8484848484848485,C1_grid,0.3
fraud_detection,G-SMOTE,LGBM,0,5,1.0300023555755615,0.6220004558563232,324930,0.2999969224140584,0.9825396393991088,0.7343988146995007,0.46703296703296704,0.32075471698113206,0.8585858585858586,C1_grid,0.3
fraud_detection,G-SMOTE,MLP,0,5,1.0300023555755615,172.19069123268127,324930,0.2999969224140584,0.9463639081492519,0.7877168858340329,0.7745098039215685,0.7523809523809524,0.797979797979798,C1_grid,0.3
fraud_detection,G-SMOTE,RF,1,5,0.8149983882904053,25.417999744415283,324931,0.299999076727059,0.9787447661284779,0.8584343371965004,0.7183673469387755,0.6027397260273972,0.8888888888888888,C1_grid,0.3
fraud_detection,G-SMOTE,LGBM,1,5,0.8149983882904053,0.6610000133514404,324931,0.299999076727059,0.9701462153320127,0.7683384160691551,0.5056179775280899,0.35019455252918286,0.9090909090909091,C1_grid,0.3
fraud_detection,G-SMOTE,MLP,1,5,0.8149983882904053,166.4372580051422,324931,0.299999076727059,0.9717236377278935,0.878810988718377,0.8686868686868688,0.8686868686868687,0.8686868686868687,C1_grid,0.3
fraud_detection,G-SMOTE,RF,2,5,0.7220015525817871,25.634000301361084,324931,0.299999076727059,0.9938708754697559,0.8408276949903056,0.674698795180723,0.5562913907284768,0.8571428571428571,C1_grid,0.3
fraud_detection,G-SMOTE,LGBM,2,5,0.7220015525817871,0.6480000019073486,324931,0.299999076727059,0.9912480300844816,0.7565945398001582,0.44501278772378516,0.29692832764505117,0.8877551020408163,C1_grid,0.3
fraud_detection,G-SMOTE,MLP,2,5,0.7220015525817871,167.3797025680542,324931,0.299999076727059,0.9714399485767259,0.8385275353257762,0.801980198019802,0.7788461538461539,0.826530612244898,C1_grid,0.3
fraud_detection,G-SMOTE,RF,3,5,1.233997106552124,24.757999897003174,324931,0.299999076727059,0.9737356560899865,0.8155539907191652,0.7074235807860263,0.6183206106870229,0.826530612244898,C1_grid,0.3
fraud_detection,G-SMOTE,LGBM,3,5,1.233997106552124,0.6509997844696045,324931,0.299999076727059,0.970188282829443,0.7751478264259972,0.49404761904761907,0.3487394957983193,0.8469387755102041,C1_grid,0.3
fraud_detection,G-SMOTE,MLP,3,5,1.233997106552124,156.71993970870972,324931,0.299999076727059,0.9620663628692953,0.8255344960813036,0.8272251308900525,0.8494623655913979,0.8061224489795918,C1_grid,0.3
fraud_detection,G-SMOTE,RF,4,5,1.0260002613067627,25.553001403808594,324931,0.299999076727059,0.9866885572089307,0.7890281594079205,0.6774193548387096,0.56,0.8571428571428571,C1_grid,0.3
fraud_detection,G-SMOTE,LGBM,4,5,1.0260002613067627,0.6450002193450928,324931,0.299999076727059,0.9846629223766252,0.7383572952127384,0.448,0.30324909747292417,0.8571428571428571,C1_grid,0.3
fraud_detection,G-SMOTE,MLP,4,5,1.0260002613067627,185.20118594169617,324931,0.299999076727059,0.9557446881817989,0.7865656933040505,0.7812500000000001,0.7978723404255319,0.7653061224489796,C1_grid,0.3
fraud_detection,G-SMOTE,RF,0,5,1.0679996013641357,29.155999898910522,379087,0.40000052758337795,0.9864197787451925,0.8113111248613261,0.7058823529411765,0.60431654676259,0.8484848484848485,C1_grid,0.4
fraud_detection,G-SMOTE,LGBM,0,5,1.0679996013641357,0.676999568939209,379087,0.40000052758337795,0.9845075093655015,0.7334575176980257,0.4712328767123288,0.3233082706766917,0.8686868686868687,C1_grid,0.4
fraud_detection,G-SMOTE,MLP,0,5,1.0679996013641357,250.31349110603333,379087,0.40000052758337795,0.9452110397540643,0.7725663300581959,0.8085106382978724,0.8539325842696629,0.7676767676767676,C1_grid,0.4
fraud_detection,G-SMOTE,RF,1,5,0.8340001106262207,30.24229145050049,379086,0.3999989448304606,0.9808005667351816,0.8626732724101493,0.689922480620155,0.559748427672956,0.898989898989899,C1_grid,0.4
fraud_detection,G-SMOTE,LGBM,1,5,0.8340001106262207,0.73699951171875,379086,0.3999989448304606,0.9727505610241308,0.7683019312208051,0.5070422535211268,0.3515625,0.9090909090909091,C1_grid,0.4
fraud_detection,G-SMOTE,MLP,1,5,0.8340001106262207,383.57400131225586,379086,0.3999989448304606,0.968676974269363,0.8648887796774989,0.8200000000000001,0.8118811881188119,0.8282828282828283,C1_grid,0.4
fraud_detection,G-SMOTE,RF,2,5,0.7789983749389648,30.319671392440796,379087,0.40000052758337795,0.9938313964067593,0.8408506708065392,0.65625,0.5316455696202531,0.8571428571428571,C1_grid,0.4
fraud_detection,G-SMOTE,LGBM,2,5,0.7789983749389648,0.6850004196166992,379087,0.40000052758337795,0.9926550997797426,0.7592410495167266,0.46486486486486484,0.3161764705882353,0.8775510204081632,C1_grid,0.4
fraud_detection,G-SMOTE,MLP,2,5,0.7789983749389648,146.45968508720398,379087,0.40000052758337795,0.9765156999261024,0.846119084603818,0.8200000000000001,0.803921568627451,0.8367346938775511,C1_grid,0.4
fraud_detection,G-SMOTE,RF,3,5,1.2255072593688965,29.423551082611084,379085,0.39999736206919295,0.9744956280526736,0.8160539186908505,0.6893617021276597,0.5912408759124088,0.826530612244898,C1_grid,0.4
fraud_detection,G-SMOTE,LGBM,3,5,1.2255072593688965,0.7239999771118164,379085,0.39999736206919295,0.9687133809259418,0.774224170360437,0.49132947976878605,0.34274193548387094,0.8673469387755102,C1_grid,0.4
fraud_detection,G-SMOTE,MLP,3,5,1.2255072593688965,319.61300110816956,379085,0.39999736206919295,0.9567225127921136,0.8247219709887236,0.8387096774193548,0.8863636363636364,0.7959183673469388,C1_grid,0.4
fraud_detection,G-SMOTE,RF,4,5,1.0369980335235596,29.975069046020508,379086,0.3999989448304606,0.9876163151893541,0.7931189009232843,0.6639999999999999,0.5460526315789473,0.8469387755102041,C1_grid,0.4
fraud_detection,G-SMOTE,LGBM,4,5,1.0369980335235596,0.7089970111846924,379086,0.3999989448304606,0.984394285297961,0.7386108379561106,0.45776566757493187,0.31226765799256506,0.8571428571428571,C1_grid,0.4
fraud_detection,G-SMOTE,MLP,4,5,1.0369980335235596,236.29701948165894,379086,0.3999989448304606,0.9539564660783328,0.8011602876735434,0.7272727272727272,0.6846846846846847,0.7755102040816326,C1_grid,0.4
fraud_detection,G-SMOTE,RF,0,5,1.1312012672424316,36.57896018028259,454904,0.5,0.9849974340240418,0.8043254916139346,0.702928870292887,0.6,0.8484848484848485,C1_grid,0.5
fraud_detection,G-SMOTE,LGBM,0,5,1.1312012672424316,0.7590000629425049,454904,0.5,0.9800361918962767,0.7384235871753954,0.45866666666666667,0.3115942028985507,0.8686868686868687,C1_grid,0.5
fraud_detection,G-SMOTE,MLP,0,5,1.1312012672424316,501.59300088882446,454904,0.5,0.9539920244244673,0.7910954507126363,0.7959183673469388,0.8041237113402062,0.7878787878787878,C1_grid,0.5
fraud_detection,G-SMOTE,RF,1,5,0.8899984359741211,37.39700984954834,454904,0.5,0.9793032589226951,0.8604046389572344,0.6926070038910506,0.5632911392405063,0.898989898989899,C1_grid,0.5
fraud_detection,G-SMOTE,LGBM,1,5,0.8899984359741211,0.751000165939331,454904,0.5,0.9724752226554805,0.7692929882319248,0.4838709677419355,0.32967032967032966,0.9090909090909091,C1_grid,0.5
fraud_detection,G-SMOTE,MLP,1,5,0.8899984359741211,344.69401836395264,454904,0.5,0.970487457271482,0.86841605577157,0.823529411764706,0.8,0.8484848484848485,C1_grid,0.5
fraud_detection,G-SMOTE,RF,2,5,0.818997859954834,36.728999614715576,454904,0.5,0.9937858160340266,0.8368660677253461,0.6693227091633467,0.5490196078431373,0.8571428571428571,C1_grid,0.5
fraud_detection,G-SMOTE,LGBM,2,5,0.818997859954834,0.7869994640350342,454904,0.5,0.990229649709452,0.7682309848529052,0.4652406417112299,0.31521739130434784,0.8877551020408163,C1_grid,0.5
fraud_detection,G-SMOTE,MLP,2,5,0.818997859954834,220.32200074195862,454904,0.5,0.9677089976732476,0.8341296165987382,0.7902439024390243,0.7570093457943925,0.826530612244898,C1_grid,0.5
fraud_detection,G-SMOTE,RF,3,5,1.2889997959136963,35.843000650405884,454903,0.49999890086457993,0.9737959513861997,0.8170402913664322,0.7168141592920354,0.6328125,0.826530612244898,C1_grid,0.5
fraud_detection,G-SMOTE,LGBM,3,5,1.2889997959136963,0.8299984931945801,454903,0.49999890086457993,0.9694834021046648,0.7829312914914117,0.4709141274238227,0.3231939163498099,0.8673469387755102,C1_grid,0.5
fraud_detection,G-SMOTE,MLP,3,5,1.2889997959136963,308.79000067710876,454903,0.49999890086457993,0.9529608758896697,0.8448568967219793,0.837696335078534,0.8602150537634409,0.8163265306122449,C1_grid,0.5
fraud_detection,G-SMOTE,RF,4,5,1.0929982662200928,37.311002254486084,454905,0.5000010991305877,0.9843120073416701,0.796763994566725,0.6857142857142857,0.5714285714285714,0.8571428571428571,C1_grid,0.5
fraud_detection,G-SMOTE,LGBM,4,5,1.0929982662200928,0.8000001907348633,454905,0.5000010991305877,0.9835235925085966,0.7398997916684432,0.44619422572178485,0.3003533568904594,0.8673469387755102,C1_grid,0.5
fraud_detection,G-SMOTE,MLP,4,5,1.0929982662200928,364.89700150489807,454905,0.5000010991305877,0.9558074957820211,0.7980390168929339,0.7638190954773869,0.7524752475247525,0.7755102040816326,C1_grid,0.5
fraud_detection,CTGAN,RF,0,5,6.81600022315979,23.751998901367188,284315,0.2,0.9729017306704028,0.7888169543865112,0.7881773399014778,0.7692307692307693,0.8080808080808081,C1_grid,0.2
fraud_detection,CTGAN,LGBM,0,5,6.81600022315979,0.4799997806549072,284315,0.2,0.9808941817805227,0.786802298448806,0.7881773399014778,0.7692307692307693,0.8080808080808081,C1_grid,0.2
fraud_detection,CTGAN,MLP,0,5,6.81600022315979,145.16241073608398,284315,0.2,0.967333145392692,0.7930134615055064,0.819672131147541,0.8928571428571429,0.7575757575757576,C1_grid,0.2
fraud_detection,CTGAN,RF,1,5,6.379002571105957,22.22299885749817,284315,0.2,0.9710139752874043,0.8557877523839944,0.8426395939086294,0.8469387755102041,0.8383838383838383,C1_grid,0.2
fraud_detection,CTGAN,LGBM,1,5,6.379002571105957,0.48400020599365234,284315,0.2,0.9759033629828349,0.8712569296937601,0.8229665071770336,0.7818181818181819,0.8686868686868687,C1_grid,0.2
fraud_detection,CTGAN,MLP,1,5,6.379002571105957,269.15199971199036,284315,0.2,0.9638180514321414,0.8461868313188821,0.7601809954751131,0.6885245901639344,0.8484848484848485,C1_grid,0.2
fraud_detection,CTGAN,RF,2,5,7.025999069213867,23.670000553131104,284315,0.2,0.9869409540366805,0.8402351445167384,0.826530612244898,0.826530612244898,0.826530612244898,C1_grid,0.2
fraud_detection,CTGAN,LGBM,2,5,7.025999069213867,0.47500109672546387,284315,0.2,0.9708470448306294,0.837933367206361,0.8159203980099503,0.7961165048543689,0.8367346938775511,C1_grid,0.2
fraud_detection,CTGAN,MLP,2,5,7.025999069213867,211.19998383522034,284315,0.2,0.9540960784011122,0.8349501617334639,0.8255813953488371,0.9594594594594594,0.7244897959183674,C1_grid,0.2
fraud_detection,CTGAN,RF,3,5,7.25199818611145,23.34000015258789,284315,0.2,0.9585361271110979,0.8232014709143475,0.8205128205128205,0.8247422680412371,0.8163265306122449,C1_grid,0.2
fraud_detection,CTGAN,LGBM,3,5,7.25199818611145,0.4720027446746826,284315,0.2,0.9579768702936919,0.8105136158021974,0.7902439024390243,0.7570093457943925,0.826530612244898,C1_grid,0.2
fraud_detection,CTGAN,MLP,3,5,7.25199818611145,138.50301218032837,284315,0.2,0.9605056837289195,0.8469184181052208,0.8461538461538461,0.9166666666666666,0.7857142857142857,C1_grid,0.2
fraud_detection,CTGAN,RF,4,5,7.225000381469727,23.209999561309814,284315,0.2,0.9745988119673242,0.7951078660065962,0.8181818181818183,0.81,0.826530612244898,C1_grid,0.2
fraud_detection,CTGAN,LGBM,4,5,7.225000381469727,0.4960007667541504,284315,0.2,0.9581587431589066,0.7890584692449877,0.8080808080808082,0.8,0.8163265306122449,C1_grid,0.2
fraud_detection,CTGAN,MLP,4,5,7.225000381469727,158.12012219429016,284315,0.2,0.9512160807555001,0.8207857071279495,0.8041237113402061,0.8125,0.7959183673469388,C1_grid,0.2
fraud_detection,CTGAN,RF,0,5,7.647001028060913,26.829999685287476,324931,0.299999076727059,0.961497126622076,0.7735902924456249,0.7839195979899497,0.78,0.7878787878787878,C1_grid,0.3
fraud_detection,CTGAN,LGBM,0,5,7.647001028060913,0.5270001888275146,324931,0.299999076727059,0.9562475785766855,0.7482391666960724,0.7860696517412936,0.7745098039215687,0.797979797979798,C1_grid,0.3
fraud_detection,CTGAN,MLP,0,5,7.647001028060913,126.45931553840637,324931,0.299999076727059,0.9695964267829981,0.7994527873825563,0.8087431693989071,0.8809523809523809,0.7474747474747475,C1_grid,0.3
fraud_detection,CTGAN,RF,1,5,7.716998100280762,26.27000069618225,324931,0.299999076727059,0.9716800276830524,0.8472425750673719,0.8453608247422681,0.8631578947368421,0.8282828282828283,C1_grid,0.3
fraud_detection,CTGAN,LGBM,1,5,7.716998100280762,0.5379981994628906,324931,0.299999076727059,0.9812817871485195,0.8496025764570179,0.8469387755102041,0.8556701030927835,0.8383838383838383,C1_grid,0.3
fraud_detection,CTGAN,MLP,1,5,7.716998100280762,148.34800028800964,324931,0.299999076727059,0.9748637385941081,0.8825107760728258,0.8686868686868688,0.8686868686868687,0.8686868686868687,C1_grid,0.3
fraud_detection,CTGAN,RF,2,5,7.46299934387207,27.349000692367554,324931,0.299999076727059,0.975637380499568,0.8491381991484032,0.8241206030150754,0.8118811881188119,0.8367346938775511,C1_grid,0.3
fraud_detection,CTGAN,LGBM,2,5,7.46299934387207,0.5369985103607178,324931,0.299999076727059,0.9688363043720911,0.8159139082571499,0.8497409326424872,0.8631578947368421,0.8367346938775511,C1_grid,0.3
fraud_detection,CTGAN,MLP,2,5,7.46299934387207,59.359493017196655,324931,0.299999076727059,0.9860963712639795,0.8681650243064093,0.8379888268156425,0.9259259259259259,0.7653061224489796,C1_grid,0.3
fraud_detection,CTGAN,RF,3,5,7.519249439239502,26.19300103187561,324931,0.299999076727059,0.9582402135889088,0.8268816014397795,0.8102564102564104,0.8144329896907216,0.8061224489795918,C1_grid,0.3
fraud_detection,CTGAN,LGBM,3,5,7.519249439239502,0.5301189422607422,324931,0.299999076727059,0.9675680394733206,0.8281806776523177,0.8121827411167513,0.8080808080808081,0.8163265306122449,C1_grid,0.3
fraud_detection,CTGAN,MLP,3,5,7.519249439239502,91.2272880077362,324931,0.299999076727059,0.9575417033492961,0.8002637081438896,0.75,0.8461538461538461,0.673469387755102,C1_grid,0.3
fraud_detection,CTGAN,RF,4,5,7.565998077392578,27.546061992645264,324931,0.299999076727059,0.9572797059312268,0.7831207979348155,0.8223350253807107,0.8181818181818182,0.826530612244898,C1_grid,0.3
fraud_detection,CTGAN,LGBM,4,5,7.565998077392578,0.5600025653839111,324931,0.299999076727059,0.9436940631026166,0.7907624598032256,0.7843137254901962,0.7547169811320755,0.8163265306122449,C1_grid,0.3
fraud_detection,CTGAN,MLP,4,5,7.565998077392578,60.46218752861023,324931,0.299999076727059,0.9648801433592449,0.8327798074326241,0.8210526315789473,0.8478260869565217,0.7959183673469388,C1_grid,0.3
fraud_detection,CTGAN,RF,0,5,8.686999559402466,31.882003784179688,379086,0.3999989448304606,0.958327182629453,0.7339628501624199,0.7821782178217821,0.7669902912621359,0.797979797979798,C1_grid,0.4
fraud_detection,CTGAN,LGBM,0,5,8.686999559402466,0.5910003185272217,379086,0.3999989448304606,0.9625478533643773,0.74935613313177,0.766990291262136,0.7383177570093458,0.797979797979798,C1_grid,0.4
fraud_detection,CTGAN,MLP,0,5,8.686999559402466,82.6870002746582,379086,0.3999989448304606,0.9556817138196946,0.8209149505609296,0.8216216216216217,0.8837209302325582,0.7676767676767676,C1_grid,0.4
fraud_detection,CTGAN,RF,1,5,8.796998023986816,31.895000457763672,379086,0.3999989448304606,0.9750240565797255,0.8421100914137771,0.8290155440414508,0.851063829787234,0.8080808080808081,C1_grid,0.4
fraud_detection,CTGAN,LGBM,1,5,8.796998023986816,0.5920002460479736,379086,0.3999989448304606,0.9695769754595353,0.8770876247681552,0.8556149732620321,0.9090909090909091,0.8080808080808081,C1_grid,0.4
fraud_detection,CTGAN,MLP,1,5,8.796998023986816,90.36900043487549,379086,0.3999989448304606,0.9750248559491829,0.8836535118782703,0.8666666666666665,0.9629629629629629,0.7878787878787878,C1_grid,0.4
fraud_detection,CTGAN,RF,2,5,8.391999959945679,31.865999937057495,379086,0.3999989448304606,0.9813081889984773,0.8403469210831628,0.8350515463917526,0.84375,0.826530612244898,C1_grid,0.4
fraud_detection,CTGAN,LGBM,2,5,8.391999959945679,0.5639548301696777,379086,0.3999989448304606,0.9583344249892419,0.8461680127423532,0.8541666666666667,0.8723404255319149,0.8367346938775511,C1_grid,0.4
fraud_detection,CTGAN,MLP,2,5,8.391999959945679,142.4086570739746,379086,0.3999989448304606,0.9744313848501609,0.8553844032791564,0.8839779005524863,0.963855421686747,0.8163265306122449,C1_grid,0.4
fraud_detection,CTGAN,RF,3,5,7.836999177932739,32.05500245094299,379086,0.3999989448304606,0.952612293708437,0.8274063421776024,0.8021390374331551,0.8426966292134831,0.7653061224489796,C1_grid,0.4
fraud_detection,CTGAN,LGBM,3,5,7.836999177932739,0.5790011882781982,379086,0.3999989448304606,0.9658979853834153,0.8319748250004226,0.8333333333333334,0.851063829787234,0.8163265306122449,C1_grid,0.4
fraud_detection,CTGAN,MLP,3,5,7.836999177932739,250.12000060081482,379086,0.3999989448304606,0.9559550039173997,0.8411373475303152,0.8128342245989305,0.8539325842696629,0.7755102040816326,C1_grid,0.4
fraud_detection,CTGAN,RF,4,5,7.920539140701294,32.132999897003174,379086,0.3999989448304606,0.965990402280885,0.7825990904009645,0.8099999999999999,0.7941176470588235,0.826530612244898,C1_grid,0.4
fraud_detection,CTGAN,LGBM,4,5,7.920539140701294,0.5809957981109619,379086,0.3999989448304606,0.9557957417882652,0.8235386230181427,0.8241206030150754,0.8118811881188119,0.8367346938775511,C1_grid,0.4
fraud_detection,CTGAN,MLP,4,5,7.920539140701294,97.4970006942749,379086,0.3999989448304606,0.9491111288966283,0.8175299346955965,0.8144329896907215,0.8229166666666666,0.8061224489795918,C1_grid,0.4
fraud_detection,CTGAN,RF,0,5,9.676998853683472,38.76799988746643,454904,0.5,0.9708334066088669,0.7755718477063337,0.7839195979899497,0.78,0.7878787878787878,C1_grid,0.5
fraud_detection,CTGAN,LGBM,0,5,9.676998853683472,0.6499974727630615,454904,0.5,0.9675320107499203,0.787718711924438,0.7959183673469388,0.8041237113402062,0.7878787878787878,C1_grid,0.5
fraud_detection,CTGAN,MLP,0,5,9.676998853683472,112.07834076881409,454904,0.5,0.9644960943696501,0.7940653554728572,0.8148148148148148,0.8555555555555555,0.7777777777777778,C1_grid,0.5
fraud_detection,CTGAN,RF,1,5,9.602999925613403,40.11351251602173,454904,0.5,0.9574503631535445,0.8409768365884679,0.839378238341969,0.8617021276595744,0.8181818181818182,C1_grid,0.5
fraud_detection,CTGAN,LGBM,1,5,9.602999925613403,0.6409986019134521,454904,0.5,0.9717188415111493,0.8624337541678402,0.8469387755102041,0.8556701030927835,0.8383838383838383,C1_grid,0.5
fraud_detection,CTGAN,MLP,1,5,9.602999925613403,376.53300046920776,454904,0.5,0.9730440184338149,0.8850869581912852,0.8804347826086957,0.9529411764705882,0.8181818181818182,C1_grid,0.5
fraud_detection,CTGAN,RF,2,5,10.129262685775757,39.4060001373291,454904,0.5,0.9850727868306459,0.8177106750232025,0.8350515463917526,0.84375,0.826530612244898,C1_grid,0.5
fraud_detection,CTGAN,LGBM,2,5,10.129262685775757,0.6420001983642578,454904,0.5,0.9664002667349056,0.8279163162400461,0.8631578947368421,0.8913043478260869,0.8367346938775511,C1_grid,0.5
fraud_detection,CTGAN,MLP,2,5,10.129262685775757,108.24313712120056,454904,0.5,0.9806620782424782,0.8511946114737698,0.8481675392670157,0.8709677419354839,0.826530612244898,C1_grid,0.5
fraud_detection,CTGAN,RF,3,5,9.443999528884888,39.330000162124634,454904,0.5,0.9677182393629945,0.8029114918073865,0.8229166666666666,0.8404255319148937,0.8061224489795918,C1_grid,0.5
fraud_detection,CTGAN,LGBM,3,5,9.443999528884888,0.646998405456543,454904,0.5,0.9584010010454774,0.8217229991007969,0.8144329896907215,0.8229166666666666,0.8061224489795918,C1_grid,0.5
fraud_detection,CTGAN,MLP,3,5,9.443999528884888,142.28398299217224,454904,0.5,0.971816076376913,0.8492253286969224,0.8571428571428572,0.9285714285714286,0.7959183673469388,C1_grid,0.5
fraud_detection,CTGAN,RF,4,5,9.570000171661377,38.637999534606934,454904,0.5,0.9629969920543002,0.7848100828118418,0.8223350253807107,0.8181818181818182,0.826530612244898,C1_grid,0.5
fraud_detection,CTGAN,LGBM,4,5,9.570000171661377,0.6650030612945557,454904,0.5,0.9545979111268866,0.7800136375949008,0.84375,0.8617021276595744,0.826530612244898,C1_grid,0.5
fraud_detection,CTGAN,MLP,4,5,9.570000171661377,108.74809861183167,454904,0.5,0.9588606629539598,0.8368639457292388,0.8465608465608465,0.8791208791208791,0.8163265306122449,C1_grid,0.5
fraud_detection,TVAE,RF,0,5,5.3269994258880615,22.997000217437744,284315,0.2,0.9757560125461925,0.7700404745662598,0.7804878048780488,0.7547169811320755,0.8080808080808081,C1_grid,0.2
fraud_detection,TVAE,LGBM,0,5,5.3269994258880615,0.47499990463256836,284315,0.2,0.9766028112580353,0.7424428865688378,0.732394366197183,0.6842105263157895,0.7878787878787878,C1_grid,0.2
fraud_detection,TVAE,MLP,0,5,5.3269994258880615,155.3662109375,284315,0.2,0.9689254893517771,0.8097482967845137,0.8148148148148148,0.8555555555555555,0.7777777777777778,C1_grid,0.2
fraud_detection,TVAE,RF,1,5,5.291999816894531,23.33200430870056,284315,0.2,0.9746344083786709,0.8666474465094137,0.875,0.9032258064516129,0.8484848484848485,C1_grid,0.2
fraud_detection,TVAE,LGBM,1,5,5.291999816894531,0.5060009956359863,284315,0.2,0.9698079932327158,0.8658081098046525,0.8358208955223881,0.8235294117647058,0.8484848484848485,C1_grid,0.2
fraud_detection,TVAE,MLP,1,5,5.291999816894531,124.81738567352295,284315,0.2,0.9638404337769477,0.8679200019623937,0.8648648648648648,0.9302325581395349,0.8080808080808081,C1_grid,0.2
fraud_detection,TVAE,RF,2,5,5.394474983215332,22.94800114631653,284315,0.2,0.9845809135957638,0.8410568416633291,0.8159203980099503,0.7961165048543689,0.8367346938775511,C1_grid,0.2
fraud_detection,TVAE,LGBM,2,5,5.394474983215332,0.5159993171691895,284315,0.2,0.9853463587921847,0.8342587709227101,0.7864077669902914,0.75,0.826530612244898,C1_grid,0.2
fraud_detection,TVAE,MLP,2,5,5.394474983215332,116.57745289802551,284315,0.2,0.972219839521198,0.8352023529624184,0.8449197860962567,0.8876404494382022,0.8061224489795918,C1_grid,0.2
fraud_detection,TVAE,RF,3,5,5.598998069763184,23.37800145149231,284315,0.2,0.9565523041955117,0.847801496617242,0.7813953488372092,0.717948717948718,0.8571428571428571,C1_grid,0.2
fraud_detection,TVAE,LGBM,3,5,5.598998069763184,0.5280015468597412,284315,0.2,0.9648710811197841,0.7945055994660268,0.6952789699570816,0.6,0.826530612244898,C1_grid,0.2
fraud_detection,TVAE,MLP,3,5,5.598998069763184,239.13747310638428,284315,0.2,0.9566241740351945,0.8402784153532823,0.8342245989304812,0.8764044943820225,0.7959183673469388,C1_grid,0.2
fraud_detection,TVAE,RF,4,5,5.4569995403289795,24.162998914718628,284315,0.2,0.9642402236381249,0.7653802262783435,0.814070351758794,0.801980198019802,0.826530612244898,C1_grid,0.2
fraud_detection,TVAE,LGBM,4,5,5.4569995403289795,0.5009994506835938,284315,0.2,0.9660468393959417,0.7372911396216698,0.7605633802816901,0.7043478260869566,0.826530612244898,C1_grid,0.2
fraud_detection,TVAE,MLP,4,5,5.4569995403289795,250.1246621608734,284315,0.2,0.9608486132261321,0.8039550653742623,0.7978723404255319,0.8333333333333334,0.7653061224489796,C1_grid,0.2
fraud_detection,TVAE,RF,0,5,5.568028211593628,27.212000131607056,324931,0.299999076727059,0.9751751374071689,0.7607703916824481,0.7960199004975124,0.7843137254901961,0.8080808080808081,C1_grid,0.3
fraud_detection,TVAE,LGBM,0,5,5.568028211593628,0.5149998664855957,324931,0.299999076727059,0.9670518561625256,0.7210208071678036,0.7378640776699028,0.7102803738317757,0.7676767676767676,C1_grid,0.3
fraud_detection,TVAE,MLP,0,5,5.568028211593628,242.38800072669983,324931,0.299999076727059,0.9603244516281113,0.8083256739588189,0.7977528089887641,0.8987341772151899,0.7171717171717171,C1_grid,0.3
fraud_detection,TVAE,RF,1,5,5.738304376602173,27.101001739501953,324931,0.299999076727059,0.9758604634886223,0.8701222406517071,0.8808290155440415,0.9042553191489362,0.8585858585858586,C1_grid,0.3
fraud_detection,TVAE,LGBM,1,5,5.738304376602173,0.554999828338623,324931,0.299999076727059,0.9705878225477966,0.8558528311560532,0.823529411764706,0.8,0.8484848484848485,C1_grid,0.3
fraud_detection,TVAE,MLP,1,5,5.738304376602173,249.78250980377197,324931,0.299999076727059,0.9716808270525099,0.854504606807744,0.8723404255319148,0.9213483146067416,0.8282828282828283,C1_grid,0.3
fraud_detection,TVAE,RF,2,5,5.52199912071228,27.212000370025635,324931,0.299999076727059,0.9855190796927954,0.8517163510683116,0.8258706467661691,0.8058252427184466,0.8469387755102041,C1_grid,0.3
fraud_detection,TVAE,LGBM,2,5,5.52199912071228,0.5439999103546143,324931,0.299999076727059,0.9882611697933485,0.8324547275699585,0.8058252427184466,0.7685185185185185,0.8469387755102041,C1_grid,0.3
fraud_detection,TVAE,MLP,2,5,5.52199912071228,239.9700963497162,324931,0.299999076727059,0.949058370512442,0.8363602189700121,0.870967741935484,0.9204545454545454,0.826530612244898,C1_grid,0.3
fraud_detection,TVAE,RF,3,5,5.70999813079834,27.257002115249634,324931,0.299999076727059,0.9626803520240377,0.8461802090638927,0.8019323671497586,0.7614678899082569,0.8469387755102041,C1_grid,0.3
fraud_detection,TVAE,LGBM,3,5,5.70999813079834,0.5610008239746094,324931,0.299999076727059,0.9671894890942678,0.8104483797854724,0.7547169811320754,0.7017543859649122,0.8163265306122449,C1_grid,0.3
fraud_detection,TVAE,MLP,3,5,5.70999813079834,232.87693905830383,324931,0.299999076727059,0.9581206099730575,0.8359809647360074,0.854054054054054,0.9080459770114943,0.8061224489795918,C1_grid,0.3
fraud_detection,TVAE,RF,4,5,5.768997669219971,27.205000400543213,324931,0.299999076727059,0.9615181422444996,0.7654093595576682,0.8223350253807107,0.8181818181818182,0.826530612244898,C1_grid,0.3
fraud_detection,TVAE,LGBM,4,5,5.768997669219971,0.5430002212524414,324931,0.299999076727059,0.9696876165305296,0.7388691908104488,0.7902439024390243,0.7570093457943925,0.826530612244898,C1_grid,0.3
fraud_detection,TVAE,MLP,4,5,5.768997669219971,128.4768090248108,324931,0.299999076727059,0.9651923868574918,0.7777952114666293,0.7419354838709677,0.7840909090909091,0.7040816326530612,C1_grid,0.3
fraud_detection,TVAE,RF,0,5,5.949998140335083,33.03661823272705,379086,0.3999989448304606,0.9710524338401869,0.7590600323758777,0.7804878048780488,0.7547169811320755,0.8080808080808081,C1_grid,0.4
fraud_detection,TVAE,LGBM,0,5,5.949998140335083,0.608999490737915,379086,0.3999989448304606,0.9640575069940387,0.7166594453184363,0.7475728155339805,0.719626168224299,0.7777777777777778,C1_grid,0.4
fraud_detection,TVAE,MLP,0,5,5.949998140335083,126.90752744674683,379086,0.3999989448304606,0.9676271357153478,0.8122666675236596,0.7897435897435898,0.8020833333333334,0.7777777777777778,C1_grid,0.4
fraud_detection,TVAE,RF,1,5,5.7949981689453125,32.50255250930786,379086,0.3999989448304606,0.9756862009469154,0.8639885418831377,0.875,0.9032258064516129,0.8484848484848485,C1_grid,0.4
fraud_detection,TVAE,LGBM,1,5,5.7949981689453125,0.6370000839233398,379086,0.3999989448304606,0.9660776912504749,0.8574321693205258,0.83,0.8217821782178217,0.8383838383838383,C1_grid,0.4
fraud_detection,TVAE,MLP,1,5,5.7949981689453125,139.5380003452301,379086,0.3999989448304606,0.9787508058088223,0.8594268487833336,0.8121827411167513,0.8163265306122449,0.8080808080808081,C1_grid,0.4
fraud_detection,TVAE,RF,2,5,6.146538257598877,32.61099982261658,379086,0.3999989448304606,0.9834830367438817,0.8502651836015809,0.8324873096446701,0.8282828282828283,0.8367346938775511,C1_grid,0.4
fraud_detection,TVAE,LGBM,2,5,6.146538257598877,0.6039993762969971,379086,0.3999989448304606,0.9841845976383625,0.7982137566563061,0.7772511848341233,0.7256637168141593,0.8367346938775511,C1_grid,0.4
fraud_detection,TVAE,MLP,2,5,6.146538257598877,246.55359554290771,379086,0.3999989448304606,0.9722390407018372,0.8460782437900245,0.8700564971751412,0.9746835443037974,0.7857142857142857,C1_grid,0.4
fraud_detection,TVAE,RF,3,5,6.034999370574951,32.80800008773804,379086,0.3999989448304606,0.9642217402586309,0.8412811256482083,0.7663551401869159,0.7068965517241379,0.8367346938775511,C1_grid,0.4
fraud_detection,TVAE,LGBM,3,5,6.034999370574951,0.6219584941864014,379086,0.3999989448304606,0.9603528818100935,0.7984333998233881,0.7214611872146119,0.6528925619834711,0.8061224489795918,C1_grid,0.4
fraud_detection,TVAE,MLP,3,5,6.034999370574951,369.18799924850464,379086,0.3999989448304606,0.9514728741152653,0.8329006238997118,0.8229166666666666,0.8404255319148937,0.8061224489795918,C1_grid,0.4
fraud_detection,TVAE,RF,4,5,5.952680587768555,32.96299910545349,379086,0.3999989448304606,0.9610162197935819,0.7629518405334913,0.826530612244898,0.826530612244898,0.826530612244898,C1_grid,0.4
fraud_detection,TVAE,LGBM,4,5,5.952680587768555,0.5930006504058838,379086,0.3999989448304606,0.9588881188477711,0.7271505948788702,0.7864077669902914,0.75,0.826530612244898,C1_grid,0.4
fraud_detection,TVAE,MLP,4,5,5.952680587768555,202.90228176116943,379086,0.3999989448304606,0.9576326846444749,0.7990602479650664,0.7979797979797979,0.79,0.8061224489795918,C1_grid,0.4
fraud_detection,TVAE,RF,0,5,6.284999370574951,40.70400047302246,454904,0.5,0.9732830299015692,0.7716057520462789,0.7766990291262135,0.7476635514018691,0.8080808080808081,C1_grid,0.5
fraud_detection,TVAE,LGBM,0,5,6.284999370574951,0.6650002002716064,454904,0.5,0.9613486215406621,0.703899966022598,0.7623762376237624,0.7475728155339806,0.7777777777777778,C1_grid,0.5
fraud_detection,TVAE,MLP,0,5,6.284999370574951,231.1679413318634,454904,0.5,0.9564068307363597,0.8193549248171473,0.8121827411167513,0.8163265306122449,0.8080808080808081,C1_grid,0.5
fraud_detection,TVAE,RF,1,5,6.0819993019104,40.32599997520447,454904,0.5,0.973385970923913,0.8690396128512786,0.8900523560209425,0.9239130434782609,0.8585858585858586,C1_grid,0.5
fraud_detection,TVAE,LGBM,1,5,6.0819993019104,0.6840014457702637,454904,0.5,0.9717199961559211,0.8488839483335762,0.8571428571428571,0.865979381443299,0.8484848484848485,C1_grid,0.5
fraud_detection,TVAE,MLP,1,5,6.0819993019104,219.34400010108948,454904,0.5,0.9751550643519059,0.8572844501728831,0.835978835978836,0.8777777777777778,0.797979797979798,C1_grid,0.5
fraud_detection,TVAE,RF,2,5,6.397504568099976,39.3120002746582,454904,0.5,0.9859422234680061,0.8469607030184917,0.8383838383838385,0.83,0.8469387755102041,C1_grid,0.5
fraud_detection,TVAE,LGBM,2,5,6.397504568099976,0.6950781345367432,454904,0.5,0.9845439468367759,0.8130813959447867,0.8097560975609756,0.7757009345794392,0.8469387755102041,C1_grid,0.5
fraud_detection,TVAE,MLP,2,5,6.397504568099976,170.03600025177002,454904,0.5,0.9747368092375265,0.8531487198897826,0.8756756756756757,0.9310344827586207,0.826530612244898,C1_grid,0.5
fraud_detection,TVAE,RF,3,5,6.367000579833984,40.94699764251709,454904,0.5,0.9577782188267037,0.8407478864409577,0.7884615384615385,0.7454545454545455,0.8367346938775511,C1_grid,0.5
fraud_detection,TVAE,LGBM,3,5,6.367000579833984,0.6949975490570068,454904,0.5,0.966071693260601,0.7938446562554765,0.7809523809523811,0.7321428571428571,0.8367346938775511,C1_grid,0.5
fraud_detection,TVAE,MLP,3,5,6.367000579833984,153.907320022583,454904,0.5,0.9604064477205686,0.8353717468934042,0.8342245989304812,0.8764044943820225,0.7959183673469388,C1_grid,0.5
fraud_detection,TVAE,RF,4,5,6.336999416351318,40.620001792907715,454904,0.5,0.9627348151859445,0.7645288459430848,0.826530612244898,0.826530612244898,0.826530612244898,C1_grid,0.5
fraud_detection,TVAE,LGBM,4,5,6.336999416351318,0.6630003452301025,454904,0.5,0.9550501258484857,0.7272917884146062,0.8020304568527918,0.797979797979798,0.8061224489795918,C1_grid,0.5
fraud_detection,TVAE,MLP,4,5,6.336999416351318,227.5210075378418,454904,0.5,0.9632810618575904,0.7552797759346824,0.7027027027027026,0.7471264367816092,0.6632653061224489,C1_grid,0.5
